example_id,source_poem_id,source_author,source_title,target_author,split,sample_index,generated_poem,model,backend,delta_lines,delta_stanzas,delta_tokens_per_line,delta_lines_per_stanza,log_path,timestamp
825_Славко Јаневски_0,825,Пијан Славеј,НЕКОГАШ ЗАПАЃАМ ВО ДЛАБОКА ЛИРИКА,Славко Јаневски,train,0,"Запаѓив во еден сон длабок,
Улица Гоце стои многу студена.
Светот брзо и далечно замина,
старото време тече, реката тече,
мојата осамена душа загина.

Комшијат Марко офарбал бел ѕид,
бела боја, сјајна тама.
Тој гледа, јас долго стојам,
раката трепере, срцето силно чука,
белата боја капна, земјата прима,
ѕидот седи цврст и студен.

Кирија стои долго неплатена,
горе стар господар гласно вика,
пари јас целосно запоставив,
собата празна, студена ноќ,
тешкиот живот се плаќа.

Лирика умирачки во ноќ се пее,
ебати овој живот тежок и празен,
срцето крши стклена ноќ,
сеќавања бледа, стари слики,
судбина сурова, патока тесна,
целиот свет конечно замолче.

Чаша вино, пијанство диво,
сокол лета кон златна зора,
последни зборови, тешка тага,
цвете падна на влажна земја,
јас конечно заминав.",gemma-4-31b-it,google,0.43,-0.03,-0.35,0.12,/Users/Aleks/Documents/Programming/Python/NLP/data/llm_transfer_logs/2026-09-15T195741.085900+0000__Пијан_Славеј__Славко_Јаневски.json,2026-09-15T19:57:41.085900+00:00
825_Влада Урошевиќ_0,825,Пијан Славеј,НЕКОГАШ ЗАПАЃАМ ВО ДЛАБОКА ЛИРИКА,Влада Урошевиќ,train,0,"Длабок сон плови среде сиви ѕидовите.
Лирика мижи, времето запостави патишта.
Човекот запаѓи во туѓи сенките.
Светот минува, прашина лети над главите.

Сосед офарбал фасада, боја тропа по ѕидот.
Кирија чека, рака не плаќа време.
Гледа умирачки поглед, стакло се крши.
Сфаќа: јас лажам, празна е вистината.
Смрт мижи во агол на собата.

Ебати живот, чаша вино плови низ ноќте.
Пијанство, крик, бавча, ридот молчи кроце.
Зборови, празно шише, ветер дува.
Душот се губи, патот води кон ништото.
Сенка плови, праг се затвора.",gemma-4-31b-it,google,0.1,0.02,-0.22,0.01,/Users/Aleks/Documents/Programming/Python/NLP/data/llm_transfer_logs/2026-09-15T200019.805739+0000__Пијан_Славеј__Влада_Урошевиќ.json,2026-09-15T20:00:19.805739+00:00
825_Катица Ќулавкова_0,825,Пијан Славеј,НЕКОГАШ ЗАПАЃАМ ВО ДЛАБОКА ЛИРИКА,Катица Ќулавкова,train,0,"Длабок сон во сиви нити.
Запаѓи лирика на темното дното.
Сенки од некои чудни суштества.
Особено тешката, чудната стварноста.
Студени и многу чупливи предметите.
Тишината на еден празен простор.

Соседски ѕид со свежа боја.
Офарбал бела, чиста, нова фасада.
Гледа народот низ стаклен прозорец.
Поривите на еден ладен ветер.
Станале сиви, бледи, далечни сенки.
Студен поглед кон празната улицата.

Неплатена кирија на дрвена масата.
Запостави време, старите, прашни денови.
Пари што некој веќе плаќа.
Сметки од некои стари хартии.
Тешката реалноста на секојдневното.
Значи само една голема празнина.

Умирачки поглед во стаклото огледалото.
Ебати оваа горка, тешка судбината.
Скршени стакли, остатоци од срце.
Фрагменти од едно заборавено телото.
Мртви привиденија во далечни соништа.
Сенка на една темна ноќта.

Пијанство на еден див крај.
Заветна ноќ, една последна чаша.
Заборав на моето сопственото името.
Острото сечило на болната лирика.
Студена, тешка, последна, долга молитва.
Сè е налик на смртта.",gemma-4-31b-it,google,0.77,0.25,0.33,-0.15,/Users/Aleks/Documents/Programming/Python/NLP/data/llm_transfer_logs/2026-09-15T200356.400633+0000__Пијан_Славеј__Катица_Ќулавкова.json,2026-09-15T20:03:56.400633+00:00
825_Братислав Ташковски_0,825,Пијан Славеј,НЕКОГАШ ЗАПАЃАМ ВО ДЛАБОКА ЛИРИКА,Братислав Ташковски,train,0,"Длабоко во сонот запаѓа,
светот него го запоставија,
ѕидот долго го гледа,
сосед веќе го офарба,
киријата долго не ја плаќа,
ебати оваа лирика,
сакам повторно да пишувам,
стиховите умирачки тивно паѓа,
бавно и тешко борам,
едно зрнце вистина,
силно сакам сега да пијам,
наскоро сè брзо завршува,
направив една книга,
повторно во празната гледа.",gemma-4-31b-it,google,-0.27,-0.18,-0.56,1.89,/Users/Aleks/Documents/Programming/Python/NLP/data/llm_transfer_logs/2026-09-15T200547.150803+0000__Пијан_Славеј__Братислав_Ташковски.json,2026-09-15T20:05:47.150803+00:00
825_Веле Смилевски_0,825,Пијан Славеј,НЕКОГАШ ЗАПАЃАМ ВО ДЛАБОКА ЛИРИКА,Веле Смилевски,train,0,"Длабока лирика на сонот
Западната единица во празната
Одглас на далечната страна
Тешка завеса на светот
Светот што замина

Сосед во белите одаите
Свежа боја на ѕидот
Офарбана куќата на соседа
Неплатена кирија за собата
Запоставена плаќа во книгата

Умирачки поглед кон празната
Ебати книгата на смртта
Црни кориците на единицата
Мртва единица во одаите
Гледање во длабоката ноќта

Пијан одглас на заминувањето
Див замин низ градот
Зевс во стаклана чашата
Последната лирика на смртта
Скопје во темната ноќта
Завршена книга на живото",gemma-4-31b-it,google,-0.27,-0.29,-0.34,0.29,/Users/Aleks/Documents/Programming/Python/NLP/data/llm_transfer_logs/2026-09-15T200800.816032+0000__Пијан_Славеј__Веле_Смилевски.json,2026-09-15T20:08:00.816032+00:00
825_Ристо Лазаров_0,825,Пијан Славеј,НЕКОГАШ ЗАПАЃАМ ВО ДЛАБОКА ЛИРИКА,Ристо Лазаров,train,0,"длабока лирика на сонот
севезден мир во јавата
заборавена страна на овој светот

запоставени патишта на времето
сетне тага во тесните градите
западната црна тешка ноќта

сосед со бела четката
свежа боја на ѕидот
офарбана фасада на куќата

неплатена кирија на месекот
талка прашина по прашниот подот
долг на стариот лут сопственикот

ебати овој празен животот
умирачки поглед во празно ништото
студена троа на темниот гробот

мераци на силна ракијата
среде пладнина на овој денот
последна чаша на долго заминувањето

туѓинец во севезден севезот
гледањето на туѓи лицата
тишината на големиот тежок крајот",gemma-4-31b-it,google,-0.35,-0.23,-0.15,0.05,/Users/Aleks/Documents/Programming/Python/NLP/data/llm_transfer_logs/2026-09-15T201057.439644+0000__Пијан_Славеј__Ристо_Лазаров.json,2026-09-15T20:10:57.439644+00:00
825_Адем Гајтани_0,825,Пијан Славеј,НЕКОГАШ ЗАПАЃАМ ВО ДЛАБОКА ЛИРИКА,Адем Гајтани,train,0,"Сон, Скопје, еден длабок јам.
Лирика, тишина, мојата душа плаче.
Гледаат тажните очи во ката.
Светот оди, стародавно време тече.
Јас запаѓив во бела школката.
Тркалезна тага, голема празнината.

Марко, соседот, белиот ѕид офарбал.
Боја, четка, една бела фасада.
Кирија, пари, стариот господар плаќа.
Јас запоставив сè, сите вилиците.
Долг, сметка, една прашна соба.
Животот излегува од дрвена вратата.

Умирачки поглед, една ладна земја.
Божилото, камен, една тешка ноќ.
Гледа смртта, едно лицето бледо.
Претвораш пепел, прах, цела вечноста.
Сенки, улици, сите заборавените луѓе.
Длабокото море, една темна вода.

Ебати се, стакла, чаша, вино.
Пијанство, крик, една последната ноќ.
Гледај ме, јас сега заминувам.
Оган, чад, една црвена линија.
Збогување, ветер, празна раката.
Светот спие, јас бавно исчезнувам.",gemma-4-31b-it,google,-0.24,-0.07,0.13,0.04,/Users/Aleks/Documents/Programming/Python/NLP/data/llm_transfer_logs/2026-09-15T201336.771707+0000__Пијан_Славеј__Адем_Гајтани.json,2026-09-15T20:13:36.771707+00:00
146_Ефтим Клетников_0,146,Радован Павловски,Театар на мртвите,Ефтим Клетников,train,0,"Театар е Смртта во ноќта.
Темниот води луѓе низ залата.
Свеќата гори во очите на луѓето.
Душите гледаат сцената.
Скопје е во сцената на смртта.

Актерот игра живот на сцената.
Суфлерот шепоти зборовите.
Улогата се раскинува.
Спектаклото избива.
Животот е играта.

Гробовите са тишината на ноќта.
Се гледа вистината.
Светоста прска во очите.
Душата се буди во смртта.
Светот вее над гробовите.",gemma-4-31b-it,google,0.13,-0.27,-0.64,0.45,/Users/Aleks/Documents/Programming/Python/NLP/data/llm_transfer_logs/2026-09-15T202011.172085+0000__Радован_Павловски__Ефтим_Клетников.json,2026-09-15T20:20:11.172085+00:00
146_Влада Урошевиќ_0,146,Радован Павловски,Театар на мртвите,Влада Урошевиќ,train,0,"Театар студ седалишта души во ноќта
Контролор свеќа восок пламен минува во рацете
Помеѓу редовите лежи тешка тишината
Сенки гледаат живот од далечината

Актери сцена текст суфлери во гласовите
Суфлер лажам плови низ пустошта
Маски лицеви движења мижи во мракот
Тензија коска нив во мигот
Сценографија прашина светлина во етерот трепери

Сфаќа душата јасност во смртта
Пулс виталност цвеќе врне од таванот
Живот театар кој конечно се затвори
Ридот на сеќавањата молчи во темнината
Вистина блеска помеѓу сите светови",gemma-4-31b-it,google,0.1,0.02,-0.51,0.01,/Users/Aleks/Documents/Programming/Python/NLP/data/llm_transfer_logs/2026-09-15T203346.257401+0000__Радован_Павловски__Влада_Урошевиќ.json,2026-09-15T20:33:46.257401+00:00
146_Веле Смилевски_0,146,Радован Павловски,Театар на мртвите,Веле Смилевски,train,0,"Темниот театар на големата смртта
Црната тешка густа завеса
Празни прашни седалишта дрво
Заборавена стара сцена прашина
Мртвиот студен темен простор
Сенки на една празна sala

Свеќар со една бела свеќа
Водич низ темните одаите
Души-гледачи во долги редови
Забранета вистина на живото
Сенки од Скопско минато

Актери на сопствен темен живот
Суфлер-глас од длабочината
Стари уметници на човечка болка
Книгата на заборавените денови
Сцени од празна вистина

Јасна светлина во големиот мрак
Жив верот на сите мртвите
Забрането знаење на душата
Театар на вечната тишина
Светлата вистина на крајот",gemma-4-31b-it,google,-0.27,-0.29,0.0,0.29,/Users/Aleks/Documents/Programming/Python/NLP/data/llm_transfer_logs/2026-09-15T203727.365451+0000__Радован_Павловски__Веле_Смилевски.json,2026-09-15T20:37:27.365451+00:00
146_Ристо Лазаров_0,146,Радован Павловски,Театар на мртвите,Ристо Лазаров,train,0,"Мракот на старите прашни седалишта
Свеќата во треперењето на раката
Студената троа на подот

Илија со воскот на прстите
Тесниот праг на црната смртта
Звуците на сребрените далечни ниви

Души на прашните старите седалишта
Гледачите на сопствените изгубени мечти
Спектаклото на времето

Гревовите на старите прашни сцени
Уметникот без зборот на јазикот
Сливата на горките старите сеќавања

Суфлерот во густата црна темнина
Шепотот на севезденот во увото
Талката на вечната длабока тишина

Јасноста на крајот
Сјајот на белите студени мртви
Вистината во сивата густа прашина

Живот по смртта
Срцето во каменот
Вечното претставување на чистата душа",gemma-4-31b-it,google,-0.35,-0.23,-0.01,0.05,/Users/Aleks/Documents/Programming/Python/NLP/data/llm_transfer_logs/2026-09-15T204121.195408+0000__Радован_Павловски__Ристо_Лазаров.json,2026-09-15T20:41:21.195408+00:00
32_Блаже Конески_0,32,Катица Ќулавкова,Исповед,Блаже Конески,train,0,"Тешкото време брзо и луто мина,
лутата мака силно во мене рика,
тешка копита долго и тврдо клацка,
изгмечен стих сосем долго се чека,
добар стих јасно и чисто се копне,
тивка молитва тивко и нежно суфлира,
срцето стравно и длабоко се збувне,
смртта тешко и силно се приближува.

Жарки вулкани силно и бурно прекипеле,
бела пена шампањски лесно и брзо плива,
гласна страв јасно и стравно увеличува,
висок сокол брзо преку небото лета,
вистински збор сосем долго се бара,
душата лажно и празно не измислува,
тешка мака тиво и мирно се смирува,
светоста вечно и широко се отвора.",gemma-4-31b-it,google,-0.42,-0.3,1.1,0.85,/Users/Aleks/Documents/Programming/Python/NLP/data/llm_transfer_logs/2026-09-15T205543.699948+0000__Катица_Ќулавкова__Блаже_Конески.json,2026-09-15T20:55:43.699948+00:00
32_Ефтим Клетников_0,32,Катица Ќулавкова,Исповед,Ефтим Клетников,train,0,"Смртта чека на прагот сега.
Стих е добар, стих е тежок.
Стих е клацкан во темната ноќта.
Бог суфлира во увото.

Везувот прекипел, оган избива.
Шампањски пени прска во водата.
Срцето се збувне од страв во нас.
Пепел паѓа на земјата.
Ветер вее над рамнината.

Збор е изгмечен во увото.
Умот увеличува страв во душата.
Човек измислува лага за себе.
Вистината вее над рамнината.
Духот бара патот кон Небото.
Сон се буди во ноќта.",gemma-4-31b-it,google,0.13,-0.27,0.16,0.45,/Users/Aleks/Documents/Programming/Python/NLP/data/llm_transfer_logs/2026-09-15T210118.343013+0000__Катица_Ќулавкова__Ефтим_Клетников.json,2026-09-15T21:01:18.343013+00:00
32_Влада Урошевиќ_0,32,Катица Ќулавкова,Исповед,Влада Урошевиќ,train,0,"Копитата копаат земјата, вулканите прекипеле во ноќта.
Шампањски пена тресе стаклото, времето тече.
Срцето сфаќа страв, ридот молчи.
Ветерот носи прашина, воздухот се тресе.

Стих изгмечен, зборови клацкани среде тишината.
Раката бара стих добар, мислата збувне.
Гласот суфлира вистина, духот се зголемува во себе.
Перото плови низ мастилото, прстите се мижи.
Сонцето паѓа ниско, сенките се зголеми.

Јазикот не измислува лага, срцето сфаќа светлината.
Божествен збор прелета, небето се тресе.
Смртта чека во бавча, патот заврши.
Вистината лежи тука, тишината е тоа.
Душата минува низ вратата, темнината се шири.",gemma-4-31b-it,google,0.1,0.02,0.21,0.01,/Users/Aleks/Documents/Programming/Python/NLP/data/llm_transfer_logs/2026-09-15T210330.628656+0000__Катица_Ќулавкова__Влада_Урошевиќ.json,2026-09-15T21:03:30.628656+00:00
32_Братислав Ташковски_0,32,Катица Ќулавкова,Исповед,Братислав Ташковски,train,0,"Смртта брзо сега доаѓа
сакам силно да пишувам
стих добар да направам
без ништо да измислувам
копита земја тешко копа
вулкани силно веќе прекипеа
пена шампањска брзо тресе
глас тиво сега суфлира
страв силно сè увеличува
зборови тешко се клацка
срце наскоро силно збувне
стих изгмечен се бара
сè наскоро ќе замолкне
книга тука само останува",gemma-4-31b-it,google,-0.27,-0.18,-0.49,1.89,/Users/Aleks/Documents/Programming/Python/NLP/data/llm_transfer_logs/2026-09-15T210535.883565+0000__Катица_Ќулавкова__Братислав_Ташковски.json,2026-09-15T21:05:35.883565+00:00
32_Веле Смилевски_0,32,Катица Ќулавкова,Исповед,Веле Смилевски,train,0,"Добар стих во стара книгата.
Книгата на темна, тешка смртта.
Бела и тешка, долга завесата.
Една чиста, бела единица.
Зевс во празни, темни одаите.

Шампањски пени на ладна водата.
Збувне и ладна, сива водата.
Прекипели црни, големи вулканите.
Оган-пламен во темна ноќта.
Одглас на црвен жарот.

Изгмечен стих на тежок каменот.
Клацкан и тежок, сив каменот.
Суфлира бела, тиха тишината.
Кориците на стара, празна книгата.
Слово-одглас на вечна вечноста.

Увеличива голема, тешка стравта.
Измислува мал, слеп човекот.
Вистината во бела, чиста книгата.
Светило-единица на сино небото.
Завесата на крајната, темна ноќта.
Стихот-одглас во стара книгата.",gemma-4-31b-it,google,-0.27,-0.29,0.23,0.29,/Users/Aleks/Documents/Programming/Python/NLP/data/llm_transfer_logs/2026-09-15T210806.064626+0000__Катица_Ќулавкова__Веле_Смилевски.json,2026-09-15T21:08:06.064626+00:00
32_Ристо Лазаров_0,32,Катица Ќулавкова,Исповед,Ристо Лазаров,train,0,"Среде Охрид на стара троа
копса на тешка црна земја
блиската и студена смртта.

изгмечен стих од тесно срце
севезден збор на силен ветер
катадената и болна душата.

клацкан јазик на мал човек
лажна слива на сува усна
човечката и празна измислувато.

прекипели вулкани на жив оган
сетне плам на високо небо
црвените и жешки пламените.

шампањски пени во стаклена чаша
збувнени мераци на темна ноќ
тресењето на златната чашата.

божествен шепот на светл ангел
суфлирање на чиста бела вистината
увеличената и вечна вечноста.

добар стих на последен крај
среде густата и црна темнината
последната и тиха молитвата.",gemma-4-31b-it,google,-0.35,-0.23,0.09,0.05,/Users/Aleks/Documents/Programming/Python/NLP/data/llm_transfer_logs/2026-09-15T211022.954925+0000__Катица_Ќулавкова__Ристо_Лазаров.json,2026-09-15T21:10:22.954925+00:00
951_Веле Смилевски_0,951,Ефтим Клетников,светлината е огромна тајна,Веле Смилевски,train,0,"Господе, мој ти Господе.
Мала земјички, бела светлина.
Тиха лула, книга-светлина.
Одаите на белата светлина.
Светлина во белата книга.

Модра вода, голема модрина.
Крила над сината вода.
Тајна, сина и модра тајна.
Завесата на сината модрина.
Модрина, тиха модра вода.

Огромен вулкан, црната маса.
Ѕвезди, пепел од темното.
Непроѕирен оган, тешка темнина.
Единица во црната темнина.
Кориците на огромната маса.

Адамова тајна, стара тајна.
Мир, тиха бела тишина.
Одглас на белата тишина.
Зевс, молкни во темното.
Книгата на Адамовата тајна.
Мир, тиха бела книга.",gemma-4-31b-it,google,-0.27,-0.29,-0.29,0.29,/Users/Aleks/Documents/Programming/Python/NLP/data/llm_transfer_logs/2026-09-15T213309.072541+0000__Ефтим_Клетников__Веле_Смилевски.json,2026-09-15T21:33:09.072541+00:00
951_Ристо Лазаров_0,951,Ефтим Клетников,светлината е огромна тајна,Ристо Лазаров,train,0,"Господе, тишината на севездена страна,
мир на древните души,
бел пламен на вечноста.

Светлина на оваа мала земјичка,
троа прашина од стари патишта,
белите мераци на сонцето.

Крилја среде плавите длабоки водите,
модра талка на соништата,
плав синел на небесата.

Адамова тајна во секој камен,
сетне светлото на високи врвови,
тиха молитва на ветрот.

Огромен вулканот на далечни ѕвезди,
гаснење на сите светли сијанија,
црна слива на ноќта.

Непроѕирен мракот на темниот врв,
густа модрина на длабоки бранови,
катаден сонот на беззвучноста.

Лула на вечноста во модриот мир,
тиха страна на секој човек,
крајот на долгиот пат.",gemma-4-31b-it,google,-0.35,-0.23,0.04,0.05,/Users/Aleks/Documents/Programming/Python/NLP/data/llm_transfer_logs/2026-09-15T213557.254421+0000__Ефтим_Клетников__Ристо_Лазаров.json,2026-09-15T21:35:57.254421+00:00
951_Адем Гајтани_0,951,Ефтим Клетников,светлината е огромна тајна,Адем Гајтани,train,0,"Господе, Адам, мал земјички, светлина
Сонцето грее, земјата чека
Рака, молитва, тишина, вода
Божилото го гледа небото
Светлината се претвора во прашина
Мирот доаѓа, срцето се лула

Модра вода, сини бреговите, крилјата
Птиците летаат, синината се лула
Модрина, езеро, школката, тајната
Водата тече, вилиците се гледаат
Адамова тајна, сини крилјата
Гледаат очите, водата се претвора

Огромен вулкан, ѕвездите, оганот
Вулканот гаси, ѕвездите паѓаат
Оган, пепел, ката, тамната
Тајната се крие, пламенот се претвора
Небото, вулкан, огромен свет-от
Ѕвездите исчезнуваат, ноќта доаѓа

Непроѕирен синил, вечен мир, Господ-от
Божилото, школката, сината тајна
Светот исчезнува, синината останува
Тркалезен мир, душата се лула
Модрина, тишина, вечноста, светта
Претвораш сè во сина тајна",gemma-4-31b-it,google,-0.24,-0.07,-0.29,0.04,/Users/Aleks/Documents/Programming/Python/NLP/data/llm_transfer_logs/2026-09-15T213908.806748+0000__Ефтим_Клетников__Адем_Гајтани.json,2026-09-15T21:39:08.806748+00:00
357_Блаже Конески_0,357,Славко Јаневски,Две приказни,Блаже Конески,train,0,"Немирен Вардар сосем брзо тече,
златна русалка плива во водата,
стара приказна шепоти многу тиха,
детство лебдеше сосем високо сега,
мали пушки пукаа многу гласна,
облачна тврдина седи на крајната,
сокол висок лета спрема планината,
мина лутата мака сосем јасна.

Нова мака мина брзо сега,
железна машина рика многу гласна,
висока зграда седи сосем цврста,
татковска рака води многу нежна,
немирно чувство тиво сосем замолкна,
усмивнат свет се раширува сега,
нова порта се отвора јасна,
спрема светлина се стреми силна.",gemma-4-31b-it,google,-0.42,-0.3,-0.09,0.85,/Users/Aleks/Documents/Programming/Python/NLP/data/llm_transfer_logs/2026-09-15T214517.376800+0000__Славко_Јаневски__Блаже_Конески.json,2026-09-15T21:45:17.376800+00:00
357_Пијан Славеј_0,357,Славко Јаневски,Две приказни,Пијан Славеј,train,0,"Вардар брзо тече.
Русалка таму пее.
Силно сонува децата.
Приказната лесно се расипе.
Играчката гласно во рака пука.
Немирен дух високо горе лета.
Ваков сон брзо се губи.

Тракторот сега во нива оре.
Зградата висина по висина расте.
Силно плени татковски збор душата.
Светот бавно и мирно се усмивнува.
Чувството тешко во нас се менува.
Ново време конечно тука дојде.
Дланките сега тврдо работат.",gemma-4-31b-it,google,-0.69,-0.45,0.18,1.01,/Users/Aleks/Documents/Programming/Python/NLP/data/llm_transfer_logs/2026-09-15T214858.788607+0000__Славко_Јаневски__Пијан_Славеј.json,2026-09-15T21:48:58.788607+00:00
357_Влада Урошевиќ_0,357,Славко Јаневски,Две приказни,Влада Урошевиќ,train,0,"Среде Вардар русалка приказна детство долго плови.
Облак тврдина пушка играчка цврсто држи раката.
Во сенка на ридот револуционер тиво мижи.
Чувство немирен сон кроце низ времето минуваше.

Татковски збор сфаќа крај на старите соништа.
Бавча земја мирис на заборавени денови.
Време тече река носи нови чудни ликови.
Срце тишина на прашниот пат слушаше.

Трактор бетон зграда во сивиот град седе.
Машина челик усмивнат свет сега се создаваше.
Нов поредок руши сите старите легенди.
Железо бетон плоча тешко покрива земјата.
Град расте кула виси и допира небото.
Живот тече брзо низ металните цеви.",gemma-4-31b-it,google,0.1,0.02,0.49,0.01,/Users/Aleks/Documents/Programming/Python/NLP/data/llm_transfer_logs/2026-09-15T220220.795832+0000__Славко_Јаневски__Влада_Урошевиќ.json,2026-09-15T22:02:20.795832+00:00
357_Братислав Ташковски_0,357,Славко Јаневски,Две приказни,Братислав Ташковски,train,0,"Тихо течеше приказната,
детството се чувствуваше сега,
Вардар криеше една русалка,
борав играчки војна,
немирно се движеа облаците,
татковски смеењето одекнуваше,
наскоро пристигна крај приказна,
чувството се менуваше сега,
тракторите ораа силно сега,
земјата стана конечно усмивната,
брзо растеа куќите,
нов свет се создаваше,
пишувам за тоа стиховите,
сакам повторно да видам.",gemma-4-31b-it,google,-0.27,-0.18,-0.78,1.89,/Users/Aleks/Documents/Programming/Python/NLP/data/llm_transfer_logs/2026-09-15T220532.073186+0000__Славко_Јаневски__Братислав_Ташковски.json,2026-09-15T22:05:32.073186+00:00
357_Веле Смилевски_0,357,Славко Јаневски,Две приказни,Веле Смилевски,train,0,"Детство. Стара, долга приказна.
Вардар. Сребрена, тиха русалка.
Играчки пушки. Мали војници.
Немирен сон. Детска игра.
Приказна за Вардар и детство.

Татковски збор. Стара книга.
Облак тврдина. Бела кула.
Чувство. Одглас на книгата.
Кориците на прашна книга.
Бела завеса. Тесен простор.

Крај на долга приказна.
Единица. Точка. Сив крај.
Стари одаи. Тесни соништа.
Мртва русалка. Студена скала.
Тишина. Сон за детство.

Нов град. Бетон зграда.
Усмивнат трактор. Железна нива.
Машина. Нов звук. Единица.
Нова книга. Бетонска страница.
Нов Вардар. Брза река.
Железо. Бетон. Нова приказна.",gemma-4-31b-it,google,-0.27,-0.29,-0.24,0.29,/Users/Aleks/Documents/Programming/Python/NLP/data/llm_transfer_logs/2026-09-15T220831.450066+0000__Славко_Јаневски__Веле_Смилевски.json,2026-09-15T22:08:31.450066+00:00
318_Ефтим Клетников_0,318,Славко Јаневски,Илинка сончева свршеница - 5,Ефтим Клетников,train,0,"Змејот исипа бука над рамнината.
Небото згрми, облакот севива.
Ветерот е бурн, тресе планината.
Камењата паѓаат во прашината.

Шумскиот ветер оголи само гранките.
Змејот намурте, оган прска ене.
Светлината атрепи, мракот го зазема.
Оган избива од ноздрите.

Илинка стои во својата градина.
Носник закитен на нејзиното лице.
Износен копнеж избива од срцето.
Змејот ја сака убавата Илинка.
Љубовта го гори неговото срце.",gemma-4-31b-it,google,-1.87,-0.27,0.0,-0.22,/Users/Aleks/Documents/Programming/Python/NLP/data/llm_transfer_logs/2026-09-15T222257.401862+0000__Славко_Јаневски__Ефтим_Клетников.json,2026-09-15T22:22:57.401862+00:00
318_Братислав Ташковски_0,318,Славко Јаневски,Илинка сончева свршеница - 5,Братислав Ташковски,train,0,"Небото силно и брзо потемнува
Оголи го сè сега брзо
Планината тешко и силно атрепа
Буката силно во ноќта згрмува
Ветерот бурно и тешко исипа
Тој луто и тешко намуртува
Носник на оган сега доаѓа
Таа убаво и чисто закитена
Јас силно и вечно те сакам
Тешко и долго за тебе борам
Срцето износено сега силно вика
Буреста ноќ брзо направи сега
Пишувам само за тебе стиховите
Сакам само едно зрнце светлина",gemma-4-31b-it,google,-0.27,-0.18,0.65,1.89,/Users/Aleks/Documents/Programming/Python/NLP/data/llm_transfer_logs/2026-09-15T222843.133654+0000__Славко_Јаневски__Братислав_Ташковски.json,2026-09-15T22:28:43.133654+00:00
318_Веле Смилевски_0,318,Славко Јаневски,Илинка сончева свршеница - 5,Веле Смилевски,train,0,"Змеј-оган и црна бука.
Бурна завесата на небото.
Темна темнина и Зевс-грмењето.
Небо-бука во сивата прашина.
Оган-ветер и тешка силата.

Планина-тресењето на старите дрва.
Оголи-дрво и сува грана.
Исипа-атрепи на земјата.
Намурте-лицето на змеј-носникот-телото.
Бурна бука и тешка земја.

Илинка-красива во бела единица.
Закитен одглас во тихите одаите.
Светла девојка и чиста светлина.
Бела кожа и нежна кожа.
Илинка-сјај во темна ноќта.

Износен копнеж и змеј-љубов-пламена.
Книга-страст и затворена книгата.
Кориците на срцето и тежината.
Оган-пламен во длабока душата.
Илинка-оган и змеј-пламена.
Вечна љубов и тешка судбината.",gemma-4-31b-it,google,-0.27,-0.29,-0.15,0.29,/Users/Aleks/Documents/Programming/Python/NLP/data/llm_transfer_logs/2026-09-15T223134.631040+0000__Славко_Јаневски__Веле_Смилевски.json,2026-09-15T22:31:34.631040+00:00
292_Катица Ќулавкова_0,292,Веле Смилевски,Телото на книгата,Катица Ќулавкова,train,0,"Твојот тесен, невежен атом-допир
тишината на бледата кожа
особено бели, тенки ните
преместени, далечни суштествата
нежна, тиха стварноста
значи почетокот на сè

наѕвезден, висок, старен скеле-редоследот
бесконечната, празна, сива далечина
поривите на густа прашината
космичката, затворена, тесна вратка
светлоста што силно растрчува
студеното, заборавено, долго време

пеонини, црвени, густи ниви-просторите
боси, бели, нежни ангелски стапала
небесните, чудните, старите предметите
цветот на вечната тишината
недостигната, висока, чиста висина
чистата, јасна, бела формата

коскената, жешка, црвена жаревина
вградените, стари, тешки остатоците
оган-коска во темната ноќта
втиснатите, сиви, бледи сенките
горењето на твоето името
тешкото, замрзнато, сиво каменто

ненадеен, тесен, нов спој-прегледот
срцето што силно, вечно сака
духовната, тешка, темна тежина
твојот вечен, стар, јасен наликот
претворената, нова, чиста стварноста
последната, единствена, вистинска вистината",gemma-4-31b-it,google,0.77,0.25,-0.57,-0.15,/Users/Aleks/Documents/Programming/Python/NLP/data/llm_transfer_logs/2026-09-15T224744.255391+0000__Веле_Смилевски__Катица_Ќулавкова.json,2026-09-15T22:47:44.255391+00:00
292_Ристо Лазаров_0,292,Веле Смилевски,Телото на книгата,Ристо Лазаров,train,0,"Среде наѕвездена ноќта на небото
допири од Елена во сонот
ненадеен атом-светлина на душата

коскена тишина на бели коски
твој здив-слива во празната чаша
троа севезден пепел-то на патот

полиња бојќели среде широка нива
мераци на талка во срцето
боси ангели-сјај на бели крилја

вградени коски-ни во тврдото семе
втисната молитва на севезден праг-то
сетне на срцето во темнината

растрчувани ѕвезди-ни по сината вода
катаден мир-то на длабокото дно
вселенска нишка-та на сите светови

плам на коскената во ноќта
сакање-оган-то на двете души
твојот вечен печат-то на кожата

среде бела тишина на планината
атом-срце-та во една точка
една единствена нива-та на крајот",gemma-4-31b-it,google,-0.35,-0.23,0.28,0.05,/Users/Aleks/Documents/Programming/Python/NLP/data/llm_transfer_logs/2026-09-15T225052.535622+0000__Веле_Смилевски__Ристо_Лазаров.json,2026-09-15T22:50:52.535622+00:00
181_Пијан Славеј_0,181,Гане Тодоровски,Нашинска,Пијан Славеј,train,0,"Велат дека малцичка сме.
Коленото тешко сега свивме.
Истрајвме силно и така.
Тука цврсто за секогаш стоиме.
Ваков сме сега песна.
Дланките силно и цврсто држиме.

Бистрине брзо и јасно тече.
Вардарине тешко и силно прелее.
Корабине високо стои планината.
Струмине јасно разбистри водата.
Силно плени цела душата.
Гласно свират само песните.",gemma-4-31b-it,google,-2.69,-0.45,-0.06,0.01,/Users/Aleks/Documents/Programming/Python/NLP/data/llm_transfer_logs/2026-09-15T230500.143194+0000__Гане_Тодоровски__Пијан_Славеј.json,2026-09-15T23:05:00.143194+00:00
181_Ефтим Клетников_0,181,Гане Тодоровски,Нашинска,Ефтим Клетников,train,0,"Малцичка колено, оваа наша земјата.
Бистрине, Корабине, снег, лед, врвовите.
Таму прска водата, камените, земјата.
Рамнината се буди, сонцето, летото.
Истрајвек, името, јазикот, нашето.

Вардарине, Струмине, текот, вода, реките.
Доварди тече водата, песоците, бреговите.
Прелееме брегот, разбистри ја душата.
Избива цут, земја, семето, летото.
Сонцето грее, тече водата, реките.

Коленото стои, тврдото, каменто, земјата.
Шумскиот ветер, шумот, лисјата, гората.
Сосе, гледај ја оваа наша земјата.
Грми името, гласот, зборовите, песната.
Истрајвек, вечното, нашето, името.",gemma-4-31b-it,google,0.13,-0.27,0.16,0.45,/Users/Aleks/Documents/Programming/Python/NLP/data/llm_transfer_logs/2026-09-15T230743.814822+0000__Гане_Тодоровски__Ефтим_Клетников.json,2026-09-15T23:07:43.814822+00:00
181_Славко Јаневски_0,181,Гане Тодоровски,Нашинска,Славко Јаневски,train,0,"Мала земја, тесна патека стара.
Селото спие, зората рано грее.
Малцичка сме беле, бројни сме сега.
Коленото се вијаше ниско, тешко.
Стари луѓе, тешки денови минати.

Бистрине, планино бела, ти стоиш.
Корабине, врвот селски сега се буди.
Сокол лета над карпите сиви, студени.
Истрајвек го коваше долго времето.
Снег падна, каменото срце силно пукна.
Чедото расте, силно и многу гордо.

Вардарине, рекот тече брзо, јасно.
Струмине, водата чиста и јасна тече.
Доварди стигнавме, патот широк се отвори.
Прелееме јазови, сени силни, тешки.
Разбистри се мислата, зората светла дојде.

Бројаа глави, села мали загина.
Цветето црвено во кал црна падна.
Крв капна на сувата земја наша.
Мајка плачеше, синот млад зајде.
Силна воља, тврдо колено стои.

Денес стоиме, планини високи гледаме.
Родината дише, сонцето златно грее.
Бистрине, Корабине, вие сега сме.
Струмине, Вардарине, заедно течеме.
Вечна слава, слободна земја наша.
Ние сме, тука сме, живееме.",gemma-4-31b-it,google,0.43,-0.03,0.42,0.12,/Users/Aleks/Documents/Programming/Python/NLP/data/llm_transfer_logs/2026-09-15T231023.961216+0000__Гане_Тодоровски__Славко_Јаневски.json,2026-09-15T23:10:23.961216+00:00
181_Катица Ќулавкова_0,181,Гане Тодоровски,Нашинска,Катица Ќулавкова,train,0,"Малцичка, тешка, сива стварноста
Старо, заборавено, тихо колено
Тонки, прекршени, бели нити
Народот, предметите, стварноста
Особено тешка, темна стварноста
Скриена, длабока, горда разликата

Високи, снежни, бели корабине
Студени, чисти, јасни бистрине
Камени, силни, диви поривите
Бела, празна, вечна тишината
Станале вечни, тихи суштествата
Тврда, црвена, стара земјата

Длабоки, сини, брзи вардарине
Брзи, јасни, студени струмине
Разбистрена, чиста, светла водата
Прелеени, мокри, тешки бреговите
Сребрени, тенки, долги нитите
Течна, жива, јасна стварноста

Долг, тежок, стар истрајвекот
Трпеливи, тихи, долги довардите
Остро, јасно, тешко значењето
Предметите, нитите, коленото
Жива, длабока, темна тишината
Особено цврста, златна нитта

Сегашна, јасна, горда стварноста
Горда, различна, силна разликата
Значи жива, топла, црвена крвта
Отворени, широки, светли вратките
Светла, нова, вечна судбината
Вечна, тиха, силна присноста",gemma-4-31b-it,google,0.77,0.25,-0.63,-0.15,/Users/Aleks/Documents/Programming/Python/NLP/data/llm_transfer_logs/2026-09-15T232344.482859+0000__Гане_Тодоровски__Катица_Ќулавкова.json,2026-09-15T23:23:44.482859+00:00
181_Веле Смилевски_0,181,Гане Тодоровски,Нашинска,Веле Смилевски,train,0,"Малцичка единица во старата книга.
Бројана книга на тврдо колено.
Стара одглас-завеса на темната земја.
Тиха единица, малцичка, стара книга.
Колено-земја во тесната одаја.
Малцичка единица, тиха книга.

Бистрине-планина, висока камен-книга.
Корабине-врв, тврдо колено-земја.
Камен истрајвек во старата книгата.
Висока единица, Бистрине-планина.
Корабине-врв, сина, тешка завеса.

Вардарине-река, чиста сина вода.
Струмине-вода, течна книга-река.
Доварди-патишта во сината вода.
Вардарине-река, Струмине-вода, единица.
Чиста единица, течна, сина завеса.

Прелеена единица, разбистрена книга.
Одаите на Кораба, Зевс-одглас.
Жива книга, жива, тврда единица.
Разбистрена вода, сина, стара земја.
Македонија-книга, Македонија-одглас, единица.",gemma-4-31b-it,google,-0.27,-0.29,-0.19,0.29,/Users/Aleks/Documents/Programming/Python/NLP/data/llm_transfer_logs/2026-09-15T232553.117613+0000__Гане_Тодоровски__Веле_Смилевски.json,2026-09-15T23:25:53.117613+00:00
181_Ристо Лазаров_0,181,Гане Тодоровски,Нашинска,Ристо Лазаров,train,0,"Малцичка колено среде сетне троа.
Старо колено на тешка земја.
Среде прашина и сиви камена.

Бистрине врвови на бели снега.
Корабине камени во голема тишина.
Талка сенка на висока планина.

Вардарине води доварди текови.
Струмине слива на стари мераци.
Водица од длабока црна земја.

Истрајвек севезден во катаден корен.
Среде времето на секој ден.
Троа сеќавање на старите предци.

Разбистри соништа на чиста вода.
Прелееме граници на стари патишта.
Среде пладнина и сини неба.

Име изречено во сетне песни.
Талка гордост на малцичка рака.
Среде севезден мир и тишина.

Тука постојно на цврсто колено.
Земјата наша на сите страни.
Коренот длабок во сетне троа.",gemma-4-31b-it,google,-0.35,-0.23,0.37,0.05,/Users/Aleks/Documents/Programming/Python/NLP/data/llm_transfer_logs/2026-09-15T232816.063924+0000__Гане_Тодоровски__Ристо_Лазаров.json,2026-09-15T23:28:16.063924+00:00
825_Ефтим Клетников_0,825,Пијан Славеј,НЕКОГАШ ЗАПАЃАМ ВО ДЛАБОКА ЛИРИКА,Ефтим Клетников,train,0,"Запаѓи во длабок сон, ноќ.
Скопје го запостави овој човекот.
Лирика вее низ празна рамнината.
Гледа во ноќта, во мракот.

Соседот офарбал куќата, креч, ѕидови.
Кирија не плаќа, долгот расте.
Пари избиваат од раката, од џебот.
Ебати животот, ебати ова среќата.

Умирачки час прска мрак, прашина.
Вино, чаша, пијанство, тага, солзи.
Светот оди, времето само тече.
Поглед во шумскиот, во мир.
Конец на патот, тишина, празнотија.
Сон се враќа, ноќта вее.",gemma-4-31b-it,google,-0.87,-0.27,0.3,0.12,/Users/Aleks/Documents/Programming/Python/NLP/data/llm_transfer_logs/2026-09-16T091416.785871+0000__Пијан_Славеј__Ефтим_Клетников.json,2026-09-16T09:14:16.785871+00:00
146_Адем Гајтани_0,146,Радован Павловски,Театар на мртвите,Адем Гајтани,train,0,"Театар, темнина, свеќата гори.
Водичот води низ редот.
Седиштата чекаат, празнината зборува.
Струма тече, времето стои.
Свеќата паѓа, сенките растат.
Божилото чека, вратата се затвора.

Седум души гледаат сцената.
Животот тече, рибите пливаат.
Очи, срца, спомените се враќаат.
Марија гледа, судбината ја знае.
Преставата почнува, завесата се крева.
Душите седија, тишината владее.

Актерите играат, зборовите паѓаат.
Подсеќачот шепоти, иглата боцка.
Сцената гори, вилиците се отвораат.
Уметноста лаже, се претвораш во сенка.
Сон се плете, нишката пука.
Театарот е долина на сенки.

Смртта носи светлина, јасноста.
Езерото од огледала, душата сее.
Животот беше сон, смртта е вистина.
Срцето чука, божилото се смее.
Сега гледаме, вистината е тука.
Светот завршува, завесата паѓа.",gemma-4-31b-it,google,-0.24,-0.07,-0.21,0.04,/Users/Aleks/Documents/Programming/Python/NLP/data/llm_transfer_logs/2026-09-16T091753.038052+0000__Радован_Павловски__Адем_Гајтани.json,2026-09-16T09:17:53.038052+00:00
32_Пијан Славеј_0,32,Катица Ќулавкова,Исповед,Пијан Славеј,train,0,"Копајте брзо во земјата
Се гмечам тешко и долго
Стихот се клацка сега така
Збувне ме силно таа ноќта
Сакам само еден добар стих сега
Дланките ми се расипе така

Прекипеле силно сите вулкани сега
Шампањски се тресе во чашата
Суфлира ми тише од горе
Увеличува го стравот многу сега
Не измислувам ништо со лага
Велат дека тоа сега плени
Земи ме ваков распеан така",gemma-4-31b-it,google,-1.69,-0.45,0.61,0.51,/Users/Aleks/Documents/Programming/Python/NLP/data/llm_transfer_logs/2026-09-16T092042.808329+0000__Катица_Ќулавкова__Пијан_Славеј.json,2026-09-16T09:20:42.808329+00:00
951_Братислав Ташковски_0,951,Ефтим Клетников,светлината е огромна тајна,Братислав Ташковски,train,0,"Господе, тишо сега молам
земјичкија полека се предава
крилјата силно ги водам
модрата вода тече сега
тајната адамова ја чува
лулата бавно ја пуштам
вулкан огромен сега праска
ѕвездите брзо ги пресека
непроѕирено силно сега влегувам
модрината тишо ме прима
наскоро стиховите ги пишувам
едно зрнце мир сега барам
борам силно за оваа тишина
направи ми место сега",gemma-4-31b-it,google,-0.27,-0.18,-0.35,1.89,/Users/Aleks/Documents/Programming/Python/NLP/data/llm_transfer_logs/2026-09-16T093544.766500+0000__Ефтим_Клетников__Братислав_Ташковски.json,2026-09-16T09:35:44.766500+00:00
357_Адем Гајтани_0,357,Славко Јаневски,Две приказни,Адем Гајтани,train,0,"Вардар, сина вода, русалката
детство, стара приказна, школката
пушка, мала играчка, брегот
млади очи гледаат, реката
сон, бели вилиците, водата
таму излегува јасна светлината

Комити, висока планина, тврдината
облак, далечен замок, висината
немирен дух, длабоко чувството
божилото, сино небо, птиците
сонца, бледа месечина, ноќта
темен камен претвораш, земјата

Татковски збор, силна рака, патот
прашина, чекор, тешкото стапалото
усмивнат страс, долга тишината
нов ден, златно сонцето
град, широка улица, портата
сите луѓе гледаат, времето

Трактор, тежок челик, нивата
зграда, сив бетон, висината
машина, тркалезен кол, работата
крај на митот, вистината
прогрес, тврдо железо, државата
таму е сега судбината",gemma-4-31b-it,google,-0.24,-0.07,-0.75,0.04,/Users/Aleks/Documents/Programming/Python/NLP/data/llm_transfer_logs/2026-09-16T093928.100642+0000__Славко_Јаневски__Адем_Гајтани.json,2026-09-16T09:39:28.100642+00:00
318_Ристо Лазаров_0,318,Славко Јаневски,Илинка сончева свршеница - 5,Ристо Лазаров,train,0,"Змеј-носник на црвен оган
атрепи-искра во густа ноќта
бурната бука, бурени.

Небо-намурте среде сив облак
облак-исипа тешка, студена вода
темнината на висока планината.

Планина-згрми под тешки нозе
шума-оголи секоја мртва гранка
троа сенка на сивите.

Илинка-сетне во златен закит
закитен копнеж на јасно срце
катадени пати, далечни.

Срце-износен жар-мераци на душа
севезден пламен на дива љубов
желбата на големиот змејот.

Талка-ветри на слатка слива
оросени камни на тесен пат
белата кожа на млада девјерка.

Змеј-љубов среде темна ноќ
Илинка-жена на чиста светлина
вечна тишина на старата земјата.",gemma-4-31b-it,google,-0.35,-0.23,-0.44,0.05,/Users/Aleks/Documents/Programming/Python/NLP/data/llm_transfer_logs/2026-09-16T100306.839058+0000__Славко_Јаневски__Ристо_Лазаров.json,2026-09-16T10:03:06.839058+00:00
318_Адем Гајтани_0,318,Славко Јаневски,Илинка сончева свршеница - 5,Адем Гајтани,train,0,"Змејот издиша оган, црвената пламната.
Небото се затвори, големата црна темнината.
Бука згрми, планината се тресе, земјата.
Ветерот исипа црни облаци, тешкиот дождот.
Горизонтата намурте, сивата таа ноќта.
Земјата се тресе, тешката сива ката.

Дрвјата се оголи, сувите, гранките.
Бреговите треперат, сивите, камените.
Змејот атрепи, носник од жежок оган.
Бурен ветер, шумата се јава, вика.
Патот води до убавата девојка Илинка.
Ти се претвораш, големата црна стравта.

Илинка стои, закитната со злато, бисери.
Убавицата блеска, златната таа, светла.
Очите бараат, вилиците се треперат, плачат.
Срцето гори, црвената жартата, пламенот.
Страста е износен пламен, силен, див.
Божилото го следи големиот црвен змејот.

Љубовта е бука, викната таа, јасна.
Желбата е тркалезна, силна таа страста.
Душата се отвора, белата школката, вечноста.
Илинка слуша, змејот ја зборува, вика.
Небото се смирува, длабока тишината, ноќта.
Вечноста е тука, божилото тоа, светлото.",gemma-4-31b-it,google,-0.24,-0.07,0.92,0.04,/Users/Aleks/Documents/Programming/Python/NLP/data/llm_transfer_logs/2026-09-16T100732.678473+0000__Славко_Јаневски__Адем_Гајтани.json,2026-09-16T10:07:32.678473+00:00
292_Пијан Славеј_0,292,Веле Смилевски,Телото на книгата,Пијан Славеј,train,0,"Ти ме сакаш многу сега
Наѕвездено сè се расипе
Брзо се растрчува таа
Твојот допир силно втисне
Силно втисне во мене
Ваков сум јас тука сега

Коскеното силно се расипе
Атомите се вградија внатре
Ненадејно се вградија внатре
Дланките тите свират тие
Тихо свират тие тука сега
Велат дека плени таа
Силно плени таа мене
Сè се расипе брзо сега
Сè се втисне силно така",gemma-4-31b-it,google,0.31,-0.45,-0.06,1.51,/Users/Aleks/Documents/Programming/Python/NLP/data/llm_transfer_logs/2026-09-16T101006.890575+0000__Веле_Смилевски__Пијан_Славеј.json,2026-09-16T10:10:06.890575+00:00
181_Влада Урошевиќ_0,181,Гане Тодоровски,Нашинска,Влада Урошевиќ,train,0,"Корабине Бистрине камен земја сфаќа среде ридот.
Малцичка колено прашина време минува низ патишта.
Остров дух стои над висина и облаците.
Сфаќа секој својто место во тишината.

Вардарине Струмине вода плови низ ноќте.
Брегови ток прелееме низ долина и камените.
Мижи сребро струмине бистрине тече во реките.
Ток разбистри кости земја и прашините.
Среде река име се слушате.

Истрајвек колено држи цврсто земјата и небото.
Доварди глас ехо од планина и шумите.
Човек сфаќа својто место во времето.
Корабине Бистрине стојат над градот и ридот.
Сонце изгрева над малцичка колено и име.",gemma-4-31b-it,google,0.1,0.02,0.42,0.01,/Users/Aleks/Documents/Programming/Python/NLP/data/llm_transfer_logs/2026-09-16T101304.942128+0000__Гане_Тодоровски__Влада_Урошевиќ.json,2026-09-16T10:13:04.942128+00:00
945_Пијан Славеј_0,945,Ефтим Клетников,НА ПОЛНОЌ КОГА ПРСКА ЈАТКАТА НА МРАКОТ-4,Пијан Славеј,train,0,"Ноќта тешко и темно се стна.
Гори силно и жешко срцето.
Расчаталите конечно сржта.
Буди се истовремено та.
Плени тешко и густо густината.
Важи ваков јас сега се.

Шират се брзо крилјата.
Расипе тиво и лесно градината.
Свири јасно и чисто хармонијата.
Паѓа тешко претежот сега се.
Расипе се повторно обновена.
Полни се сега амбарите.
Важи силно и тврдо цврстината.
Плени тиво и општото се.
Свират силно и јасно дланките.",gemma-4-31b-it,google,0.31,-0.45,0.28,1.51,/Users/Aleks/Documents/Programming/Python/NLP/data/llm_transfer_logs/2026-09-16T101625.248726+0000__Ефтим_Клетников__Пијан_Славеј.json,2026-09-16T10:16:25.248726+00:00
825_Блаже Конески_0,825,Пијан Славеј,НЕКОГАШ ЗАПАЃАМ ВО ДЛАБОКА ЛИРИКА,Блаже Конески,train,0,"Длабока лирика сосем тиво заспива,
јас во темен сон запаѓаше,
тиво се движи мојата вистина,
гледам како светот брзо мина,
лутата мака силно во мене рика,
сè се претвори во бледа слика,
дури сосем се изгуби викната,
светот ладно ме запоставива.

Сосед заѕидот бела боја офарбава,
а јас за кирија не плаќаше,
ебати живот, тешка е мака,
умирачки поглед сосем ме гледаше,
сакам диво, пијано оро затанцува,
спрема ноќта што ладно мрзне,
да ја заборавам ситна сека,
во длабока, темна, ноќна тишина.",gemma-4-31b-it,google,-0.42,-0.3,0.03,0.85,/Users/Aleks/Documents/Programming/Python/NLP/data/llm_transfer_logs/2026-09-16T102823.801975+0000__Пијан_Славеј__Блаже_Конески.json,2026-09-16T10:28:23.801975+00:00
146_Блаже Конески_0,146,Радован Павловски,Театар на мртвите,Блаже Конески,train,0,"Мрачен простор сосем ни се отвора,
некаква свеќа бледо ни свети така,
тивко сосем се движи секоја сенка,
соколски поглед оддалечено нè гледа,
гласи вик од далечна сцена,
каде што животот сосем се менува,
и секоја улога тешко се игра.

Гледаме сосем јасно нашата судбина,
некаква вистина силно ни гласи таа,
додека уметникот луто се бори сега,
а суфлерот тивко ни шепоти така,
тука сосем јасно се чувствува сината,
животна сила што сосем ни недостигаше,
додека во мрачниот вод плинавме,
сега сосем јасно се гледа мака,
и секоја солза сосем ни блеска.",gemma-4-31b-it,google,-0.42,-0.3,0.66,0.85,/Users/Aleks/Documents/Programming/Python/NLP/data/llm_transfer_logs/2026-09-16T103031.296558+0000__Радован_Павловски__Блаже_Конески.json,2026-09-16T10:30:31.296558+00:00
146_Пијан Славеј_0,146,Радован Павловски,Театар на мртвите,Пијан Славеј,train,0,"Свеќа свети бавно во темнота
Гледаме како вие играте
Сè е само една проба
Дланките треперат многу силно
Сега се гледа сè јасна
Седиме тука во тишина

Ти спиеш сега таму горе
Убиш сè што многу боли
Сега јас верувам силно
Играј ваков сега таму
Смеј се многу гласно
Смеј се многу јасно
Смеј се многу силно
Врзани сме многу силно",gemma-4-31b-it,google,-0.69,-0.45,-0.03,1.01,/Users/Aleks/Documents/Programming/Python/NLP/data/llm_transfer_logs/2026-09-16T103313.003252+0000__Радован_Павловски__Пијан_Славеј.json,2026-09-16T10:33:13.003252+00:00
146_Славко Јаневски_0,146,Радован Павловски,Театар на мртвите,Славко Јаневски,train,0,"Влегуваме во темна, празна сала.
Водич со свеќа тивко чекори.
Скопје спие зад затворена врата.
Свеќата трепери, старо патило гори.
Црни сенки паѓаат на подот.

Седи мома, седи мало чедо.
Гледаат живот минат, многу ладен.
Душа-око, тиха, следи сцената.
Чувства букаат, уморно срце чука.
Тишина тешка сите ни покрива.

Актер плаче, суфлер гласно вика.
Зборови течат, тешки маски паѓаат.
Живот-игра тече, жестока е таа.
Рака се тресе, нога стапна.
Сцената гори, црвен оган пламна.

Сега зора нова, светла грее.
Јасна вистина ни се јави.
Светот стар одеднаш стана мал.
Крвта капна, силна болка застана.
Гледаме јасна, гледаме чиста вистина.
Духот се буди, срцето запеа.

Ова е нашата последна родина.
Театар мртви, наша вечна куќа.
Завеса паѓа, студена ноќта дојде.
Душата лета, мир се наоѓа.
Сон длабок, вечен, тивок сон.
Светлина бела пред нас сија.",gemma-4-31b-it,google,0.43,-0.03,0.05,0.12,/Users/Aleks/Documents/Programming/Python/NLP/data/llm_transfer_logs/2026-09-16T103639.747639+0000__Радован_Павловски__Славко_Јаневски.json,2026-09-16T10:36:39.747639+00:00
146_Катица Ќулавкова_0,146,Радован Павловски,Театар на мртвите,Катица Ќулавкова,train,0,"Темниот театар на тишината,
студениот ред на седалиштата,
првин стварност на прашината,
сенки од старите вистини,
почетокот на долгата ноќта,
студениот воздух на стварноста.

Свеќата во раката на водителот,
бледата светлина на патот,
стариот клуч на вратката,
чекорот на заборавената сенка,
студената вистина на темнината,
светлината на првиот поглед.

Гледачите на сопствениот живот,
собствената грешка на сцената,
сликата на минатото време,
далечниот поглед на душата,
претставата на стварноста и телото,
студениот одраз на стравта.

Уметникот на тешката тишина,
шепотот на невидливиот суфлер,
зборовите на празната просторија,
тензијата на изгубената улога,
скриената вистина на уметноста,
студениот занает на смртта.

Животот во срцето на смртта,
јасноста на конечниот крај,
првината на заборавеното чувство,
значењето на празната стварност,
светлата вистина на почетокот,
конечниот осветомот на душата,
студената радост на тишината.",gemma-4-31b-it,google,1.77,0.25,-0.5,0.05,/Users/Aleks/Documents/Programming/Python/NLP/data/llm_transfer_logs/2026-09-16T103900.073107+0000__Радован_Павловски__Катица_Ќулавкова.json,2026-09-16T10:39:00.073107+00:00
32_Славко Јаневски_0,32,Катица Ќулавкова,Исповед,Славко Јаневски,train,0,"Смртта стапи во мало село.
Коњот копа тешка, црна земја.
Срцето лупа, душата се тресе.
Црна ноќ ја покри земјата.
Студен ветер дува низ планината.

Стихот стои, тежок, изгмечен бе.
Ракaта го сече, силен го клацка.
Зборот бега, во мрак се крие.
Мојот ум се збувне, се тресе.
Силна болка го јаде душата.

Вулкан прекипел, црвен оган прсна.
Шампањски пени се тресат во чаша.
Небото паѓа, сурова земја пука.
Гром го удири планината.
Пламенот гори, душата се тресе.

Бог суфлира тајна, света зора.
Светоста го увеличува болката.
Барам стих, добар стих бе.
Зората дојде, светла, златна зора.
Сокол лета, крилото над Пирин тресе.

Човекот измислува лажни, празни слова.
Вистината стои, гола, бела, чиста.
Чедо момче, младо, тука загина.
Смртта ги зема белите раце.
Последниот збор го кажа душата.
Крвта капна на сивата земја.
Тишината ја покри целата земја.",gemma-4-31b-it,google,0.43,-0.03,0.2,0.12,/Users/Aleks/Documents/Programming/Python/NLP/data/llm_transfer_logs/2026-09-16T105219.554934+0000__Катица_Ќулавкова__Славко_Јаневски.json,2026-09-16T10:52:19.554934+00:00
32_Адем Гајтани_0,32,Катица Ќулавкова,Исповед,Адем Гајтани,train,0,"Копито копа во црната земјата.
Стих изгмечен во тесното грлото.
Мајсторот во Скопје чека.
Божилото се тресе над главите.
Стихот е тежок, сив каменто.
Смртта бара патот до таа.

Вулкани прекипели во моите градите.
Шампањски пени во чаша лулаат.
Умот се збувне од јасот.
Ката на небото се отвора.
Оган го јаде времето.
Срцето чука во острите вилиците.

Бог суфлира зборови во ноќта.
Стихот е клацкан од чеканто.
Светот го увеличува стравот.
Тркалезен камен лежи во раката.
Гласот излегува од темнината.
Илија гледа кон планината.

Поет измислува некои лажни патишта.
Бараат вистинска истина во школката.
Добар стих е една молитва.
Претвораш сива прашина во злато.
Сонцето зајде зад врвовите.
Сè завршува во тишината.",gemma-4-31b-it,google,-0.24,-0.07,-0.08,0.04,/Users/Aleks/Documents/Programming/Python/NLP/data/llm_transfer_logs/2026-09-16T105526.698740+0000__Катица_Ќулавкова__Адем_Гајтани.json,2026-09-16T10:55:26.698740+00:00
951_Блаже Конески_0,951,Ефтим Клетников,светлината е огромна тајна,Блаже Конески,train,0,"Господе, тиво сосем лула,
овој мал земјички мина.
Старата тајна бавно се ширила,
адамова мака тешко мрзне.
Бледа светлина нежно тече,
преку сите прашни патишта,
тишината тешко се слуша,
каде што викот сосем замолна.

Модра вод тивка се лее,
сокол сосем висок лета.
Огромен вулкан силно гасне,
ѕвездите сите темни јаде.
Сина ноќ бавно се спушта,
непроѕирена модрина тешко паѓа,
во длабока тајна се претвора,
каде што сè сосем застана.",gemma-4-31b-it,google,-0.42,-0.3,-0.71,0.85,/Users/Aleks/Documents/Programming/Python/NLP/data/llm_transfer_logs/2026-09-16T105745.277964+0000__Ефтим_Клетников__Блаже_Конески.json,2026-09-16T10:57:45.277964+00:00
951_Славко Јаневски_0,951,Ефтим Клетников,светлината е огромна тајна,Славко Јаневски,train,0,"Господе, види ја ова земјичка тајна,
светлината паѓа врз тивки села,
зората дојде, црната ноќ загина,
сонцето грее старата, сува земја,
мирот дојде како бело цвете.

крилата лета над вода модра,
сокол севија, синото небо затрепере,
модрината тече, брза реката тече,
чедо, гледај ја сината тајна,
водата мие старата, тешка вина,
срцето чуе една далечна песна.

огромен вулкан пукна во небо,
огнот горе, една ѕвезда загина,
црната пепел падна на планина,
Пирин го гледа големото огно,
светот горе, тешка темнина дојде.

непроѕирен пласт покри ја земја,
модра тајна, стара адамова тајна,
лула свири, тиха песна пее,
духот лета, тешко телото спие,
сенките паѓаат, ноќта тешка стапила,
мирот дојде, срцето тешко замолча.

Господе, дај ни твојата утеха,
светот бледе, златната зора застана,
капна солза, стара земја заспила,
модрото небо го зема чедо,
тајната остана, сина вечност дојде.",gemma-4-31b-it,google,0.43,-0.03,0.13,0.12,/Users/Aleks/Documents/Programming/Python/NLP/data/llm_transfer_logs/2026-09-16T111155.144120+0000__Ефтим_Клетников__Славко_Јаневски.json,2026-09-16T11:11:55.144120+00:00
951_Влада Урошевиќ_0,951,Ефтим Клетников,светлината е огромна тајна,Влада Урошевиќ,train,0,"Господе, светлина земјички мир се спушта.
Тајна адамова лула во тишината мижи.
Рака допира прашина, времето стои во место.
Духот минува низ прагот на вечноста.

Крилја плови среде модра вода островот молчи.
Модрина прекрива градот, небото се трча брзо.
Сенка лети над ридот, ветрот молчи тишо.
Сонцето паѓа во бавча соништа.
Светот исчезнува во сина тишина морето.

Огромен вулкан гаси ѕвезди во ноќта.
Оган јаде темнина, пепел лета над земја.
Непроѕирен простор јавува последна тајна светот.
Срцето заспива во сини, во длабоки води.
Мир доаѓа како тешко виме во ноќта.",gemma-4-31b-it,google,0.1,0.02,0.28,0.01,/Users/Aleks/Documents/Programming/Python/NLP/data/llm_transfer_logs/2026-09-16T111359.796624+0000__Ефтим_Клетников__Влада_Урошевиќ.json,2026-09-16T11:13:59.796624+00:00
951_Катица Ќулавкова_0,951,Ефтим Клетников,светлината е огромна тајна,Катица Ќулавкова,train,0,"Господе, оваа голема, тиха тишината
Мала, заборавена, осамена земјичката
Бледа, далечна, студена светлината
Невидливи, тихи, странски суштествата
Особено таа длабока, стара тајната
Темна, тешка сенка на стварноста

Модра, длабока, мирна водата
Крилати, тенки, сребрени нитите
Тешка, бесконечна, сина модрината
Поривите на овој вечниот мирот
Студени, неподвижни, чудни предметите
Небесна, чиста, вистинска тишината

Огромен, црвен, страшен вулканот
Постојано, бавно гаснење на ѕвездите
Оган од најдлабока, црна тамната
Космичка, сива, лесна прашината
Тие станале ситни, бели пепелите
Студена, тешка, долга ноќта

Адамова, стара, скриена тајната
Нежна, заспана, тиха лулата
Сон на бесконечна, вечна вечноста
Премин во сината, непроѕирена тамната
Значење на овој вистински мирот
Скриени, далечни, тесни патиштата

Непроѕирен, тежок, сив просторот
Модра, неопислива, голема мистеријата
Заборавени, старите, тенки нитите
Тиха, искрена, длабока молитвата
Студени, далечни, неми суштествата
Крај на овој мал светот",gemma-4-31b-it,google,0.77,0.25,-0.23,-0.15,/Users/Aleks/Documents/Programming/Python/NLP/data/llm_transfer_logs/2026-09-16T111829.162014+0000__Ефтим_Клетников__Катица_Ќулавкова.json,2026-09-16T11:18:29.162014+00:00
292_Адем Гајтани_0,292,Веле Смилевски,Телото на книгата,Адем Гајтани,train,0,"Твоите нежни допири, Охрид, водата
Срцето силно сака, душата вика
Божилото, цветот, мирис на босилукот
Полетаат бели ангели, боси нозете
Гледаат во еден тркалезен светот
Ката на старите соништа, тишината

Наѕвезден скеле, ноќта, густа темнината
Атомот се растрчува, сива прашината
Ненадеен зрак, вилиците, долгиот пат
Твојот топол здив, планината, ветерот
Претвораш тежок камен во школката
Сонцето полека излегува, јасна светлината

Коскенат пламен, пепелта, црно јагленото
Коските горат, божилото, вечен пламенот
Твојот длабок поглед, реката, водата
Вграде се старите зборови, земјата
Втисне се вечно сеќавање, името
Срцето долго чува, ноќна тишината

Една душа, две тела, тесните вилиците
Сакањето, вечноста, тркалезен кругот
Твојот атом, мојот атом, светот
Се спојуваат, божилото, сите небесата
Гледаат бели ангели, чистите крилјата
Завршува патот, твојата рака",gemma-4-31b-it,google,-0.24,-0.07,0.17,0.04,/Users/Aleks/Documents/Programming/Python/NLP/data/llm_transfer_logs/2026-09-16T131352.904142+0000__Веле_Смилевски__Адем_Гајтани.json,2026-09-16T13:13:52.904142+00:00
181_Адем Гајтани_0,181,Гане Тодоровски,Нашинска,Адем Гајтани,train,0,"Малцичката судбина, старото колено,
Бистрине, Корабине, белите врвовите,
Камен, земја, длабоките вилиците,
Истрајвек во школката на времето,
Претвораш тишина во силен глас,
Големата планина, студената водата.

Вардарине, Струмине, брзи тековите,
Бреговите, песокот, чистата водата,
Разбистри се старите сеќавањата,
Доварди, струите, божилото на реката,
Прелееме срца во сината реката,
Тркалезен камен, вечниот текот.

Бројката, малцичката, едното името,
Коленото чека, полека излегува,
Тркалезен круг, тешката судбината,
Истрајвек, трпение, големата силата,
Ката, вилиците, долгиот патот,
Сонцето грее, црната земјата.

Корабине, Бистрине, високи врвовите,
Струмине, Вардарине, вечни тековите,
Претвораш камен во чисто злато,
Истрајвек, колено, едната вистината,
Излегува светлина, утринската зората,
Овде стоиме, нашата планината.",gemma-4-31b-it,google,-0.24,-0.07,-0.58,0.04,/Users/Aleks/Documents/Programming/Python/NLP/data/llm_transfer_logs/2026-09-16T131610.821072+0000__Гане_Тодоровски__Адем_Гајтани.json,2026-09-16T13:16:10.821072+00:00
945_Адем Гајтани_0,945,Ефтим Клетников,НА ПОЛНОЌ КОГА ПРСКА ЈАТКАТА НА МРАКОТ-4,Адем Гајтани,train,0,"Полноќта во Преспа, голема густина.
Тамната ноќ, сржта, вечното времето.
Огновите во срцето, јака пламната.
Духот го расчатали тајното срцето.
Крилата, вилиците, високата висината.
Светот се претвора во светлина.

Градината на рајот, плодовите.
Мирисот на утрето, се случува истовремено.
Цвеќињата, лиските, бреговите.
Тркалезен круг, божилото, синото небото.
Сонцето, зрната, топлата земјата.
Душите бараат една нова патека.

Хармонијата на вселената, општ помир се создава.
Претеж на светлината, чистата висината.
Душата, името, белата вечноста.
Божествената сила, камен цврстина.
Школката на тишината, звукот се лула.
Срцето, молитвата, светата вистината.

Амбарот на богатството, зрната.
Обновен човек, меката нова кожа.
Ката на вистината, патот се претвора.
Среброто, златото, духот се лула.
Преспа, планината, далечното небото.
Сè се спои во едното.",gemma-4-31b-it,google,-0.24,-0.07,0.0,0.04,/Users/Aleks/Documents/Programming/Python/NLP/data/llm_transfer_logs/2026-09-16T132012.548329+0000__Ефтим_Клетников__Адем_Гајтани.json,2026-09-16T13:20:12.548329+00:00
945_Веле Смилевски_0,945,Ефтим Клетников,НА ПОЛНОЌ КОГА ПРСКА ЈАТКАТА НА МРАКОТ-4,Веле Смилевски,train,0,"Поноќна густина на црната темнината
Сржта на длабоката црната ноќта
Оган во срцето-одаја на ноќта
Одаите на тешка бела тишина
Единица во празната темна страна

Расчатали зборови на старата книгата
Обновен дух во старото Скопје
Крилни движења на чиста светлината
Истовремено во бела празна тишина
Завесата на новата светла страна

Општ мирис на зрелите плодовите
Градина на црвеното убаво цвеќе
Претеж на слатката светла страна
Света хармонија на високата висината
Одглас во белата празна одаја

Цврстина на тешката темна страна
Амбара на творческо големо богатство
Книгата на вечна бела тишина
Кориците на светлата празна одаја
Зевс-сјај во чистата човечка глава
Одглас на вечната светла страна",gemma-4-31b-it,google,-0.27,-0.29,0.71,0.29,/Users/Aleks/Documents/Programming/Python/NLP/data/llm_transfer_logs/2026-09-16T131349.789107+0000__Ефтим_Клетников__Веле_Смилевски.json,2026-09-16T13:13:49.789107+00:00
134_Веле Смилевски_0,134,Јосип Коцев,"Сѐ што ќе создадам, отсега ќе чекори кон тебе",Веле Смилевски,train,0,"Мртви атомите на сивото телото.
Суви жилите на големиот градот.
Разлист чекорот во сива прашина.
Град Скопје, една сива улица.
Една единица, една празна форма.

Сам одгласот на осамената душата.
Кориците на стара книга.
Дојде патот, долга нива.
Толку далечна, бела жена.
Тешка завесата на одаите.

Краткотраен здивот, лесен зевсот.
Сапуница во синиот воздухот.
Тонки шиевите, нежна линија.
Млечна кожата, топла кожа.
Зевс во темните одаите.

Книгата на среќата, книга.
Една книгата, тиха единица.
Тиха единица, чист одгласот.
Светла нива, празна нива.
Толку краткото, толкав здивот.
Бела единица, бела книга.",gemma-4-31b-it,google,-0.27,-0.29,0.0,0.29,/Users/Aleks/Documents/Programming/Python/NLP/data/llm_transfer_logs/2026-09-16T131834.217591+0000__Јосип_Коцев__Веле_Смилевски.json,2026-09-16T13:18:34.217591+00:00
318_Влада Урошевиќ_0,318,Славко Јаневски,Илинка сончева свршеница - 5,Влада Урошевиќ,train,0,"Змејот намурте, небото исипа густа темнота.
Планината згрми, шумата се оголи среде буки.
Ридот тресе, ветер бурн преку врвови се влече.
Атрепи плови, носник од оган сфаќа воздухот.
Облакот се затворе, сонцето исчезна во ноќта.

Илинката стои, закитен лик ја сфаќа со очи.
Оган износен плови кон кожата.
Змејот се наведнува, мижи светлина го следи.
Среде стрмата, тишината се прекинува од громотеви.
Градот молчи, страв се шири низ улиците.

Жар гори, копнежот вели зборовите.
Душата се отвора, пламен ја зазема во прегратката.
Срцето трепери, змејот ја сака девојката.
Небото молчи, страста го зазема градот.",gemma-4-31b-it,google,0.1,0.02,0.56,0.01,/Users/Aleks/Documents/Programming/Python/NLP/data/llm_transfer_logs/2026-09-16T131336.235421+0000__Славко_Јаневски__Влада_Урошевиќ.json,2026-09-16T13:13:36.235421+00:00
292_Влада Урошевиќ_0,292,Веле Смилевски,Телото на книгата,Влада Урошевиќ,train,0,"Допири. Атом. Твојата кожа се втисне.
Среде бавча пионите растрчуваат мижи.
Твојот здив минува низ коскени ребрата.
Телото плови во ненадеени снови.
Сфаќа: тишина што се растрчува во тебе.

Наѕвезден скеле. Ангели боси газат по ридот.
Небото се вгради во твоите очи.
Светлината се растрчува, јас не лажам тебе.
Коските горат во белата тишина-та.
Сонцето се втисне во твоите раце.

Оган. Коскената прашина се вгради во мене.
Душата сака бесконечност што се втисне во срцето.
Мижи. Среде ноќта, атомите се споија во тебе.
Твојот допир го сфаќа целиот светот.",gemma-4-31b-it,google,0.1,0.02,0.21,0.01,/Users/Aleks/Documents/Programming/Python/NLP/data/llm_transfer_logs/2026-09-16T131659.840692+0000__Веле_Смилевски__Влада_Урошевиќ.json,2026-09-16T13:16:59.840692+00:00
357_Ефтим Клетников_0,357,Славко Јаневски,Две приказни,Ефтим Клетников,train,0,"Вардар тече. Детство е една приказна.
Русалка пее. Пушка од играчка се става.
Татковски сон. Облак-крепост во небо вее.
Чувство немирен. Сон во ноќ се менува.
Сенка од мит се раскинува.

Крај на митот. Сонцето јасно прска.
Рамнината се буди. Студен ветер вее.
Сенка се тргнува. Светлост во ден доаѓа.
Пат се отвора. Земја се создава.
Време ново се јавува.

Трактор ора. Бетон во град се крева.
Машина бучи. Град нов се подига.
Свет усмивнат. Железо во рака се кова.
Светлост од челик избива.
Свет нов во живот се раѓа.",gemma-4-31b-it,google,0.13,-0.27,1.23,0.45,/Users/Aleks/Documents/Programming/Python/NLP/data/llm_transfer_logs/2026-09-16T131237.506974+0000__Славко_Јаневски__Ефтим_Клетников.json,2026-09-16T13:12:37.506974+00:00
292_Ефтим Клетников_0,292,Веле Смилевски,Телото на книгата,Ефтим Клетников,train,0,"Атом во атом се втисне.
Допир во рака, цут цвета.
Рамнината го носи овој светот.
Твоето име во ветер вее.
Сака душата твоето срце.

Коскена прашина во ноќта прска.
Наѕвезден скеле во небо вграде.
Ангел бос по земја растрчува.
Едем го чува овој пламенот.
Коските горат во темната ноќта.

Ненадеен зрак од светлина избива.
Шумскиот ветер во коса вее.
Твојот печат во срце втисне.
Срце во срце се вграде.
Душата во тебе се спојува.",gemma-4-31b-it,google,0.13,-0.27,0.16,0.45,/Users/Aleks/Documents/Programming/Python/NLP/data/llm_transfer_logs/2026-09-16T131500.120123+0000__Веле_Смилевски__Ефтим_Клетников.json,2026-09-16T13:15:00.120123+00:00
134_Ефтим Клетников_0,134,Јосип Коцев,"Сѐ што ќе создадам, отсега ќе чекори кон тебе",Ефтим Клетников,train,0,"Атоми, Скопје, прашината вее, вее.
Чекор дојде, прагот, вратата чекаше.
Рамнината прска сонцето, светлината, пламтот.
Жила, празноста, коренот спие, сонто.
Ветрот вее тишината, ноќта, градот.

Дрво избива, цутот, небото, ветерот.
Шумскиот мир, земјата, патот, чекорот.
Сосе, жила се спојува, врзува, тече.
Чекорот, прагот, душата дојде, стоеше.
Ене, дрвото, разлист, листот вее.

Шие, здивот, близината, ноќта, тишината.
Сапуница, мигот, пукната, исчезна, одлеташе.
Толку краткотраен, здивот, мигот, прашината.
Ене, ти се враќава, дојде, стоеше.
Две души, едната, вечноста, среќата.",gemma-4-31b-it,google,0.13,-0.27,0.36,0.45,/Users/Aleks/Documents/Programming/Python/NLP/data/llm_transfer_logs/2026-09-16T131857.201119+0000__Јосип_Коцев__Ефтим_Клетников.json,2026-09-16T13:18:57.201119+00:00
357_Катица Ќулавкова_0,357,Славко Јаневски,Две приказни,Катица Ќулавкова,train,0,"Детство како една стара приказна
Вардар-река со сребрена русалка
Високи облачни тврдини-визиите
Играчки-пушки во мали раце
Стари легенди од минатото
Сенки на заборавени херои

Немирен порив на младо срце
Татковски чекор низ сива прашина
Револуционерни сенки на патот
Чувство-прашина во тишината
Митични суштества од ноќта
Скриени нити на судбината

Остар крај на детскиот сонот
Студен одблесок на денот
Предел-граница меѓу световите
Особено тешка тишина-празнота
Станале спомени сите слики
Мртви бои на пейзажот

Нов бетон на улиците
Усмивнат трактор во нивите
Високи згради-столбови од челикот
Железни машини-чудовишта на градот
Предмети-стварности во движење
Чврста материја на сегашноста

Народот-градител на новите патишта
Модерна држава-форма на времето
Значење-реалност во предметот
Синтеза-време на промените
Стегната реалноста на стварноста",gemma-4-31b-it,google,-0.23,0.25,-0.7,-0.35,/Users/Aleks/Documents/Programming/Python/NLP/data/llm_transfer_logs/2026-09-16T131426.425153+0000__Славко_Јаневски__Катица_Ќулавкова.json,2026-09-16T13:14:26.425153+00:00
318_Катица Ќулавкова_0,318,Славко Јаневски,Илинка сончева свршеница - 5,Катица Ќулавкова,train,0,"Црното небо како оглед-та
Бурниот змеј-носник на ветрови-те
Громна бука-сила во тешкиот воздухот-то
Темни пориви-ветрови низ шумите-те
Оголени гранки-дрвја од голем страв-то
Силни згрми-тресења на високи планини-те

Огнени атрепи-искри од сив пепел-то
Исипана жега-плам врз сувата земја-та
Намуртени врвови-планини во густ мрак-то
Каменска стварност-тежина на светот-то
Износен страв-мрак во поглед-то
Суштества од оган и тенки нити-те

Млада Илинка како светлина-та
Закитната коса-свила на девојка-та
Бела кожа-мрамор во длабока тишина-та
Тишина-предмет-чекање во темната ноќта-та
Тонки нити-судбина на мало срце-то
Особена чистота-тишина на нејзината душа-та

Страсна копнеж-оган во поглед-то
Жарка желба-сила на змеј-то
Змејска душа-оган како див плам-то
Значи бесконечна жажда за неа-та
Срце-камен-плам во тесните гради-те
Дива страст-сила на странни суштества-та

Станале две сенки во мрак-то
Природа-оган-девојка во еден миг-то
Вечна врска-ниша на тешката судбината-та
Предмети од светлина и сенки-те
Силна бука-тишина во мало срце-то",gemma-4-31b-it,google,-0.23,0.25,0.02,-0.35,/Users/Aleks/Documents/Programming/Python/NLP/data/llm_transfer_logs/2026-09-16T131824.082812+0000__Славко_Јаневски__Катица_Ќулавкова.json,2026-09-16T13:18:24.082812+00:00
951_Пијан Славеј_0,951,Ефтим Клетников,светлината е огромна тајна,Пијан Славеј,train,0,"Господе, лулајте ме тивно сега.
Плени светлината многу полека.
Расипе земјички многу сега.
Ти верувам, ти верувам силно.
Ширам дланките многу тивно.
Крие се тајната тука сега.
Ти верувам, ти верувам силно.

Тече модрина многу силно.
Пливаат крилата модра тивно.
Плукни ги огромен вулкан брзо.
Гаси ѕвездите многу брзо.
Станува непроѕирен многу сега.
Чува се адамова тајна тивно.
Велат дека е мирна сега.
Спијте сега, спијте многу тивно.",gemma-4-31b-it,google,0.31,-0.45,0.14,1.51,/Users/Aleks/Documents/Programming/Python/NLP/data/llm_transfer_logs/2026-09-16T131307.947211+0000__Ефтим_Клетников__Пијан_Славеј.json,2026-09-16T13:13:07.947211+00:00
318_Пијан Славеј_0,318,Славко Јаневски,Илинка сончева свршеница - 5,Пијан Славеј,train,0,"Огнот силно атрепи
Небото тешко и силно исипа
Планината гласно и тешко згрми
Ветерот брзо и силно оголи
Носник тешко и зло намурте
Бука силно се случи
Земјата тешко се тресе

Илинка убаво и многу закитена
Змејот силно и тешко плени
Љубовта тешко и брзо расипе
Велат дека тој силно сака
Дланките силно треперат
Ваков тој силно те бара
Износен страстно и тешко стои
Срцето силно го плени",gemma-4-31b-it,google,0.31,-0.45,0.14,1.51,/Users/Aleks/Documents/Programming/Python/NLP/data/llm_transfer_logs/2026-09-16T131630.193266+0000__Славко_Јаневски__Пијан_Славеј.json,2026-09-16T13:16:30.193266+00:00
134_Пијан Славеј_0,134,Јосип Коцев,"Сѐ што ќе создадам, отсега ќе чекори кон тебе",Пијан Славеј,train,0,"Дојдов бавно во градот.
Чекорам тишината што те чека.
Жилата влечат силно сега.
Атомот лета брзо горе.
Толку долго те сакав.
Се шие бавно тишината.
Расипе се сè околу нас.

Разлист дрво трепере силно.
Сапуница пука лесно тука.
Краткотраен е овој наш пат.
Велат дека си веќе тука.
Земи ме ваков распеан.
Дланката ме плени силно.
Свират тие песни за нас.
Плукни го овој сон сега.",gemma-4-31b-it,google,0.31,-0.45,0.01,1.51,/Users/Aleks/Documents/Programming/Python/NLP/data/llm_transfer_logs/2026-09-16T132011.901320+0000__Јосип_Коцев__Пијан_Славеј.json,2026-09-16T13:20:11.901320+00:00
357_Ристо Лазаров_0,357,Славко Јаневски,Две приказни,Ристо Лазаров,train,0,"Детство, приказна-песна, мит, сон, време.
Среде Вардар, талка, вода-сјај, река, ток.
Сон во тихата, сина вода-длабочина, мир.

Русалка, коса-нишка, блесок, сјај, море, сол.
Играчки пушки, сенки, прашина-песок, земја, праг.
Комитови чекори по густата трева, зеленило, пат.

Облак-крепост, замок-сон, визија-свет, небо, висина.
Немирен сон, сетне чувство, копнеж-жалост, душа.
Мераци на малечките, бели раце, прсти, сјај.

Татковски збор, реч-сила, закон-ред, глас, ехо.
Крај на старите, заборавени века, време, прашина.
Севезден пат, троа, сиви камени, праг, чекор.

Нов трактор, сила-точко, шум-глас, челик, оган.
Бетон-кула, висина-стена, чад-оган, град, чад.
Железо-град, ѕидови-грани, сив бетон, тврдост, камен.

Машини-точки, катаден ритам, звук-чукање, труд, пот.
Усмивнат нив, крај-плод, зрно, храна, земја.
Труд на новите, млади раце, длани, сила.

Среде светта, визија-светло, нов ден, почеток, сјај.
Родна земја, судбина-патека, дом-кров, мир, тишина.
Мир на сите, чесните луѓе, души, срца.",gemma-4-31b-it,google,-0.35,-0.23,1.61,0.05,/Users/Aleks/Documents/Programming/Python/NLP/data/llm_transfer_logs/2026-09-16T131417.486950+0000__Славко_Јаневски__Ристо_Лазаров.json,2026-09-16T13:14:17.486950+00:00
292_Славко Јаневски_0,292,Веле Смилевски,Телото на книгата,Славко Јаневски,train,0,"На Пирин цвете црвено капна,
твој нежен допир душата разбудила,
душата моја те сака,
срцето моето те бара,
љубовта наша жешка гора.

Наѕвездено скеле градјам јас тука,
атоми мали вграде во мене,
твојот зрак светул небото раскина,
бела зора сè осветлила,
светот цел и тивок застана.

Ангел бос по полиња растрчува,
ненадеен допир нежен мене допре,
твојот здив во мене се втисне,
чедо мило, душата моја копнела,
сокол летен и брз те носела.

Коскено пламче во нас горело,
коска моја бела те барала,
оган жесток и силен сè јаде,
твојот лик во мене вградила,
душата моја тиха загина.

Села мали во сон се будат,
ние двајца едно станале,
зората нова ни ја даде,
бесконечна љубов нас ни донесе,
твојот атом мој стана,
вечноста нас ни ја отворила.",gemma-4-31b-it,google,-0.57,-0.03,-0.03,-0.08,/Users/Aleks/Documents/Programming/Python/NLP/data/llm_transfer_logs/2026-09-16T131426.465922+0000__Веле_Смилевски__Славко_Јаневски.json,2026-09-16T13:14:26.465922+00:00
945_Славко Јаневски_0,945,Ефтим Клетников,НА ПОЛНОЌ КОГА ПРСКА ЈАТКАТА НА МРАКОТ-4,Славко Јаневски,train,0,"Бистра ноќта тешка и црна падна.
Марко стоеше во густина темна.
Срце оган силен и жежок пламна.
Тамна ноќ неговиот дух зазема.
Зора бледа од врвот повика.

Мисли тешки беа како претеж.
Тој сржта на светот расчатали.
Сонце златно во душата капна.
Срце силно во градите заби.
Светлина чиста неговото тело допре.

Крилја бели и широки се отворија.
Истовремено небо сино го повика.
Општ мир неговата душа облече.
Сокол брз лета над села.
Дух висок над планините издигна.

Цвете румено во градина цвести.
Мирис плодови слатки и сочни дојде.
Хармонија вечна во воздухот стана.
Цврстина чекор силен во него јаде.
Зелени лисја млади се развија.

Духовен амбар богат се наполни.
Богатство големо тој во себе најде.
Човек обновен на карпата стои.
Зора светла сè во околината осветли.
Пирин планина со молчење гледа.
Светот нов во него се роди.
Светлоста вечна го води.",gemma-4-31b-it,google,0.43,-0.03,0.35,0.12,/Users/Aleks/Documents/Programming/Python/NLP/data/llm_transfer_logs/2026-09-16T131706.505011+0000__Ефтим_Клетников__Славко_Јаневски.json,2026-09-16T13:17:06.505011+00:00
134_Славко Јаневски_0,134,Јосип Коцев,"Сѐ што ќе создадам, отсега ќе чекори кон тебе",Славко Јаневски,train,0,"Во Скопје градот заспи тежок,
Твојот чекор дојде низ прашина,
Срцето моето затрепери тешко,
Толку долго чекав зора,
Златна роса капна на трева.

Раката твоја шие жила живи,
Атом по атом се спојува,
Телото стана нова земја плодна,
Крвта тече врела низ вени,
Старата болка загина во мрак.

Над нас разлист дрво расте,
Гранка со црвено цвете се витка,
Небото отвори широка врата сина,
Духот лета како сокол слободен,
Светот стана светла песна чиста.

Дишеме заедно како еден здив,
Сапуница краткотраен сон лета,
Нежни облаци треперат над нас,
Среќата е стаклена нишка тенка,
Времето застана во еден миг.

Самотата замина во црна ноќта,
Ние станавме една душа вечна,
Пирин планина ни сведочи тиха,
Љубовта е нова зора светла,
Светото чедо на светлината дојде,
Срцето моето сега мирува тихо.",gemma-4-31b-it,google,-0.57,-0.03,0.01,-0.08,/Users/Aleks/Documents/Programming/Python/NLP/data/llm_transfer_logs/2026-09-16T132013.649942+0000__Јосип_Коцев__Славко_Јаневски.json,2026-09-16T13:20:13.649942+00:00
134_Адем Гајтани_0,134,Јосип Коцев,"Сѐ што ќе создадам, отсега ќе чекори кон тебе",Адем Гајтани,train,0,"Скопје, градот, чекорот, ти дојде
Улицата, каменот, ти си тука
Тркалезен атом, срцето силно чука
Божилото, небото, белата светлината
Времето, часот, ти ја гледате
Твојата рака, мојата рака, тесното

Иглата шие жила, топлата кожата
Крвта, нишката, ти ја претворате
Телото, душата, вилиците на болката
Ката, името, ти го викате
Сонцето, месечината, темната ноќта
Среброто, златото, долгата вечноста

Дрвото, разлист, листовите паѓаат
Толку виси, гранката, слатките плодовите
Школката, морето, тие те бараат
Планината, врвот, белите облаците
Звездите, патеките, ти ги газите
Светот, прашинот, ти го носите

Сапуница, здивот, краткотраен сонот
Самите, тие, сега се спојуваат
Излегува светлината, таа се лула
Двајцата, еден, тркалезен кругот
Мирот, тишината, нас ни останува
Љубовта, името, ти го чувате",gemma-4-31b-it,google,-0.24,-0.07,-0.08,0.04,/Users/Aleks/Documents/Programming/Python/NLP/data/llm_transfer_logs/2026-09-17T162907.289053+0000__Јосип_Коцев__Адем_Гајтани.json,2026-09-17T16:29:07.289053+00:00
873_Адем Гајтани_0,873,Пијан Славеј,ШТРКОТ,Адем Гајтани,train,0,"Тропне раката на прозорецот.
Ноќ Матка, тешка ноќ темна.
Гост со лице каменото.
Рече зборови за судбината.
Божилото се врти во темнината.
Гледаат ѕвездите од висината.

Снесе бебешки врзопче на масата.
Натален календар, црни нити старите.
Тркалезен круг на хартата.
Судбината е нишка во ката.
Претвораш прашина во телото.
Чекањето е тишина во собата.

Западен врв, планина сива.
Бреговите на Матка се спијат.
Вилиците на реката се кријат.
Ветерот носи мирис на земја.
Излегува светлината од сенката.
Птицата прелета над долината.

Пак доаѓа патот на детето.
Време тркалезно, време старо.
Врзопчето е јаболко на вечноста.
Детето влегува во мојата глава.
Божилото го води во реките.
Судбината е песна на планината.",gemma-4-31b-it,google,-0.24,-0.07,-0.21,0.04,/Users/Aleks/Documents/Programming/Python/NLP/data/llm_transfer_logs/2026-09-17T163306.747577+0000__Пијан_Славеј__Адем_Гајтани.json,2026-09-17T16:33:06.747577+00:00
949_Адем Гајтани_0,949,Ефтим Клетников,темно место,Адем Гајтани,train,0,"Отидов долу во темнината, јамата
Господ спие во божилото, каменто
Тишината е прашина, прашината, пепелта
Очите на ноќта тие гледаат
Светот е јама, темните вилиците
Буфот вика во празнината

Данте чекори по патеките, камените
Овиди пишува во водата, слзите
Госпоѓата чека во сенката, темнината
Девицата Марија е светлината, ноќта
Тие затворената врата бараат
Ти се претвораш во ката

Слеге, дај ми вечното пламенто
Господине, јас ја барам водата
Планината е ѕид, карпата
Коњот трча низ маглата, празнината
Рацете се празни, острите вилиците
Срцето ја бара ноќта

Ноќта е школката на вечноста
Духот излегува од јамата, темнината
Сонцето е заборавено, светлината, тишината
Слоевите се камен, земјата, прашината
Ѕвездите во темнината тие гледаат
Сè е тишина, божилото",gemma-4-31b-it,google,-0.24,-0.07,0.0,0.04,/Users/Aleks/Documents/Programming/Python/NLP/data/llm_transfer_logs/2026-09-17T163818.555960+0000__Ефтим_Клетников__Адем_Гајтани.json,2026-09-17T16:38:18.555960+00:00
704_Адем Гајтани_0,704,Блаже Конески,НОЌНА ПЕСНА,Адем Гајтани,train,0,"Темносино небо, ѕвезди, месечина
Пелистер гледа, тишината тука
Ноќта излегува, божилото сјае
Тркалезен месец, сребрена нива
Ветерот шепоти, гора се лула
Небото се претвора во тага

Песната опијанува, срцето чука
Тишината пригласува, мислата лета
Опсипува ноќта, тешка вода
Вилиците слушаат, гората спие
Една жуберка, остаток од срцето
Сонот се претвора во судбина

Елена тука, во моите раце
Жал се лее, река тече
Нејќи мисла, крило окрилува
Срцето плаче, каменото срце
Гледаат ѕвезди, далечна страна
Тагата се шири, темна ноќта

Чекањето тука, празна патока
Таа не доаѓа, вратата затворена
Школката чува, тајна од божилото
Голема ката, тешка судбина
Опијана душа, стклена чаша
Претвораш тага, вечна тишина",gemma-4-31b-it,google,-0.24,-0.07,-0.41,0.04,/Users/Aleks/Documents/Programming/Python/NLP/data/llm_transfer_logs/2026-09-17T164321.829002+0000__Блаже_Конески__Адем_Гајтани.json,2026-09-17T16:43:21.829002+00:00
114_Адем Гајтани_0,114,Катица Ќулавкова,"Скршени, набожни",Адем Гајтани,train,0,"Човекот лишен, душата скршена сега.
Градот Скопје, улиците празни и сиви.
Тенките сенки излегуваат од темнината.
Јазикот заборавено, зборовите молчат.
Божилото паѓа на тешките главите.
Гледаат очите во сивата прашината.

Законите дребни, моралот паѓа.
Морањето тешко, рацете треперат.
Ката се претвора во камен.
Срцето тркалезен страв носи.
Сенките чекаат во вилиците.
Студот јаде ја кожата.

Крш на патот, кршшшшшшшшшш, прашината лета.
Суви лисја, ветрот ги носи.
Белите коски, земјата ги крие.
Школката пукна, морето молчи.
Крш на кулата, кршшшшшшшшшш, паѓа.
Пепелта лета над домовите.

Човекот набожен, молитвата тиха.
Псссссссстстстст, јазикот замолчи во ноќта.
Трпењето долго, времето тече.
Сенките гледаат во темнината.
Срцето скршено, надежта исчезна.
Мирото тече на каменот.",gemma-4-31b-it,google,-0.24,-0.07,-0.25,0.04,/Users/Aleks/Documents/Programming/Python/NLP/data/llm_transfer_logs/2026-09-17T164704.428474+0000__Катица_Ќулавкова__Адем_Гајтани.json,2026-09-17T16:47:04.428474+00:00
763_Адем Гајтани_0,763,Пијан Славеј,АБРАКАДАБРА,Адем Гајтани,train,0,"Птицо, на клада спиеш во ноќта.
Сонцето над Вардар грее во дењето.
Дењето носи мудрост во главата.
Ти сонуваш месечина во сонот.
Сонот се претвора во вистината.
Божилото вртење го знае ноќта.

Сијалките на улиците светат.
Ветерници црвени во далечината.
Вино црно во чашата.
Ноќта е магија во ноќта.
Светот се претвора во ката.
Сенките ја бараат птицата.

Месечината рече на крилата.
Можеш да леташ над планината.
Вилиците на ноќта чекаат.
Срцето чуе го божилото.
Духот излегува од школката.
Ноќен пат во темнината.

Утрото носи мудрост во главата.
Ноќта е храброст нова.
Птица сонува во темнината.
Сега месечината го води патот.
Сонот се претвора во вистината.
Птицата спие на кладата.",gemma-4-31b-it,google,-0.24,-0.07,-0.21,0.04,/Users/Aleks/Documents/Programming/Python/NLP/data/llm_transfer_logs/2026-09-17T165141.250021+0000__Пијан_Славеј__Адем_Гајтани.json,2026-09-17T16:51:41.250021+00:00
544_Адем Гајтани_0,544,Бранко Цветкоски,БОГИНКИ,Адем Гајтани,train,0,"Вечерен дожд, рѓа, Кораб-планината,
измиен камен, козја патека, прашина.
Водата тече, цела земјата спие,
сребрена нива, сива и тешка облака.
Божилото паѓа, времето долго трпне,
ти се претвораш во големата тишината.

Крепоста стои, високи студени врвови,
планината паѓа, вулкан се буди.
Оган, пепел, црвени луди вали,
вилиците на земјата се отвораат.
Камен, јазови, темна длабока река,
сонцето излегува од длабокото дното.

Големо око, ноќна чудна визба,
трепнување, сенка, тешка веќа.
Звездите бараат пат, доаѓа темнината,
срцето чука, тишината зборува.
Тркалезен круг, затворена порта,
духот чека, ноќта доаѓа.

Црна празнина, светлина, вечното средиште,
светот звечи, железен звукот.
Школката на вечноста, сива прашина,
ката на болка, бела точка.
Средината свети, празен просторот,
земјата спие, божилото молчи во ноќта.",gemma-4-31b-it,google,-0.24,-0.07,0.04,0.04,/Users/Aleks/Documents/Programming/Python/NLP/data/llm_transfer_logs/2026-09-17T165717.243792+0000__Бранко_Цветкоски__Адем_Гајтани.json,2026-09-17T16:57:17.243792+00:00
46_Адем Гајтани_0,46,Ацо Шопов,Ноќта,Адем Гајтани,train,0,"Поетот гледа во очите,
зениците се тркалезни, јасните.
Убавината измамува, лага,
на бреговите на водата.
Сонта се буди, вика,
светот се претвора во тага.

Дентот е возбудено срце,
паметите течат, реките растат.
Водите се разливаат, пливат,
границите се бришат, исчезнуваат.
Гора Охрид, камените патишта,
сливањето на два света.

Ноќта носи тежок заборав,
успивањето доаѓа, мирот владее.
Божилото вртење, темнината паѓа,
Сонта спие, вилиците молчат.
Школката чува тишина, тајна,
звездите се гаснат, паѓаат.

Присен е стравот, копнежот,
недонесен е одговорот, зборот.
Ката се враќа, оди,
поетот пишува, името останува.
Срцето чука, времето тече,
светот е една голема тајна.",gemma-4-31b-it,google,-0.24,-0.07,-0.75,0.04,/Users/Aleks/Documents/Programming/Python/NLP/data/llm_transfer_logs/2026-09-17T170155.446085+0000__Ацо_Шопов__Адем_Гајтани.json,2026-09-17T17:01:55.446085+00:00
318_Блаже Конески_0,318,Славко Јаневски,Илинка сончева свршеница - 5,Блаже Конески,train,0,"Бурно исипа небото темна вода,
силно згрми тешката, густа гората,
стравно се намурте злиот, силен змеј,
брзо оголи секоја износена гранка,
бука страшна го тресе планинската висина,
темно се закрија сите тесни патишта,
силно трепери секоја зелена трева.

Спрема тебе, убава, млада Илинка,
лета соколски змеј со голема мака,
жешко атрепи секоја ситна трепка,
закитен со страсна, длабока копнежа,
вика силно цела, жална љубовта,
мина лутата мака во душата,
силно го пали оваа жарна мака,
носник на силна, огнена страста.",gemma-4-31b-it,google,-1.42,-0.3,0.24,0.35,/Users/Aleks/Documents/Programming/Python/NLP/data/llm_transfer_logs/2026-09-17T163003.643143+0000__Славко_Јаневски__Блаже_Конески.json,2026-09-17T16:30:03.643143+00:00
292_Блаже Конески_0,292,Веле Смилевски,Телото на книгата,Блаже Конески,train,0,"Твојот нежен допир силно втисне,
ненадеен вик сосем јавно растрчува,
коскената мака бавно сега мина,
спрема тебе мојот пат тече,
силно сака душата да се вграде,
во твојата длабока, тиха ноќна,
каде сè мрзне во вечноста.

Наѕвездена висина сосем тиво блеска,
мал атом силно во тебе втисне,
како сокол брзо низ облака,
твојот срчен ритам јасно чува,
вградени сме во едната песна,
која сосем тиво сега тече,
преку сите далечни, темни патишта,
каде љубовта вечно се растрчува.",gemma-4-31b-it,google,-1.42,-0.3,0.04,0.35,/Users/Aleks/Documents/Programming/Python/NLP/data/llm_transfer_logs/2026-09-17T163213.923697+0000__Веле_Смилевски__Блаже_Конески.json,2026-09-17T16:32:13.923697+00:00
181_Блаже Конески_0,181,Гане Тодоровски,Нашинска,Блаже Конески,train,0,"Малцичка луда надеж тихо тече,
студен вод бистрине силно лее,
брзо вардарине во темнината вие,
тешка мака долго и тешко мина,
тиха песна во гради чува,
сива сенка бавно се тргна,
јасна вистина јасно се гледа,
доварди силно и гордо стремеше.

Високи корабине гордо се крева,
тврдо колено долго истрајвек има,
чист струмине вод силно разбистри,
силен вик спрема небо одвива,
бела радост во срца прелееме,
смел сокол високо сега лета,
стара тага конечно мрзне,
нова судбина силно се плете.",gemma-4-31b-it,google,-0.42,-0.3,-0.09,0.85,/Users/Aleks/Documents/Programming/Python/NLP/data/llm_transfer_logs/2026-09-17T163558.838934+0000__Гане_Тодоровски__Блаже_Конески.json,2026-09-17T16:35:58.838934+00:00
945_Блаже Конески_0,945,Ефтим Клетников,НА ПОЛНОЌ КОГА ПРСКА ЈАТКАТА НА МРАКОТ-4,Блаже Конески,train,0,"Тешка густина сосем темна паѓа,
тиво сржта бавно се расчатали таа,
врела мака силно во гради се разлева,
широко крило спрема висина се крева,
мина ноќта, тешко се разбуди душата,
тиво трепери во темната ноќна,
срцето силно и сосем јасно зачуе.

Истовремено цвести златна градина,
општ мир сосем лесно се шири таа,
светла претеж силно нас води таа,
цврстина нова во дух се вгради таа,
полни амбара со плодови се отворија,
обновен дух сосем лесно пее,
чиста хармонија тиво во нас се лее.",gemma-4-31b-it,google,-2.42,-0.3,0.84,-0.15,/Users/Aleks/Documents/Programming/Python/NLP/data/llm_transfer_logs/2026-09-17T163940.132592+0000__Ефтим_Клетников__Блаже_Конески.json,2026-09-17T16:39:40.132592+00:00
134_Блаже Конески_0,134,Јосип Коцев,"Сѐ што ќе создадам, отсега ќе чекори кон тебе",Блаже Конески,train,0,"Тивко твојот чекор дојде спрема мене,
Сивиот град сосем замолча сега,
Мала атом-искра силно затрепере,
Тврдите жила меко се отворија,
Старата мака полека ми мина,
Тешките срца брзо забија,
Светиот вик јасно се слушнува,
Бела светлина нежно ни дојде.

Невидлива рака внимателно кожата шие,
Краткотраен сон слатко се плете,
Разлистато дрво високо се издига,
Проѕирна сапуница лесно се топива,
Толку длабоко душата се спојува,
Нежна нишка цврсто нè врзува,
Студена ноќ сосем мрзне сега,
Вечна тишина мирно ни дојде.",gemma-4-31b-it,google,-0.42,-0.3,-0.15,0.85,/Users/Aleks/Documents/Programming/Python/NLP/data/llm_transfer_logs/2026-09-17T164209.653521+0000__Јосип_Коцев__Блаже_Конески.json,2026-09-17T16:42:09.653521+00:00
114_Блаже Конески_0,114,Катица Ќулавкова,"Скршени, набожни",Блаже Конески,train,0,"Скршен дух сосем мрзне сега,
лишен глас тивко се заборава,
дребно срце тешко се мори сега,
лутата мака сосем го јаде,
сенки бледи брзо се тртат,
заборавена реч тешко се слуша,
духот набожен тивко се преклоне.

Сув крш гласно кршшшшшшшшшш паѓа,
сива прашина сосем се шира,
трпењето долго тивко се трпе,
псссссссстстстст, викот сосем замолкна,
тешка тишина бавно се лее,
скршени надежи сосем се губат,
морални јазици тивко се замолчаа,
спрема ништото сосем се предава.",gemma-4-31b-it,google,-1.42,-0.3,-0.09,0.35,/Users/Aleks/Documents/Programming/Python/NLP/data/llm_transfer_logs/2026-09-17T180511.755367+0000__Катица_Ќулавкова__Блаже_Конески.json,2026-09-17T18:05:11.755367+00:00
544_Блаже Конески_0,544,Бранко Цветкоски,БОГИНКИ,Блаже Конески,train,0,"Вечерниот дожд сосем измива сè,
стара рѓа полека се тргнува,
козја стрмана тешко сега трепере,
сиви карпи тиво се мијат сега,
високи врвови длабоко паѓаат тешка,
во врели јами силно валнува,
таму сè мрзне во визба,
стара мака сосем сега мина.

Големо око тивко се затвора,
во камен крепоста тешко трпне,
црна ноќ силно сега сјае,
во светот средиште тиво ѕвечи ноќта,
темна вистина сосем се открива,
спрема нас тивок вик долета,
црн сокол тешко се спушта,
во вечна тишина сè затишува.",gemma-4-31b-it,google,-0.42,-0.3,0.03,0.85,/Users/Aleks/Documents/Programming/Python/NLP/data/llm_transfer_logs/2026-09-17T182043.932475+0000__Бранко_Цветкоски__Блаже_Конески.json,2026-09-17T18:20:43.932475+00:00
46_Блаже Конески_0,46,Ацо Шопов,Ноќта,Блаже Конески,train,0,"Светлиот ден сега возбудено тече,
лажна убавина сите луѓе измамува,
но поетот сосем јасно гледа,
недонесен сон тиво се раширува,
бескрајни светови тој ги допирува,
силно спрема една чиста вистина,
остро се сече секоја граница,
тиво се слива секоја стрна.

Темна ноќта бавно се спушта,
тешка памет сосем сега мрзне,
тивок заборав сè го брише,
ладно се разлива ноќна тишина,
присен страв во гради рика,
како стара мака што мина,
нежно сè во сон успива,
сосем тивко се слива ноќта.",gemma-4-31b-it,google,-0.42,-0.3,-0.09,0.85,/Users/Aleks/Documents/Programming/Python/NLP/data/llm_transfer_logs/2026-09-17T182609.399768+0000__Ацо_Шопов__Блаже_Конески.json,2026-09-17T18:26:09.399768+00:00
42_Блаже Конески_0,42,Богомил Ѓузел,Бдеење,Блаже Конески,train,0,"Тешкото небо полека се затвора,
чкрип хоризонт тешко се тресе,
од празен дуќан лебец останува,
горк алкохол предвреме се запалува,
бессоницата луто во мене рика,
студена мака тивката ноќ пресека,
сива темнина тешко се спушта,
мрзнати часови долго се чека.

Темната ноќ силно ме магнетисува,
уморно срце внимателно слуша,
по длабоки линии дланта мина,
како сокол остар вик мрзне,
спрема судбината тивката солза тече,
оваа тешка мака сосем не мина,
тивок глас сосем се крие,
вод од тага полека се лее.",gemma-4-31b-it,google,-0.42,-0.3,-0.03,0.85,/Users/Aleks/Documents/Programming/Python/NLP/data/llm_transfer_logs/2026-09-17T182824.935913+0000__Богомил_Ѓузел__Блаже_Конески.json,2026-09-17T18:28:24.935913+00:00
122_Блаже Конески_0,122,Гане Тодоровски,Ноќ без интерпункција,Блаже Конески,train,0,"Поникнати патувачи тешко бродиме,
натежната мака сосем ни тегне,
разголени тела тивко се тресе,
спрема брегот луто се стремиме,
мината сила сосем исчезна,
тешка ноќ сосем ни затворива,
оваа стрплива мака не пушта,
тивок вик спрема небото лета.

Мало кајче бавно се плива,
немаме сила за кратка запирка,
мрзне сè во темната вода,
зората сосем тивко сјае,
повторно срцата силно зачуја,
натежната ноќ конечно мина,
спрема светлината сосем се вртиме,
нова надеж тивко се јавува.",gemma-4-31b-it,google,-0.42,-0.3,-0.4,0.85,/Users/Aleks/Documents/Programming/Python/NLP/data/llm_transfer_logs/2026-09-17T183515.744333+0000__Гане_Тодоровски__Блаже_Конески.json,2026-09-17T18:35:15.744333+00:00
945_Братислав Ташковски_0,945,Ефтим Клетников,НА ПОЛНОЌ КОГА ПРСКА ЈАТКАТА НА МРАКОТ-4,Братислав Ташковски,train,0,"Ноќта длабоко темнееше
нагло се разбудив јас
срце-оган силно гореше внатре
ја расчаталив сржта полека
густина истовремено се создава
претеж полека се поместува
сакав повторно да летам
хармонија тивко пристигна сега
цврстина повторно се враќа
амбара наскоро полнавам сам
општ сјај се шири сега
стиховите повторно пишувам јас
обновена душа се буди сега
за тоа силно борам",gemma-4-31b-it,google,-0.27,-0.18,-0.42,1.89,/Users/Aleks/Documents/Programming/Python/NLP/data/llm_transfer_logs/2026-09-17T165835.233313+0000__Ефтим_Клетников__Братислав_Ташковски.json,2026-09-17T16:58:35.233313+00:00
949_Братислав Ташковски_0,949,Ефтим Клетников,темно место,Братислав Ташковски,train,0,"Слизам долу многу бавно сега
Го гледам Господа сега
Слепиот зборува тиво сега
Данте и Овиди пишуваат стиховите
Буф вика многу силно сега
Ноќта и оган брзо побарувам
Водата тече многу силно сега
Коњот ме носи брзо сега
Планината се појавува бавно сега
Госпоѓата се моли тиво сега
Марија девица плаче силно сега
Со празната силно се борам
Книгата бавно ја пишувам
Господине, буди се брзо сега",gemma-4-31b-it,google,-0.27,-0.18,0.3,1.89,/Users/Aleks/Documents/Programming/Python/NLP/data/llm_transfer_logs/2026-09-17T180641.958377+0000__Ефтим_Клетников__Братислав_Ташковски.json,2026-09-17T18:06:41.958377+00:00
1147_Братислав Ташковски_0,1147,Ристо Лазаров,МУЗА,Братислав Ташковски,train,0,"Плачеме тивко сега,
чекор по чекор одиме,
дамар силно пулсира,
гревот тешко го носам.
брашно белиме на кожата,
вран црно лета,
ливан зелено го газам,
лулашка високо се ниша.
здив тешко го земам,
дипле меко го фаќам,
надуен живот сега расте.
сакам силно да борам,
наскоро стиховите ќе напишам,
огнот повторно го направи.",gemma-4-31b-it,google,-0.27,-0.18,-0.7,1.89,/Users/Aleks/Documents/Programming/Python/NLP/data/llm_transfer_logs/2026-09-17T181018.979633+0000__Ристо_Лазаров__Братислав_Ташковски.json,2026-09-17T18:10:18.979633+00:00
544_Братислав Ташковски_0,544,Бранко Цветкоски,БОГИНКИ,Братислав Ташковски,train,0,"Дождот бавно ја измиен рѓата
тече тишо по козјата патека
планини огнови паѓаат сега
во темнината што силно трепка
крепоста ноќта долго чува
окото визбата затвора сега
црната сјае како вода
средиштето бавно се отвора
ѕвечи јасно целата ноќта
јас сакам само да видам
како се топи секое зрнце
наскоро ќе замолчи земјата
јас пишувам само за ова
во моите сите стиховите",gemma-4-31b-it,google,-0.27,-0.18,-0.06,1.89,/Users/Aleks/Documents/Programming/Python/NLP/data/llm_transfer_logs/2026-09-17T183852.746689+0000__Бранко_Цветкоски__Братислав_Ташковски.json,2026-09-17T18:38:52.746689+00:00
42_Братислав Ташковски_0,42,Богомил Ѓузел,Бдеење,Братислав Ташковски,train,0,"Небото силно сега се затвора
Хоризонтот чкрипи многу сега
Дуќанот затвори многу предвреме
Алкохолот бавно ме зазема
Лебецот тивко го јадам
Бессоницата долго ме слуша
Ноќта силно ме магнетисува
Огнот веќе го запалува
Борам со себе многу сега
Дланта внимателно ја гледам
Одам по линиите сега
Судбината долго ме чека
Пишувам само за стиховите
Наскоро конечно ќе заспијам",gemma-4-31b-it,google,-0.27,-0.18,-0.35,1.89,/Users/Aleks/Documents/Programming/Python/NLP/data/llm_transfer_logs/2026-09-17T185349.249580+0000__Богомил_Ѓузел__Братислав_Ташковски.json,2026-09-17T18:53:49.249580+00:00
122_Братислав Ташковски_0,122,Гане Тодоровски,Ноќ без интерпункција,Братислав Ташковски,train,0,"Бродиме тешко по водата,
патувач поникнат оди,
кајче надежта тече сега.
Разголен силно се борам,
сакам повторно да најдам сила,
натежнат се движиме по земјата.
Зоро наскоро ќе доаѓа,
запирка време сега трае,
патувач бавно се враќа.
Силно се борам сега,
кајче носи цела надежта,
зоро светлина повторно сакам,
светлина бавно се разигра,
сè повторно сега започнува.",gemma-4-31b-it,google,-0.27,-0.18,-0.42,1.89,/Users/Aleks/Documents/Programming/Python/NLP/data/llm_transfer_logs/2026-09-17T185646.719326+0000__Гане_Тодоровски__Братислав_Ташковски.json,2026-09-17T18:56:46.719326+00:00
873_Веле Смилевски_0,873,Пијан Славеј,ШТРКОТ,Веле Смилевски,train,0,"Планина Матка и ноќната тишината
Ноќна темна темнина на планината
Тропнување на стариот прозорецот
Западен ветер од кањона
Сенка од далечната планината

Бебешко меко врзопче во рацете
Натална книга со знака
Кориците на старата натална книгата
Единица од тешката судбината
Снесена тајна во одаите

Рече пророк за децата
Збор одглас на тишината
Завесата на бебешката натална судбина
Бебешка судбина во книгата
Натална ознака на судбината

Пак прелета птица ноќна
Главната голема врата на домот
Враќање на синот пак
Планина Матка и кањона
Судбината на старата книгата
Одаите на големиот стар дом",gemma-4-31b-it,google,-0.27,-0.29,0.04,0.29,/Users/Aleks/Documents/Programming/Python/NLP/data/llm_transfer_logs/2026-09-17T163033.240891+0000__Пијан_Славеј__Веле_Смилевски.json,2026-09-17T16:30:33.240891+00:00
949_Веле Смилевски_0,949,Ефтим Клетников,темно место,Веле Смилевски,train,0,"Долу темна тешка црна завесата.
Стара затворена црна книгата.
Слепиот слеге во темна темнината.
Господине во празни сива одаите.
Мртва студена бела единица.
Слепа темна мртва единица.

Данте книга стара одгласата.
Овиди книга стара одгласата.
Спие Господ мртва бела единица.
Зевс во тешки црни кориците.
Стари мртви тешки одгласата.

Света Марија чиста бела девица.
Бела девица во празни одаите.
Бледа госпоѓ темна ноќта.
Изгубена темна ноќта единица.
Ноќта во празни сива одаите.

Жар буф оган чиста водата.
Студена чиста сива водата.
Висока сива тешка планината.
Брз црн коњот единица.
Слепа мртва темна единица.",gemma-4-31b-it,google,-0.27,-0.29,0.14,0.29,/Users/Aleks/Documents/Programming/Python/NLP/data/llm_transfer_logs/2026-09-17T163359.945036+0000__Ефтим_Клетников__Веле_Смилевски.json,2026-09-17T16:33:59.945036+00:00
1147_Веле Смилевски_0,1147,Ристо Лазаров,МУЗА,Веле Смилевски,train,0,"Чиста солзата на одаите
Бело брашното во книгата
Стара лулашка на единица
Сон во темните одаите
Таа прва единица

Зелена ливаната на Скопје
Црн вран коњот на ливаната
Тежок чекорот на одгласот
Празна завесата на одаите
Студен одглас на завесата

Топла кожата на гревот
Надуен дамарот на здивот
Тесен здивот на кожата
Мек гревот во диплето
Дипле на мека постела

Студен одгласот на книгата
Затворена книгата на кориците
Црни кориците на единица
Зевс човекот во одаите
Сам човекот на одгласот
Оваа последна единица",gemma-4-31b-it,google,-0.27,-0.29,-0.34,0.29,/Users/Aleks/Documents/Programming/Python/NLP/data/llm_transfer_logs/2026-09-17T163801.741596+0000__Ристо_Лазаров__Веле_Смилевски.json,2026-09-17T16:38:01.741596+00:00
704_Веле Смилевски_0,704,Блаже Конески,НОЌНА ПЕСНА,Веле Смилевски,train,0,"Темносино небо, ноќна тишина.
Месечина тука, бела единица.
Ѕвезди-огледала во темносината.
Опијанува тишина, празна одаја.
Зевс-молнија во сината далечина.
Сина, темна, ноќна тишина.

Жуберка од мисла, стара мисла.
Мисла-одглас, тешка, празна мисла.
Жал-книга, отворена, жална книга.
Завесата на темна, сина самота.
Тука, во ноќната, празна одаја.

Нејќи, далечна, туѓа, жална жена.
Кориците на нејзината, стара Книга.
Срце-единица, срце-болна, темна тишина.
Нејќи, во темносина-мисла, тука.
Жал-женска, жална, туѓа жена.

Окрилува ноќта, црна, тешка ноќта.
Опсипува жалот, тешка, сива тага.
Пригласува мислата, нема силен одглас.
Одглас на старата, празна Книга.
Книгата на темна, сина тага.",gemma-4-31b-it,google,-0.27,-0.29,0.14,0.29,/Users/Aleks/Documents/Programming/Python/NLP/data/llm_transfer_logs/2026-09-17T164217.762130+0000__Блаже_Конески__Веле_Смилевски.json,2026-09-17T16:42:17.762130+00:00
114_Веле Смилевски_0,114,Катица Ќулавкова,"Скршени, набожни",Веле Смилевски,train,0,"Забранета книга на тешки закони
Лишен човек во Скопје
Зевс и тешка единица
Забрането име на јазикот
Скршена буква во книгата

Суви лисја на прашниот пат
Дребни сенки и сув крш
Кршшшшшшшшшш во одаите
Скршен морал на луѓето
Сувиот крш на земјата

Набожен страв во темниот град
Тешко морање на телото
Псссссссстстстст во тишината
Набожни одаи на смртта
Една единица на болка

Долго трпење на болна душа
Забранет збор во кориците
Скршена тишина на ноќта
Лишени луѓе во прашинот
Забрането трпење на крајот
Скршен човек во книгата",gemma-4-31b-it,google,-0.27,-0.29,-0.15,0.29,/Users/Aleks/Documents/Programming/Python/NLP/data/llm_transfer_logs/2026-09-17T164545.241269+0000__Катица_Ќулавкова__Веле_Смилевски.json,2026-09-17T16:45:45.241269+00:00
763_Веле Смилевски_0,763,Пијан Славеј,АБРАКАДАБРА,Веле Смилевски,train,0,"Ноќна птица на сува клада.
Сува клада во темните одаите.
Сон на ноќната птица.
Тиха сива тешка завесата.
Спие ноќната птица.

Бело дење во стара книгата.
Слепо сонце на Зевса.
Сонцето-оган во бела единица.
Затворена тешка црна книгата.
Слепа бела единица.

Електрична месечина на ноќта.
Црвени врелници во одгласа.
Црно вино на ноќта.
Одглас на ноќната месечина.
Ноќна месечина во кориците.

Сега сонува ноќната птица.
Летачки перца на ноќта.
Одаите на ноќната птица.
Рече птица на ноќта.
Може ноќта во книгата.
Ноќна птица сега сонува.",gemma-4-31b-it,google,-0.27,-0.29,-0.24,0.29,/Users/Aleks/Documents/Programming/Python/NLP/data/llm_transfer_logs/2026-09-17T164907.685516+0000__Пијан_Славеј__Веле_Смилевски.json,2026-09-17T16:49:07.685516+00:00
544_Веле Смилевски_0,544,Бранко Цветкоски,БОГИНКИ,Веле Смилевски,train,0,"Вечерен дожд на сиви карпи
Рѓа на стара козја планина
Измиен сив камен на земјата
Рѓата на сивата земја
Студен дожд на карпите

Планински врвови во длабока јама
Длабоки црни вулкани на огнот
Оган средиште на светот
Зевс во долната единица
Камен пад во вулканите

Ноќна крепоста на стара визба
Големо слепо око во ноќта
Завесата на црната ноќта
Затворена визба на окото
Одаите на темна крепоста

Црна темнина на големо средиште
Светско средиште на книгата
Црна тешка книга на одгласот
Одглас на црната тишина
Ѕвечи на црната единица
Црна темнина на светот",gemma-4-31b-it,google,-0.27,-0.29,0.14,0.29,/Users/Aleks/Documents/Programming/Python/NLP/data/llm_transfer_logs/2026-09-17T165324.369558+0000__Бранко_Цветкоски__Веле_Смилевски.json,2026-09-17T16:53:24.369558+00:00
46_Веле Смилевски_0,46,Ацо Шопов,Ноќта,Веле Смилевски,train,0,"Лажна убавина на светот.
Тонка бела завесата на вистината.
Поет-око во длабока вистината.
Измамена слика на светлиот денот.
Бела единица на тихиот поетот.

Ден-разливање на памената.
Возбудени слики во белите одаите.
Сливање-време на жолтото сонцето.
Жарка единица на денот.
Отворена книга на старата памената.

Ноќ-успивање на тешкиот заборавот.
Тих заборавот на темната ноќта.
Присно спиење во црната темнината.
Темна завесата на долгиот сонот.
Заборавена единица на ноќта.

Недонесена граница на чистата вистината.
Книгата на поетот-око во сонот.
Кориците на белиот светот.
Зевс-тишина во празните одаите.
Бела единица на затворената книгата.",gemma-4-31b-it,google,-1.27,-0.29,0.21,0.04,/Users/Aleks/Documents/Programming/Python/NLP/data/llm_transfer_logs/2026-09-17T165840.956580+0000__Ацо_Шопов__Веле_Смилевски.json,2026-09-17T16:58:40.956580+00:00
134_Влада Урошевиќ_0,134,Јосип Коцев,"Сѐ што ќе создадам, отсега ќе чекори кон тебе",Влада Урошевиќ,train,0,"Градот чекор дојде среде мижи и прашина.
Бетон жила атом сфаќа во тишината.
Улица звук име се преплетуваат во ноќта.
Сенка тело бара пат низ градовите.

Игла кожа шие дрво разлист во небото.
Дух бавча плови низ облаци и светлината.
Корен срце врзува две судби во едно.
Живот нишка плете нова форма на битие.

Здив сапуница краткотраен миг се спојува.
Толку осаменост минува низ прсти и косата.
Две сенки станаат еден здив во ноќта.
Светлината сфаќа сè во овој мигот.
Мир лежи над текот на годините.",gemma-4-31b-it,google,-0.9,0.02,0.47,-0.33,/Users/Aleks/Documents/Programming/Python/NLP/data/llm_transfer_logs/2026-09-17T163943.105539+0000__Јосип_Коцев__Влада_Урошевиќ.json,2026-09-17T16:39:43.105539+00:00
873_Влада Урошевиќ_0,873,Пијан Славеј,ШТРКОТ,Влада Урошевиќ,train,0,"Западен рид кањон Матка прелета сенка.
Прозорец тропне стакло дрво ноќта ветерот.
Снесе бебешки врзопче рака ладна кожа.
Минува тишина среде прашина сивиот градот.

Рече натален запис цртање судбината линија.
Сфаќа нишка времето бавно плови река.
Бебето спие бавча мижи светлината око.
Звезди цртаат патека преку небото прашина.
Среде тишина се слуша здивот ноќта.

Пак ќе дојде чекорот времето главна врата.
Главна врата дрво праг клуч отворете.
Круг затворен времето повторно се враќа.
Влезе тело дух старите патишта земја.
Сфаќа врата клуч вечна ноќна тишината.",gemma-4-31b-it,google,0.1,0.02,-0.08,0.01,/Users/Aleks/Documents/Programming/Python/NLP/data/llm_transfer_logs/2026-09-17T164411.500552+0000__Пијан_Славеј__Влада_Урошевиќ.json,2026-09-17T16:44:11.500552+00:00
949_Влада Урошевиќ_0,949,Ефтим Клетников,темно место,Влада Урошевиќ,train,0,"Слегувам долу низ темнина каде спие Господе.
Данте Овиди чекаат среде празнина каде мижи.
Господине слеге водам чекор низ буф ветрите.
Сфаќа рака камен прашина тишина минуваат тие.

Бавча пламен вода ридот коњ што плови.
Девица Марија носи светлина низ црна ноќта.
Госпоѓ молчи јас лажам за патот што тече.
Среде бездна бараме клуч за заборавена ноќте.

Дух трпа во празен простор каде течето.
Срце бара пламен вода планина коњте.
Слегуваме низ сенки крие вистината.
Пад е тишина сфаќа сèто.
Господине слеге водам чекор кон светлите.
Минува време низ бездна каде спие.",gemma-4-31b-it,google,0.1,0.02,0.42,0.01,/Users/Aleks/Documents/Programming/Python/NLP/data/llm_transfer_logs/2026-09-17T164810.938496+0000__Ефтим_Клетников__Влада_Урошевиќ.json,2026-09-17T16:48:10.938496+00:00
1147_Влада Урошевиќ_0,1147,Ристо Лазаров,МУЗА,Влада Урошевиќ,train,0,"Вран плови среде зелен ливан и летото.
Чекор здив тага низ прашниот пат минува.
Дамар пулсира во темната и тешка ноќта.
Лулашка лелува над празната и стара бавча.

Брашно кожа грев во длабокото сфаќа.
Дипле постелнина топла пот се лее.
Тело надуен здив во ноќта го носи.
Мижи пот по белите и глатки рацете.
Ридот молчи среде страста и жалта.

Птица песна кал во градот се претвора.
Сон лажам во празната и студена соба.
Срце камен тишина во себе го чува.
Среде ноќта самото срце тешко чука.
Светот замолчува во сивата и густа магла.",gemma-4-31b-it,google,0.1,0.02,0.56,0.01,/Users/Aleks/Documents/Programming/Python/NLP/data/llm_transfer_logs/2026-09-17T165330.021083+0000__Ристо_Лазаров__Влада_Урошевиќ.json,2026-09-17T16:53:30.021083+00:00
114_Влада Урошевиќ_0,114,Катица Ќулавкова,"Скршени, набожни",Влада Урошевиќ,train,0,"Крш сенка јазик бавно плови низ тишината.
Лишен човек сфаќа прашина среде градовите.
Суви лисја трпење плови во темните водите.
Кршшшшшшшшшш звук коската се крши во празната.

Морал закон страв скршен дух тешко лежи.
Морање окоп набожен глас во тишината молчи.
Дребно срце мижи среде сите темнини.
Псссссссстстстст завеса покрива секое замрзнато лице.

Преци име пепел бавча бавно се разлета.
Сфаќа празнотија лишен од сопственото име.
Трпење камен тешко минува низ времето.
Крш душата се претвора во сите прашините.
Лажам себеси среде сите мртвите градови.
Скршен свет молчи во сивите ноќи.",gemma-4-31b-it,google,0.1,0.02,0.35,0.01,/Users/Aleks/Documents/Programming/Python/NLP/data/llm_transfer_logs/2026-09-17T165951.207719+0000__Катица_Ќулавкова__Влада_Урошевиќ.json,2026-09-17T16:59:51.207719+00:00
46_Влада Урошевиќ_0,46,Ацо Шопов,Ноќта,Влада Урошевиќ,train,0,"Убавина маска стаклен цел свет измамува.
Поет со сонилни очи длабока вистина сфаќа.
Граница земја небо во сива прашина се топи.
Вистина среде мижи сребрено тишо плови.

Ден возбудено разливање златна јасна светлина.
Време ток силна речна брза струја минува.
Ноќ тишина тежок црн заборав носи.
Сон успивање старите прашни памети брише.
Темнина мирно преплитување сините сенки црните.

Присен миг недонесено празно долго време.
Ридот молчи под тешките сиви облаци.
Дух бавча соништа во раце тихо собира.
Светот лажам со зборови снег бели чисти.
Сонце месечина во едно големо вечно сливање.",gemma-4-31b-it,google,0.1,0.02,0.35,0.01,/Users/Aleks/Documents/Programming/Python/NLP/data/llm_transfer_logs/2026-09-17T180747.277625+0000__Ацо_Шопов__Влада_Урошевиќ.json,2026-09-17T18:07:47.277625+00:00
42_Влада Урошевиќ_0,42,Богомил Ѓузел,Бдеење,Влада Урошевиќ,train,0,"Небото затвора дуќан, бравата чкрипи бавно.
Мрак магнетисува улици, тишината слуша среде ноќта.
Сонцето плови низ сиви облаци, предвреме.
Вечерта сфаќа студ, ветрот мижи по стаклото.

Алкохол леже во чаша, лебец на масата.
Бессоница запалува цигара, пепелта паѓа кроце.
Собата е затвор, ѕидовите се тешки.
Уморот минува низ коски, телото молчи.
Среде ноќта, страв плови низ собата.

Дланта е мапа, линиите се патишта.
Човекот чекори по кожата, бара време.
Судбата е низа, прстот ја следи.
Ридот на дланката сфаќа само прашината.
Самотијата е камен, ноќта го држи.",gemma-4-31b-it,google,0.1,0.02,0.06,0.01,/Users/Aleks/Documents/Programming/Python/NLP/data/llm_transfer_logs/2026-09-17T181142.001281+0000__Богомил_Ѓузел__Влада_Урошевиќ.json,2026-09-17T18:11:42.001281+00:00
122_Влада Урошевиќ_0,122,Гане Тодоровски,Ноќ без интерпункција,Влада Урошевиќ,train,0,"Патувачи во кајче плови среде ноќта.
Разголен страв, вода, темнина, дрво, веслата.
Бродиме кон брег, натежнат поглед, окото.
Сон, стриа, плитка вода, камен, бреговите.
Ветер, сол, вода, пливањето, течето.

Поникнат дух сфаќа сила, одбива точката.
Трепнаоци, тежина, страв, стави запирката.
Умор, коска, ноќта минува, тече времето.
Срце, пулс, борба, одлетуваат сите птиците.
Сонце, сенка, стриа, чекањето, тишината.

Зоро, светлина, брег, повторно дишето.
Сонце, мижи капки, сребро, тече водата.
Почнува патот, градот, буди се зората.
Рака, допир, песок, завршува ноќта.",gemma-4-31b-it,google,0.1,0.02,-0.51,0.01,/Users/Aleks/Documents/Programming/Python/NLP/data/llm_transfer_logs/2026-09-17T181626.891951+0000__Гане_Тодоровски__Влада_Урошевиќ.json,2026-09-17T18:16:26.891951+00:00
873_Ефтим Клетников_0,873,Пијан Славеј,ШТРКОТ,Ефтим Клетников,train,0,"Гост тропне на дрвен прозорец.
Ноќта вее над прагот тишината.
Рече: „Еве го времето сега“.
Снесе бебешки врзопче во рака.
Светлината прска во темнината.

Натален лист носи гостот таму.
Западен врв го вика гласот.
Матка прска во кањонот длабок.
Судба избива од карпата сива.
Камен се тресе во рамнината.

Врата се отвораат пак сега.
Птица прелета над рамнината широка.
Круг се затвора во времето.
Дете доаѓа во новиот светот.
Судбината вее во шумскиот ветрот.",gemma-4-31b-it,google,0.13,-0.27,0.16,0.45,/Users/Aleks/Documents/Programming/Python/NLP/data/llm_transfer_logs/2026-09-17T163035.768764+0000__Пијан_Славеј__Ефтим_Клетников.json,2026-09-17T16:30:35.768764+00:00
1147_Ефтим Клетников_0,1147,Ристо Лазаров,МУЗА,Ефтим Клетников,train,0,"Вран над ливаните, врвот Пелистер.
Лулашка, чекор, рамнината, ветрот.
Здив, тага, ноќта тука прска.
Сонцето во мракот зајде.
Духот го бара патот.

Дамар, грев, кожата, телото, крвта.
Брашно, раце, диплето тело тече.
Страста во нас сега избива.
Пот, постела, оган во ноќта.
Љубовта го јаде времето.

Надуен плод, земјата, прашината, камен.
Грми тишината, празнината.
Сосема празнина е светот.
Крвта, чекорот, песокот, земјата.
Жизен е овој час.",gemma-4-31b-it,google,0.13,-0.27,-0.37,0.45,/Users/Aleks/Documents/Programming/Python/NLP/data/llm_transfer_logs/2026-09-17T163444.264387+0000__Ристо_Лазаров__Ефтим_Клетников.json,2026-09-17T16:34:44.264387+00:00
704_Ефтим Клетников_0,704,Блаже Конески,НОЌНА ПЕСНА,Ефтим Клетников,train,0,"Темносино небо над врвот Бистра.
Месечината тука прска сребро на земја.
Ѕвезди избиваат од мракот.
Песната вее низ шумата и мракот.
Сон се расипува во ноќта.

Мислата тече кон нејќи лика.
Жал опсипува срцето од бол.
Гласот ја пригласува ноќта во тишина.
Жената не се враќа дома.
Празнината го држи патот.

Жуберка гори на рамнината.
Оган окрилува во ветрот.
Тамниот мир опијанува душата.
Сосе шумскиот пат молчи во ноќта.
Срцето тука плаче за нејќи.",gemma-4-31b-it,google,0.13,-0.27,0.16,0.45,/Users/Aleks/Documents/Programming/Python/NLP/data/llm_transfer_logs/2026-09-17T163934.806920+0000__Блаже_Конески__Ефтим_Клетников.json,2026-09-17T16:39:34.806920+00:00
114_Ефтим Клетников_0,114,Катица Ќулавкова,"Скршени, набожни",Ефтим Клетников,train,0,"Вардар, јазикот, веќе замолче.
Листа, рамнината, остана празна сега.
Човек, дух, остана скршен тука.
Крш, земјата, се трпа по патот.
Пепел, ветерот, го вее.

Морање, морал, паднато низу планината.
Срце, градите, дребно чука таму.
Кршшшшшшшшшш, прах, сè пукнато.
Трпење, коренот, избива од земја.
Болка, срце, се крше.

Страв, набожен, псссссссстстстст во ноќ.
Сосе, шумскиот ветар, вее над горите.
Сенки, цут, прскаат, избледе.
Ене, прашината, сонцето зајде.
Свет, трпење, се троши во тишина.",gemma-4-31b-it,google,0.13,-0.27,0.03,0.45,/Users/Aleks/Documents/Programming/Python/NLP/data/llm_transfer_logs/2026-09-17T164508.644208+0000__Катица_Ќулавкова__Ефтим_Клетников.json,2026-09-17T16:45:08.644208+00:00
763_Ефтим Клетников_0,763,Пијан Славеј,АБРАКАДАБРА,Ефтим Клетников,train,0,"Птица седи на дрво, кладата.
Дењето дојде врз планината Бистрата.
Спие птицата, шумскиот мир вее.
Ветер дува, рамнината само спие.
Сон се спушта врз неа.

Ноќта прска, месечината сега сјае.
Струја е светлината, ноќта пламе.
Млини црвени, вино црно тече.
Избива магија од сама темнината.
Светот е една нова книга.

Сега птицата сонува, птицата лета.
Рече може, ноќта веќе е.
Храброст е патот, птицата знае.
Утрото е мудрост, утрото спие.
Птицата го бара црниот мракот.",gemma-4-31b-it,google,0.13,-0.27,0.23,0.45,/Users/Aleks/Documents/Programming/Python/NLP/data/llm_transfer_logs/2026-09-17T165955.863627+0000__Пијан_Славеј__Ефтим_Клетников.json,2026-09-17T16:59:55.863627+00:00
46_Ефтим Клетников_0,46,Ацо Шопов,Ноќта,Ефтим Клетников,train,0,"Убавината измамува сите луѓе.
Поетот гледа преку границата на светот.
Очи соништата го водат таму.
Таму кај што стои Галичик.
Светот е загатка.

Ден е недонесен, вода прска.
Рамнината носи возбуденост на водата.
Струите се сливаат во реката.
Паметите се разливаат по земјата.
Сонцето грее каменот на патот.

Ноќ вее, доаѓа заборавот.
Тишината носи успивањето на луѓето.
Присен е мракот во селото.
Сè се брише во ноќта.
Душата во мир се предава.",gemma-4-31b-it,google,0.13,-0.27,0.03,0.45,/Users/Aleks/Documents/Programming/Python/NLP/data/llm_transfer_logs/2026-09-17T172043.171029+0000__Ацо_Шопов__Ефтим_Клетников.json,2026-09-17T17:20:43.171029+00:00
945_Катица Ќулавкова_0,945,Ефтим Клетников,НА ПОЛНОЌ КОГА ПРСКА ЈАТКАТА НА МРАКОТ-4,Катица Ќулавкова,train,0,"Поноќна, тешка и густа густина.
Темна, длабока и нема тишина.
Сржта на оваа црната ноќта.
Истовремено се раѓа светлината.
Тонки, невидливи и сребрени нити.
Особено чудна е стварноста.

Вечни и силни се оганите.
Крилна, бела е леснотијата.
Внатрешни, силни и диви поривите.
Станале светли и чисти суштествата.
Чиста, небесна е вистината.
Светла, трептежна е сликата.

Цвеќни, мирисни и бујни градините.
Сладок мирис на плодовите.
Идниот, тежок и моќен претежот.
Зрела, сочна и слатка сладоста.
Зелена, бескрајна и богата обилноста.
Сенка на овошјата.

Расчатали се древните тајни.
Општ, сеопфатен и тивок мирот.
Света, вечна и совршена хармонијата.
Сложени, чудни се предметите.
Духовна, широка и светла ширината.
Тиха, длабока и вечна тишината.

Цврстина на сивиот и тврдиот каменот.
Обновен, широк и празен амбарот.
Творческо, големо и чисто богатството.
Златен, отворен и нов прагот.
Срцето значи цела вечноста.
Светла, чиста и длабока сржта.",gemma-4-31b-it,google,0.77,0.25,0.07,-0.15,/Users/Aleks/Documents/Programming/Python/NLP/data/llm_transfer_logs/2026-09-17T163006.733941+0000__Ефтим_Клетников__Катица_Ќулавкова.json,2026-09-17T16:30:06.733941+00:00
134_Катица Ќулавкова_0,134,Јосип Коцев,"Сѐ што ќе создадам, отсега ќе чекори кон тебе",Катица Ќулавкова,train,0,"Самтот и тежок градски чекор.
Тишината на прашните улиците.
Толку далечна и сива прашина.
Студена ноќна и густа темнина.
Особено тешка човечка стварност.
Твојот дојде тивок глас.

Тонки и невидливи телесни нити.
Постојано шиење на жила.
Атомска структура на кожата.
Предметите на длабока копниката.
Слепа рака на судбината.
Станале заеднички и тихи снови.

Небесен разлист на високи дрвјата.
Златни гранки на светлината.
Бесконечна и длабока зелена тишина.
Сребрена роса на лисјата.
Висока и свети дрвена молитва.
Сенки на бесконечна вечноста.

Краткотраен и нежен сапуничен меур.
Проѕирен здив на ефирни суштества.
Нежна и бела сапунична пенка.
Сливање на две осамени души.
Ефирна леснотија на битието.
Проѕирна и студена стаклена нива.

Силни поривите на срцето.
Значи крај на осаменоста.
Светла точка на почетокот.
Слика на две споени тела.
Особено чиста и јасна вистина.
Среќна тишина на крајот.",gemma-4-31b-it,google,0.77,0.25,-0.1,-0.15,/Users/Aleks/Documents/Programming/Python/NLP/data/llm_transfer_logs/2026-09-17T163413.291047+0000__Јосип_Коцев__Катица_Ќулавкова.json,2026-09-17T16:34:13.291047+00:00
873_Катица Ќулавкова_0,873,Пијан Славеј,ШТРКОТ,Катица Ќулавкова,train,0,"Тропнување на старата дрвена врата.
Студен прозорецот со мраз.
Сенка на прагот на куќата.
Непознато мистично суштество.
Ноќна тишина во воздухот.
Прелета над темниот градот.

Бебешко врзопче од свила.
Бели памучни нити на судбината.
Далечни предметите од времето.
Снесена судбината во рацете.
Мека тканина на допирот.
Студени поривите на ветрот.

Натален запис на пергаментот.
Звездена карта на бесконечноста.
Рече тивок збор на ветрот.
Значи вечна врза на душите.
Особено ознака на челото.
Судбински ред на времето.

Западен планински гребен на светлината.
Матка кањонот со длабоката вода.
Студена водата на каменот.
Камен мир на врвовите.
Станале сенките на планината.
Планинска тишина на врвовите.

Пак враќањето во роден домот.
Нити на припадноста и мирот.
Народот чека на прагот.
Вечна стварноста на постоењето.
Завршена приказната на времето.",gemma-4-31b-it,google,-0.23,0.25,-0.32,-0.35,/Users/Aleks/Documents/Programming/Python/NLP/data/llm_transfer_logs/2026-09-17T163839.093412+0000__Пијан_Славеј__Катица_Ќулавкова.json,2026-09-17T16:38:39.093412+00:00
949_Катица Ќулавкова_0,949,Ефтим Клетников,темно место,Катица Ќулавкова,train,0,"Долу, темна и празна бездната.
Слеги, сиви и празни просторите.
Студени станале сите предметите.
Особено тешка и глува тишината.
Чудни, невидливи и страшни суштества.
Глува, изгубена и далечна ноќта.

Данте, старите и тешките зборовите.
Овиди, изгубените и празни стиховите.
Спен Господ, тешкото и вечното.
Буф, празниот и студен здивот.
Непознати, далечни и сиви сенките.
Мртви, замрзнати и тихи поривите.

Господине, јасниот и силен пламенот.
Чиста водата, студената и јасна.
Висока планината, тешкиот сив каменот.
Брз коњот, црната и сјајна кожата.
Остри нити, тесните и сиви врвките.
Потрага по изгубената, темна ноќта.

Света Девица, белата и чиста.
Марија, тихата и света молитвата.
Светла госпоѓ, вечната и добра милоста.
Срцево, тешкото и празно чувството.
Слепите, темните и долги патиштата.
Сенка на вистината, сивата стварноста.

Значи, празната и ладна стварноста.
Народот, далечните и чудни гласовите.
Студени, каменски и тешки плочките.
Вечна, густа и црна темнината.
Слеги, белите и ситни прашините.
Заборавена, стара и далечна ноќта.",gemma-4-31b-it,google,0.77,0.25,0.47,-0.15,/Users/Aleks/Documents/Programming/Python/NLP/data/llm_transfer_logs/2026-09-17T164133.375653+0000__Ефтим_Клетников__Катица_Ќулавкова.json,2026-09-17T16:41:33.375653+00:00
1147_Катица Ќулавкова_0,1147,Ристо Лазаров,МУЗА,Катица Ќулавкова,train,0,"проѕирни јасните солзита на жалот
заеднички тешкиот чекорот кон празнината
тенкиот првин дамар на срце
тихите соништа во далечната тагата
особено студената нива на соништата
бела тишина на првин жалот

зелениот широк ливан на соништата
црниот коњ на дивата ливадата
тешката дрвена лулашка на ветрот
бесконечните невидливи нити на време
станале сиви сенки на стварноста
дивата празна просторијата на соништата

жешкото мирисливо брашно на кожата
тешкиот горещ здивот на гревот
гревот на сите тесните предметите
вжештени диви поривите на тело
тесната топла кожата на суштествата
суштествата од првин оганот на страста

црниот мал вранот на главата
голата бледа главата на стварноста
надуеното меко дипле на кожата
статични бели формите на тишината
студена сива стварноста на време
бела тешка тишината на осаменоста

осамената дрвена вратката на куќава
туѓиот далечен народот на сенките
прекинатите тенки врските на нитите
последната сува стрната на жалот
острото студено срце на празнината
останатата горка самотијата на крајот",gemma-4-31b-it,google,0.77,0.25,0.43,-0.15,/Users/Aleks/Documents/Programming/Python/NLP/data/llm_transfer_logs/2026-09-17T164629.281471+0000__Ристо_Лазаров__Катица_Ќулавкова.json,2026-09-17T16:46:29.281471+00:00
763_Катица Ќулавкова_0,763,Пијан Славеј,АБРАКАДАБРА,Катица Ќулавкова,train,0,"Ноќна птица на стара клада.
Слепо дење, јака, бела светлина.
Особено тешка, станале сиви сенки.
Сонливи очи, затворена, темна визија.
Тишината на овој белиот ден.
Студена стварност на жаркото сонцето.

Сега месечина, една сребрена нит.
Сонливи суштества, ладна, темна ноќ.
Бела светлина, една тиха вистина.
Сонува далечни, многу темни светови.
Сребрената прашина на далечното небото.
Мистична тишина, една чиста форма.

Електрични светилки, сини, брзи пориви.
Црвени вретена, овие механичките предметите.
Странни кругови, станале сива прашина.
Светлината на сите градските улици.
Стегнати нити на старото времето.
Сенките на сите железните столбови.

Темно вино, крвната, тешка чаша.
Тајната рече, една длабока боја.
Мистична течност, една тешка капка.
Значи магија, една црвена вистина.
Срцето на оваа ноќната птица.
Сенката на сите старите чаши.

Утринска мудрост, една тиха свест.
Ноќната сила, една смела желба.
Може секој поглед, целото значењето.
Бесконечна ноќ, една темна вечност.
Народот на сите сонилните птици.
Светлината на оваа сребрена месечината.",gemma-4-31b-it,google,0.77,0.25,0.4,-0.15,/Users/Aleks/Documents/Programming/Python/NLP/data/llm_transfer_logs/2026-09-17T165208.170862+0000__Пијан_Славеј__Катица_Ќулавкова.json,2026-09-17T16:52:08.170862+00:00
544_Катица Ќулавкова_0,544,Бранко Цветкоски,БОГИНКИ,Катица Ќулавкова,train,0,"Вечерниот измиен сивиот дождот
Рѓата на старите ридовите
Козјата камениста тешка тишината
Студени сиви старите предметите
Тешката земна сива крепоста
Особено старите студени камените

Високите планините станале вулканите
Врелите течни црвените вулканите
Камените тешки темни валите
Огнени суштества во нитите
Силните поривите на јагленот
Оваа чудна визија визбата

Големото космичко затворено тешко окото
Затворената тешка црна долга पापката
Мигот на тешкиот вечен крајот
Сонливите темни долги сиви нитите
Студената ноќна вечна тешка тишината
Значи крај на целата светлината

Густата црна тешка длабока темнината
Празнината што долго и трпне
Бескрајните црни празни сиви просторите
Сенки на заборавениот тежок народот
Тешките невидливи стварностите на светот
Особено длабоката ноќна сива ноќта

Средиштето на целиот тежок светот
Светлата празна бела чиста точката
Сребреното јасно вечно сиво ѕвечењето
Новата космичка чиста вечна вистината
Светлината од длабока црна темнината
Оваа вечна нова мистична промената",gemma-4-31b-it,google,0.77,0.25,0.0,-0.15,/Users/Aleks/Documents/Programming/Python/NLP/data/llm_transfer_logs/2026-09-17T165739.471782+0000__Бранко_Цветкоски__Катица_Ќулавкова.json,2026-09-17T16:57:39.471782+00:00
949_Пијан Славеј_0,949,Ефтим Клетников,темно место,Пијан Славеј,train,0,"Одам долу многу тешко.
Слеге, погледнете ме.
Данте молчи многу тиво.
Овиди чека долго таму.
Господ спие многу длабоко.
Сè се расипе брзо сега.
Дланките треперат силно тука.

Господине, дајте вода и оган.
Буфни силно и кратко сега.
Госпоѓ, води ме тешко.
Девица, Марија, плукни силно.
Сакам коњ многу брзо.
Планина стои многу цврсто.
Велат дека е ноќта таму.
Плени ме ваков сега.",gemma-4-31b-it,google,0.31,-0.45,-0.19,1.51,/Users/Aleks/Documents/Programming/Python/NLP/data/llm_transfer_logs/2026-09-17T162950.262951+0000__Ефтим_Клетников__Пијан_Славеј.json,2026-09-17T16:29:50.262951+00:00
1147_Пијан Славеј_0,1147,Ристо Лазаров,МУЗА,Пијан Славеј,train,0,"Чекорот тешко паѓа сега
здивот силно плени душата
дамарот брзо тече во тебе
гревот тивко се расипе
брашното бели бели дланките
ливан бавно се лулашка
диплето тесно се стега

вранот силно лета горе
надуено се чека жена
велат дека си замина
песната тешко се пее
птицата грубо плукни песната
саме се чека сега
саме се спие во тебе",gemma-4-31b-it,google,-0.69,-0.45,-0.25,1.01,/Users/Aleks/Documents/Programming/Python/NLP/data/llm_transfer_logs/2026-09-17T163409.277978+0000__Ристо_Лазаров__Пијан_Славеј.json,2026-09-17T16:34:09.277978+00:00
114_Пијан Славеј_0,114,Катица Ќулавкова,"Скршени, набожни",Пијан Славеј,train,0,"Велат дека лишени сме сега
Треперат тешко овие дланките
Скршено се чека тука
Дребно се молчи така сега
Мораме така долго да стоиме
Набожно се предаваме сите

Псссссссстстстст молчи сега
Листата паѓа суво сега
Крш се чуе тука
Кршшшшшшшшшш се чуе така
Трпењето тешко плени нас тука
Морално се расипе сè
Ваков се губиме сега
Свират тешко тишините
Плукни ја оваа душата",gemma-4-31b-it,google,0.31,-0.45,-0.26,1.51,/Users/Aleks/Documents/Programming/Python/NLP/data/llm_transfer_logs/2026-09-17T165019.103113+0000__Катица_Ќулавкова__Пијан_Славеј.json,2026-09-17T16:50:19.103113+00:00
42_Пијан Славеј_0,42,Богомил Ѓузел,Бдеење,Пијан Славеј,train,0,"Небото тесно сега бавно затвора
Дуќанот веќе бавно затвора
Лебец јадам сам многу сега
Алкохол пијам силно веќе
Бессоницата тешко мене плени
Слушам тишината многу сега
Велат дека ноќта доаѓа

Хоризонтот чкрипи многу јасно сега
Сонцето предвреме силно запалува
Силно мене тоа магнетисува
Дланките велат јасно таму сега
Судбината тешко таму стои
Ваков јас сега се расипе
Сонцето многу силно грее
Ноќта тешко сега бавно мине",gemma-4-31b-it,google,0.31,-0.45,0.01,1.51,/Users/Aleks/Documents/Programming/Python/NLP/data/llm_transfer_logs/2026-09-17T180917.126256+0000__Богомил_Ѓузел__Пијан_Славеј.json,2026-09-17T18:09:17.126256+00:00
122_Пијан Славеј_0,122,Гане Тодоровски,Ноќ без интерпункција,Пијан Славеј,train,0,"Патувачи бродиме по брега
кајче плува бавно низ ноќта
поникнато одиме кон вода
разголено стоиме во ноќта
натежнато се влечеме без сила
ваков се расипе во темнина
дланките тресе силно ноќта

Велат дека зоре повторно сега
сила нема за една запирка
не запираме стравно кон брега
повторно се раѓаме во светлина
дланките плена силно во ноќта
крајот доаѓа бавно во ноќта
светот се буди сега",gemma-4-31b-it,google,-0.69,-0.45,0.25,1.01,/Users/Aleks/Documents/Programming/Python/NLP/data/llm_transfer_logs/2026-09-17T181314.097473+0000__Гане_Тодоровски__Пијан_Славеј.json,2026-09-17T18:13:14.097473+00:00
945_Ристо Лазаров_0,945,Ефтим Клетников,НА ПОЛНОЌ КОГА ПРСКА ЈАТКАТА НА МРАКОТ-4,Ристо Лазаров,train,0,"Поноќ, црна густина на темнината.
Сржта на Преспа, тишината.
Сонце во ноќта.

Оган во градите, расчатали тајни.
Сетне пламната, искри на срцето.
Светлина од старите песни.

Истовремено крилјата, висок летот.
Лет над троата, прашина на патот.
Висина на вековите, облаката.

Претеж на мирисите, слатката тежина.
Слива, јаблука, мирис на розата.
Среде градината, мирис на плодовите.

Општ мирот, тихата хармонија.
Хармонија на звуците, песна на водата.
Световна талката, мир на умот.

Цврстина на каменот, цврст темел на светот.
Амбара на светлината, златните зрна.
Севезден богатството, име на вечноста.

Обновен човек, почеток на времето.
Мераци на душата, радост на срцето.
Свети Наум, мир на тишината.",gemma-4-31b-it,google,-0.35,-0.23,0.32,0.05,/Users/Aleks/Documents/Programming/Python/NLP/data/llm_transfer_logs/2026-09-17T163034.539455+0000__Ефтим_Клетников__Ристо_Лазаров.json,2026-09-17T16:30:34.539455+00:00
134_Ристо Лазаров_0,134,Јосип Коцев,"Сѐ што ќе создадам, отсега ќе чекори кон тебе",Ристо Лазаров,train,0,"Градски чекор на прашина.
Ти дојде среде ноќта.
Стари патишта на тишина.

Игла на жила и кожа.
Сетне шие со нишка.
Ткаење на две тела.

Атом на атом во свет.
Талка од бела светлина.
Среде празната просторија.

Небесна слива на врвот.
Разлист крошна од соништа.
Зелена нива на вечноста.

Краткотраен здив на ветер.
Сапуница на проѕирна капка.
Лесното паѓање на сонцето.

Толку осаменост во градот.
Бистра вода од изворите.
Севезден спој на две раце.

Троа сенка на прагот.
Катаден мир на душата.
Две срца во едното.",gemma-4-31b-it,google,-0.35,-0.23,-0.48,0.05,/Users/Aleks/Documents/Programming/Python/NLP/data/llm_transfer_logs/2026-09-17T163218.617400+0000__Јосип_Коцев__Ристо_Лазаров.json,2026-09-17T16:32:18.617400+00:00
949_Ристо Лазаров_0,949,Ефтим Клетников,темно место,Ристо Лазаров,train,0,"Долу, среде талката, празна празнина.
Црна, тешка, студена ноќта.
Слепа троата, црна земја.

Данте, Овиди, стари, тешки имени.
Камена патеката, праг, камен.
Сенка, прашина, чекор, темнина.

Господ, тешкото, длабок, вечен сон.
Еден буф, ветер, здив, прашина.
Световната тишина, мир, молк.

Госпоѓ, девицата, бела, свилена коса.
Света Марија, молба, солзата, срце.
Тага, молитва, тиха надеж.

Оган, водата, чиста, брза струја.
Светлина, водицата, тесен, долг пат.
Слеге, господине, водич, рака.

Висока планината, камен, остр врв.
Брзиот коњ, копита, прашина, галоп.
Сетне мераци, далечина, хоризонт.

Севезден мракот, густа, тешка завеса.
Катаден мирот, дно, вечен сон.
Изгубена ноќта, вечност, празнина.",gemma-4-31b-it,google,-0.35,-0.23,-0.01,0.05,/Users/Aleks/Documents/Programming/Python/NLP/data/llm_transfer_logs/2026-09-17T163843.796528+0000__Ефтим_Клетников__Ристо_Лазаров.json,2026-09-17T16:38:43.796528+00:00
704_Ристо Лазаров_0,704,Блаже Конески,НОЌНА ПЕСНА,Ристо Лазаров,train,0,"Темносино небето, ѕвезди, ноќта.
Среде тишина, ноќен, тежок мирот.
Месечина, сребрена, бледа светлина.

Тука, троата, влажна, црна земјата.
Човекот, сам, зачуден, стар патникот.
Сетне талка, стара, длабока тагата.

Мисла, една одлутана, сива нишката.
Жалот, длабок, тежок, црн печалот.
Слива солза, солена, јасна капката.

Сенка од нејќи, далечна, нејасна.
Жуберка, стара, заборавена, сива сликата.
Севезден сонот, празен, широк просторот.

Опијанува ноќта, темна, тешка завесата.
Опсипува тишината, тешка, густа коблата.
Катаден мир, длабок, вечен одморот.

Окрилува срцето, болно, мало крилото.
Пригласува ветерто, ладен, зимен здивот.
Среде мераци, стари, тажни песни.

Среде Малешево, висока, сива Планина.
Патот, сам, празен, долг прагот.
Студена ноќта, зимна, тешка темнина.",gemma-4-31b-it,google,-0.35,-0.23,0.32,0.05,/Users/Aleks/Documents/Programming/Python/NLP/data/llm_transfer_logs/2026-09-17T164403.724483+0000__Блаже_Конески__Ристо_Лазаров.json,2026-09-17T16:44:03.724483+00:00
114_Ристо Лазаров_0,114,Катица Ќулавкова,"Скршени, набожни",Ристо Лазаров,train,0,"Лишен човек, празна рака
троа сенка, сива кожа
среде прашината на старите патишта

скршен дух, стакло, сив крш
крш, кршшшшшшшшшш, тешка тишина
на старите, студени камни

дребно право, мал црвен печат
тешко морање, железен тесен обруч
на бела хартија, тешките законите

псссссссстстстст, затворена тесна уста
заборавено слово, празен стар севез
под сува слива, во длабока сенка

набожен страв, ладен бел восок
изгубен морал, прашна стара книга
на севезден талка, среде темнината

долго трпење, тесен празен простор
катаден лист, сува мртва вена
на студен ветер, на есента

на плоштадот во Скопје
име без глас, празна улица
големата, тешка тишината",gemma-4-31b-it,google,-0.35,-0.23,0.09,0.05,/Users/Aleks/Documents/Programming/Python/NLP/data/llm_transfer_logs/2026-09-17T164756.510941+0000__Катица_Ќулавкова__Ристо_Лазаров.json,2026-09-17T16:47:56.510941+00:00
763_Ристо Лазаров_0,763,Пијан Славеј,АБРАКАДАБРА,Ристо Лазаров,train,0,"Ноќна птица на праг Струма.
Клада под тешка глава сонот.
Мир на среќно сетне време.

Месечина во стакло око срце.
Севезден сонува бели патишта свет.
Среде талка на душа крило.

Светилки на стар Повар улица.
Струја на прашна улица ноќ.
Троа светлина од луна блесок.

Црвени врелници на силен ветер.
Црно вино во стакло чаша.
Мераци на ноќен час тишина.

Јато црни птици на небо.
Перце на темна ноќта сенка.
Слива темнина на ноќен облак.

Дењето рече тивок збор утро.
Мудрост на рано утрото светлина.
Збор на катаден човек мисла.

Сега може ноќна магија визија.
Спектар на длабоки соништата дрема.
Сенка на ноќна птицата земја.",gemma-4-31b-it,google,-0.35,-0.23,0.42,0.05,/Users/Aleks/Documents/Programming/Python/NLP/data/llm_transfer_logs/2026-09-17T165233.291539+0000__Пијан_Славеј__Ристо_Лазаров.json,2026-09-17T16:52:33.291539+00:00
544_Ристо Лазаров_0,544,Бранко Цветкоски,БОГИНКИ,Ристо Лазаров,train,0,"Вечерен дождот на старата порта
измиен камен на долгата патека
козја троа во ноќна тишина

Планина-вулкан од рѓа и прашина
тешки вали на сивите камени
земја во вода и темнина

Зелени гласници на визба-сон
ѕвечи среде ноќна слива-грана
глас од плани и води

Ноќната крепоста на врвот
големото око во севезден ден
трпне во камен стна

Црна темнина на светото средиште
катаден блесок на целиот свет-пламен
светлина од јама и прашина

Сетне на Охрид во талка
мераци на патишта и села
чекор на земја и трева

Светот во една точка
тишина на сиви камени
последната вистина на ноќта",gemma-4-31b-it,google,-0.35,-0.23,0.09,0.05,/Users/Aleks/Documents/Programming/Python/NLP/data/llm_transfer_logs/2026-09-17T165725.105838+0000__Бранко_Цветкоски__Ристо_Лазаров.json,2026-09-17T16:57:25.105838+00:00
873_Славко Јаневски_0,873,Пијан Славеј,ШТРКОТ,Славко Јаневски,train,0,"Сенка тропне на стариот прозорец,
прелета врви една западена планина,
Матка ноќта темна донесе,
зората бела пак светла капна,
сенката стапи на дрвена врата.

Раката врзопче бебешко снесе,
ткаенина светла памучна бела блеска,
чедо мало во дрвена колыбка чека,
врзопчето падна на мека перница,
цвете тихо во длабок сонот,
раката донесе тоа мало чедо.

Гласот рече од густа темнина,
натален знак линија јасна црта,
судбина книга тешка го води,
звезда села далечни сјае,
писменото стои во стара книга.

Планина висока и сива го крие,
ветар брз и ладен го носе,
сокол летна над густа шума,
патот води кон златна зора,
чедото расте големо и силно.

Чедо пак ќе дојде тука,
врата гласна широка ќе отвори,
судбината тркало старо кружи,
сенката загина во црна ноќта,
светот син млад прима,
зората надеж нова донесе.",gemma-4-31b-it,google,0.43,-0.03,-0.02,0.12,/Users/Aleks/Documents/Programming/Python/NLP/data/llm_transfer_logs/2026-09-17T163206.321092+0000__Пијан_Славеј__Славко_Јаневски.json,2026-09-17T16:32:06.321092+00:00
949_Славко Јаневски_0,949,Ефтим Клетников,темно место,Славко Јаневски,train,0,"Слезев долу во голема темнината,
Данте чекаше во темнината,
Студен ветер силен дувеше,
Господине, каде е белата зората?
Тамната јама моето тело голта.

Овиди пишуваше тешки зборови,
Господ спиеше во сива прашината,
Тежок сон негово лице покриваше,
Буф ветер негови очи разбуди,
Сонливи очи заспала.

Девица бела во темнината плачеше,
Марија ја држеше изгубената ноќта,
Госпоѓ се смееше на празната,
Мојата ноќ во јамата загина,
Цвете румено од срцето капна.

Дај ми оган жежок, господине,
Вода студена за мојата душа,
Коњ брз низ планината трчаше,
Планина висока пред мене стоеше,
Чедо, води ме кон светлата,
Слезев долу, јамата ја сечела.

Сокол лета над длабока јамата,
Зора доаѓа од далечна планина,
Срцето моето во темнината запеа,
Господ го отворил тесниот пат,
Слезев, видов, во ноќта заминав,
Темнината ја победи златната зората.",gemma-4-31b-it,google,0.43,-0.03,-0.1,0.12,/Users/Aleks/Documents/Programming/Python/NLP/data/llm_transfer_logs/2026-09-17T163509.799462+0000__Ефтим_Клетников__Славко_Јаневски.json,2026-09-17T16:35:09.799462+00:00
1147_Славко Јаневски_0,1147,Ристо Лазаров,МУЗА,Славко Јаневски,train,0,"Во Скопје тешка сол капна.
Чекор трпко по прашина оде.
Црн вран небото прелета.
Тага голема срцето годе.
Зора бледа над града стана.

Зелен ливан коњат црни носи.
Лулашка дрвена ветрот ја рајна.
Сокол висок над нива лета.
Цвете румено во трева свети.
Планина Пирин далечна ни вика.

Врела кожа здив тежок пушта.
Дамар силен во раката пулсира.
Дипле меко телото го крие.
Пот солен на чаршаф паѓа.
Љубов груба во ноќта гори.

Бело брашно на маса стои.
Колач сладок грев нов носи.
Рака млада тестото го меси.
Уста сочна усна го бака.
Чедо мало во сон заспи.

Студен ветер душата ја стisna.
Срце надуено од празнота пукна.
Иронија горка на јазик остана.
Самобилност тешка во села падна.
Светот мал во прашина загина.
Жал тежок во градите леже.
Ноќта црна над сите падна.",gemma-4-31b-it,google,0.43,-0.03,0.02,0.12,/Users/Aleks/Documents/Programming/Python/NLP/data/llm_transfer_logs/2026-09-17T163754.031550+0000__Ристо_Лазаров__Славко_Јаневски.json,2026-09-17T16:37:54.031550+00:00
704_Славко Јаневски_0,704,Блаже Конески,НОЌНА ПЕСНА,Славко Јаневски,train,0,"Ноќта темносина, тешка падна.
Небото ѕвездано, големо се отворило.
Месечината над Бистра, бела сјае.
Тишината тука, густа го заземала.
Ноќта сурова, силна го косела.

Песна тажна срцето го опијануваше.
Мелодија стара душата го опсипуваше.
Жал длабок мислата го заземала.
Мисла тешка, црна го мачеше.
Душата сокол во ноќ се будила.
Болката срцето тешко ја носела.

Тој ја бараше цела нејзината.
Девојка убава, далечна го оставила.
Љубовта цвете во прашина загина.
Патеката долга, прашна го водела.
Гласот нејзин, тивок го пригласуваше.

Жуберка ситна телото го тресе.
Ноќта планинарска, тешка го косела.
Надежта окрилува во темна ноќта.
Сенка темна, чудна го следела.
Солзата окото тешко ја капна.
Бура силна, бујна го носела.

Зора бледа, нова ќе дојде.
Зората врвијата, златна ја будила.
Тага тука, вечна е останала.
Чедо осамено, мало го плаче.
Небото темносино сè го крие.",gemma-4-31b-it,google,0.43,-0.03,0.09,0.12,/Users/Aleks/Documents/Programming/Python/NLP/data/llm_transfer_logs/2026-09-17T164301.672161+0000__Блаже_Конески__Славко_Јаневски.json,2026-09-17T16:43:01.672161+00:00
763_Славко Јаневски_0,763,Пијан Славеј,АБРАКАДАБРА,Славко Јаневски,train,0,"Клада стара сокол спие.
Скопје сонцето го буди сега.
Птицо ноќна, крилото затворила.
Сонто те води во темнината.
Сонцето гори, дењето дојде.

Месечина бледа над Вардар капна.
Сребрена ноќ во срцето сонува.
Таа рече: ноќта е моќна.
Светла електрични патиштата осветлија.
Сребрена нишка во ноќта тече.

Црвени мелници ветрот вртала.
Црно вино чашата наполнила.
Магија темна во воздухот летала.
Светот луд во сонот загина.
Цвете црно на гранка падна.

Ноќта храбра во Скопје стапна.
Зората мудра тајни носела.
Чедо ноќно, ти може лета.
Сонцето страв во очите внесе.
Светлината јасната сè открила.

Птицо, сони ноќта твоја вечна.
Клада стара те чува сега.
Ноќта дојде, темнината јавна.
Месечината пак на небото заблеска.
Срцето сокол во ноќта запеа.
Сонцето зајде, дењето застана.
Зората пак во села капна.",gemma-4-31b-it,google,0.43,-0.03,-0.28,0.12,/Users/Aleks/Documents/Programming/Python/NLP/data/llm_transfer_logs/2026-09-17T165039.470896+0000__Пијан_Славеј__Славко_Јаневски.json,2026-09-17T16:50:39.470896+00:00
122_Славко Јаневски_0,122,Гане Тодоровски,Ноќ без интерпункција,Славко Јаневски,train,0,"Патувач поникнат од Пирин тргна,
бродиме преку темна вода,
тешка ноќта ни ја следе,
сам човек по брегот чека,
студен ветер го гони чедо.

Кајче мало низ бранови плива,
разголен дух во ноќта трепере,
натежнат рака веслото држе,
сила мала во срцето капна,
морска пена бела се лее,
солена вода очите ги мие.

Умор тежок по патувач падна,
запирка силна го кочи чекора,
бродиме низ црна магла густа,
поникнат поглед кон небото гледа,
тешка судбина ни ја воле.

Зоро румена, над планина изгрее,
повторно живот во нас се буде,
цвете мало на брегот цвете,
сокол висок над водата лета,
светла надеж во очите сјае.

Брег далеку нас нè повика,
сила нова во рацете стана,
патувач уморен конечно стигна,
темна ноќта веќе загина,
срцето силно повторно забила,
светла зора планината ја облекла.",gemma-4-31b-it,google,0.43,-0.03,-0.06,0.12,/Users/Aleks/Documents/Programming/Python/NLP/data/llm_transfer_logs/2026-09-17T180547.418517+0000__Гане_Тодоровски__Славко_Јаневски.json,2026-09-17T18:05:47.418517+00:00
1147_Адем Гајтани_0,1147,Ристо Лазаров,МУЗА,Адем Гајтани,train,0,"Во Маврово паѓаат јасните солзите
чекор здив тешка тишината
небото бараат моите очите
таму каде што се претвора
тагата се претвори во школката
срцето го чува божилото

Зелен ливан коњи вран лета
над острите вилиците ветрот
лулашка се лула во тишината
бреговите ги гази тесното тело
земјата ја знае старата ката
реката ја носи брза вода

Бело брашно кожа пот тече
дамар грев длабоко диплето
креветот го носи тешко телото
страста е тркалезна црвена јаболка
гревот го гори божилото
телото бараат моите раце

Оган се пали повторно сега
надуен плод на висока гранката
птиците летаат над висока планината
светот се претвора во прашина
шумата ја јаде црната ноќта
коренот го сече сивиот каменот",gemma-4-31b-it,google,-0.24,-0.07,-0.08,0.04,/Users/Aleks/Documents/Programming/Python/NLP/data/llm_transfer_logs/2026-09-17T210119.906445+0000__Ристо_Лазаров__Адем_Гајтани.json,2026-09-17T21:01:19.906445+00:00
42_Адем Гајтани_0,42,Богомил Ѓузел,Бдеење,Адем Гајтани,train,0,"Небото се затвора над градот.
Скопје, ноќта тешка доаѓа.
Хоризонтот чкрипнува во темнината.
Решетките се вилиците на затворот.
Тишината во собата магнетисува.
Светот во окото се претвора.

Дуќанот затвори тешките свои вратите.
Алкохолот во чашата изгора.
Бессоницата е ката на покривот.
Окото во ноќта не заспива.
Чашата на масата се тресе.
Срцето во градите слуша.

Лебецот на масата е тркалезна.
Огарот во печката запалува.
Зимата дојде предвреме во душата.
Уморот е каменот на патот.
Рацете во темнината бараат.
Божилото над главата е тешкото.

Дланта моја е школката бела.
Линиите на кожата се патиштата.
Судбината во дланката гледа.
Чекорот на патот е тешкото.
Јас одива по линиите своите.
Вечноста во ноќта е тука.",gemma-4-31b-it,google,-0.24,-0.07,-0.12,0.04,/Users/Aleks/Documents/Programming/Python/NLP/data/llm_transfer_logs/2026-09-17T210356.499687+0000__Богомил_Ѓузел__Адем_Гајтани.json,2026-09-17T21:03:56.499687+00:00
122_Адем Гајтани_0,122,Гане Тодоровски,Ноќ без интерпункција,Адем Гајтани,train,0,"Патувач, ноќ, само тишината
Мало кајче, вода, плива водата
Поникнат човек, телото, душата
Бродиме долго, пливаме кон бреговите
Сонце, зора, само светлината
Сила, ноќ, брзо исчезнува ноќта

Разголен страв, ладен ветерот, студот
Натежнат пат, сивиот каменот, прашината
Една запирка, срце, само болката
Остри вилици, судбина, само судбината
Време, река, тече само водата
Човек, сон, само земјата

Брегови, Егеј, само водата
Повторно, живот, една нова надежта
Божило, небо, блескаат сите ѕвездите
Тркалезен круг, само судбината
Патувачи, луѓе, пливаат само сенките
Зора, светлина, излегува бела светлината

Школка, вечност, синото, големо морето
Сила, војска, само прашината
Тага, земја, претвораш само земјата
Кајче, ветер, пливаме кон бреговите
Една запирка, крај, само почетокот
Бродиме, патувачи, кон светлата зората",gemma-4-31b-it,google,-0.24,-0.07,-0.08,0.04,/Users/Aleks/Documents/Programming/Python/NLP/data/llm_transfer_logs/2026-09-17T210859.127959+0000__Гане_Тодоровски__Адем_Гајтани.json,2026-09-17T21:08:59.127959+00:00
287_Адем Гајтани_0,287,Веле Смилевски,Хаику книга,Адем Гајтани,train,0,"Книгата стои во Скопје, во маалото.
Корицата е од кожата.
Направен од рацете.
Идејата спие во средината.
Тркалезен печат на страната.
Песок, прашина, тишина во селото.

Мерката бара острите вилиците.
Дух, патот, мерката во местото.
Корицата не се отвора сега.
Идејата е тешката сива скала.
Гледаат луѓето во старата книгата.
Бараат клучот во темното божилото.

Нејзин облик е белата школката.
Претвораш камен во живите зборовите.
Мерката се совпаѓа со срцето.
Корицата се отвора во ноќта.
Идејата излегува на јасната светлината.
Светот ја прима чистата вистината.

Направен според точната мерката.
Книгата е отворена во ката.
Идејата е тркалезната златна сфера.
Гледаат очите во старата книгата.
Нејзин глас е во божилото.
Сè се враќа во местото.",gemma-4-31b-it,google,-0.24,-0.07,-0.04,0.04,/Users/Aleks/Documents/Programming/Python/NLP/data/llm_transfer_logs/2026-09-17T211320.338773+0000__Веле_Смилевски__Адем_Гајтани.json,2026-09-17T21:13:20.338773+00:00
306_Адем Гајтани_0,306,Веле Смилевски,Книгата НИЕ,Адем Гајтани,train,0,"Деца од Скопје, тајната единица
Илегален круг, сумерта на градовите
Ходници, тишина, затворените вратите
Формираат ред, малите децата
Сенки, прашина, ката на стените
Бараат пат, тесните вилиците

Линијал, дрво, треперењето на рацете
Портрет, црно-бело, заборавените лицата
Избоден сон, крвта на срцата
Развлечен час, долгите часовите
Слики, рамки, скршените стаклета
Претвораш болка, тихите децата

Независен дух, тоа пророкото
Владетел, трон, тоа каменото
Зборови, книга, сухите листовите
Град, улица, сивите плочите
Светлина, мрак, отворените очите
Божилото, небо, белите облаците

Громобран, шума, високите дрвјата
Тркалезен свет, вечната кругата
Брегови, река, течењето на водата
Космос, ѕвезди, темната ноќта
Школката, ехо, длабоката тишината
Чекаат знак, избраните децата",gemma-4-31b-it,google,-0.24,-0.07,-0.54,0.04,/Users/Aleks/Documents/Programming/Python/NLP/data/llm_transfer_logs/2026-09-17T212205.381138+0000__Веле_Смилевски__Адем_Гајтани.json,2026-09-17T21:22:05.381138+00:00
949_Блаже Конески_0,949,Ефтим Клетников,темно место,Блаже Конески,train,0,"Тешко долу сосем се влече,
Тежок господ спие во темнина,
Слеге, тивко шепотиш спрема мене,
Данте и Овиди бавно минаа,
Студена мака силно мрзне тука,
Темна прашина тешко се лее,
Глухото место сосем ме зазема,
Сонлив буф бавно се тресе.

Господине, јарко нека сега пламна,
Студена вода брзо нека тече,
Висока планина тешко седи стана,
Див коњ брзо нека трча,
Света девица тивко ме повика,
Марија, благословена, сосем ме заземе,
Некоја госпоѓ тешко се смее,
Мојот вик силно се расеја.",gemma-4-31b-it,google,-0.42,-0.3,-0.09,0.85,/Users/Aleks/Documents/Programming/Python/NLP/data/llm_transfer_logs/2026-09-17T211134.048599+0000__Ефтим_Клетников__Блаже_Конески.json,2026-09-17T21:11:34.048599+00:00
763_Блаже Конески_0,763,Пијан Славеј,АБРАКАДАБРА,Блаже Конески,train,0,"Тилко ноќна птицо сега мирно сонува,
на сува клада таа тиво мрзне,
блескавата месечина силно ја повика,
белото дење стравно и брзо избега,
таму тивка мудрост бавно се слушаше,
срцето солено силно и јасно зачуе,
рече дека светлината ја слепеше,
таа може само темно да сака.

сега ноќта бурно и диво разлеа,
електрични светла силно и остро трепнаа,
црвени врелници луто и брзо се вртаа,
црно вино течно и густо се лее,
храбра енергија брзо низ ноќта мина,
како сокол спрема небото гласно вика,
стара мака во гради силно се слуша,
ноќта силно и многу диво пее.",gemma-4-31b-it,google,-0.42,-0.3,0.97,0.85,/Users/Aleks/Documents/Programming/Python/NLP/data/llm_transfer_logs/2026-09-17T211838.560296+0000__Пијан_Славеј__Блаже_Конески.json,2026-09-17T21:18:38.560296+00:00
287_Блаже Конески_0,287,Веле Смилевски,Хаику книга,Блаже Конески,train,0,"Тешката книга долго чека,
сосем мрзне затворена таа.
Тврдата корица тешко притиска,
тивка мака сè уште трае.
Не се отвора лесно таа,
длабока идеја сосем се крие,
ја бара својата точна мерка,
спрема викот се стреми таа.

Внимателно е сега направена,
новата корица точно ја фаќа.
Точната мерка конечно мина,
чиста идеја лесно дише.
Книгата бавно се отвора,
нејзината суштина тиво се лее,
лутата мака сосем мина,
зборот сега слободно се смее.",gemma-4-31b-it,google,-0.42,-0.3,-0.59,0.85,/Users/Aleks/Documents/Programming/Python/NLP/data/llm_transfer_logs/2026-09-17T212013.451426+0000__Веле_Смилевски__Блаже_Конески.json,2026-09-17T21:20:13.451426+00:00
306_Блаже Конески_0,306,Веле Смилевски,Книгата НИЕ,Блаже Конески,train,0,"Мали деца тивко формираат,
една независна, сосем тајна единица.
Илегален пророк сосем јасно вика,
спрема темната, сосем густа шума.
Тие чекорат бавно, сосем сигурно,
како сокол што лета високо,
над секоја стара, тешка книга,
таму нивната моќ се создаде.

Ниту владетел нив не води,
громобран вик силно се разлева,
преку развлечен, синкав простор-тајна.
Избоден од светлината, дух се раскина,
додека маката сосем тивко мина.
Тие чуваат тајни сосем длабока,
во една вечна, темна ноќна,
каде што сè мрзне тивка.",gemma-4-31b-it,google,-0.42,-0.3,-0.15,0.85,/Users/Aleks/Documents/Programming/Python/NLP/data/llm_transfer_logs/2026-09-17T212610.309696+0000__Веле_Смилевски__Блаже_Конески.json,2026-09-17T21:26:10.309696+00:00
292_Братислав Ташковски_0,292,Веле Смилевски,Телото на книгата,Братислав Ташковски,train,0,"Сакам силно да те допрам,
твој допир ме растрчува,
наѕвездено се гради сè,
коскено се вгради внатре,
втисне ме атом ненадено,
се споиме брзо сега,
борам тешко за тебе,
цвеќињата паѓаат тихо веќе,
ангели трчаат боси таму,
гори коскено силно внатре,
пишувам стихови за тебе,
повторно те сакам јас,
направи ме твое сега,
зрнце атом се втисне.",gemma-4-31b-it,google,-0.27,-0.18,-0.42,1.89,/Users/Aleks/Documents/Programming/Python/NLP/data/llm_transfer_logs/2026-09-17T210847.190677+0000__Веле_Смилевски__Братислав_Ташковски.json,2026-09-17T21:08:47.190677+00:00
181_Братислав Ташковски_0,181,Гане Тодоровски,Нашинска,Братислав Ташковски,train,0,"Бавно се броеше малцичка,
колено цврсто се затегна,
бистрине вардарине течат сега,
доварди струмине течат до крајта,
истрајвек се боравте,
корабине цврсто стоите,
прелееме сè до крајта,
разбистри се гледа јасна,
сакам да напишам книга,
зрнце се бори докрајна,
стиховите се пишуваат сега,
пишувам долго докрајна,
наскоро ќе направите сè.",gemma-4-31b-it,google,-1.27,-0.18,-0.64,0.89,/Users/Aleks/Documents/Programming/Python/NLP/data/llm_transfer_logs/2026-09-17T211238.974018+0000__Гане_Тодоровски__Братислав_Ташковски.json,2026-09-17T21:12:38.974018+00:00
704_Братислав Ташковски_0,704,Блаже Конески,НОЌНА ПЕСНА,Братислав Ташковски,train,0,"Одам тука бавно сега,
темносино небо ме окрилува,
песната ме опијанува сега,
мислата нејќи ја бара.
Жал тешко тука опсипува,
пишувам стиховите повторно тука,
жуберка мисла тука останува,
пригласува ме многу полека.
Сè уште силно ја сакам,
таа веќе не се враќа,
сам борам се до последната,
зрнце болка повторно се јавува,
ноќта длабоко тука паѓа,
тука веќе останувам.",gemma-4-31b-it,google,-0.27,-0.18,-0.28,1.89,/Users/Aleks/Documents/Programming/Python/NLP/data/llm_transfer_logs/2026-09-17T213651.414570+0000__Блаже_Конески__Братислав_Ташковски.json,2026-09-17T21:36:51.414570+00:00
114_Братислав Ташковски_0,114,Катица Ќулавкова,"Скршени, набожни",Братислав Ташковски,train,0,"Паѓаме тешко околу неа,
лишен се борам за вистината,
скршен се движам во тишината,
дребно се смеете сега,
крш земја се лее, пишувам,
кршшшшшшшшшш звук се слуша, верувам,
морањето тежина нè гуши, борам,
морал душа исчезнува, сакам,
набожен се молам, пишувам,
псссссссстстстст тишина се слуша, верувам,
трпењето сила се троши, борам,
зрнце светлина се губи, сакам,
наскоро ќе мине водата,
сè останува во стиховите.",gemma-4-31b-it,google,-0.27,-0.18,0.08,1.89,/Users/Aleks/Documents/Programming/Python/NLP/data/llm_transfer_logs/2026-09-17T214306.208819+0000__Катица_Ќулавкова__Братислав_Ташковски.json,2026-09-17T21:43:06.208819+00:00
763_Братислав Ташковски_0,763,Пијан Славеј,АБРАКАДАБРА,Братислав Ташковски,train,0,"Птица ноќ мирно спие.
На кладата долго се крие.
Тихо сонува само месечината.
Дењето силно ја буди сега.
Но таа навистина не може.
Бега брзо од светлата.
Светло електрично силно трепка.
Мелницата црвено брзо се врти.
Виното црно тешко тече.
Рече дека ноќта смело бори.
Сакам повторно да пишувам стиховите.
Наскоро повторно ќе дојде ноќта.
Таму се борам многу јасно.
Едно зрнце само остана.",gemma-4-31b-it,google,-0.27,-0.18,0.08,1.89,/Users/Aleks/Documents/Programming/Python/NLP/data/llm_transfer_logs/2026-09-17T214616.125942+0000__Пијан_Славеј__Братислав_Ташковски.json,2026-09-17T21:46:16.125942+00:00
306_Братислав Ташковски_0,306,Веле Смилевски,Книгата НИЕ,Братислав Ташковски,train,0,"Дете тајно сега се собира
Единица брзо и силно формира
Независното силно и долго бара
Пророк тивко во ноќта пишува
Коридорот темно и бавно пролета
Громобран тешко и остро удира
Избодени се тие сега
Развлечени се тие сега
Шумата темно и длабоко пресека
Силно сега за себе борам
Стиховите брзо и јасно пишувам
Зрнце вистина во книга барам
Илегалното тивко и тајно чува
Наскоро владетел силно станува",gemma-4-31b-it,google,-0.27,-0.18,0.3,1.89,/Users/Aleks/Documents/Programming/Python/NLP/data/llm_transfer_logs/2026-09-17T221155.032307+0000__Веле_Смилевски__Братислав_Ташковски.json,2026-09-17T22:11:55.032307+00:00
122_Веле Смилевски_0,122,Гане Тодоровски,Ноќ без интерпункција,Веле Смилевски,train,0,"Поникнат патувач на патот
Натежнат пат кон брегот
Мало кајче на синото морето
Разголен одглас на водата
Егеј морето сина солена вода

Ноќна завесата на сонот
Кратка запирка во ноќта
Силна единица на болката
Книгата на крајот тешка книга
Мртва сила на измореното телото

Светла зората на утрото
Повторно името на силата
Брег камен на крајот
Зевс молнија во празните одаите
Бела одаја на светлината

Бродиме тишината на морето
Кориците на книгата бела надеж
Поникнат патувач на патот
Светла зората на утрото
Повторно силата на душата
Една единица на тешкиот крајот",gemma-4-31b-it,google,-0.27,-0.29,0.04,0.29,/Users/Aleks/Documents/Programming/Python/NLP/data/llm_transfer_logs/2026-09-17T210948.774541+0000__Гане_Тодоровски__Веле_Смилевски.json,2026-09-17T21:09:48.774541+00:00
704_Влада Урошевиќ_0,704,Блаже Конески,НОЌНА ПЕСНА,Влада Урошевиќ,train,0,"Темносино небо окрилува над улицата.
Ѕвезди месечина плови среде темнината.
Чекор тишина минува тука низ прашината.
Светлина студ сфаќа кожата на раката.
Ветер шепот шета во ноќта.

Песна ехо опијанува мислата во главата.
Жал срце опсипува тежината на болката.
Нејќи име пригласува тишината на ноќта.
Човек тишина носи болката во градите.
Сон празнотија сфаќа душата на срцето.

Жуберка спомен сфаќа раката на дланката.
Ридот молчи среде празнината на ноќта.
Мижи срце лажам себеси во темнината.
Нишка судбина врзува ноќта и душата.",gemma-4-31b-it,google,0.1,0.02,-0.36,0.01,/Users/Aleks/Documents/Programming/Python/NLP/data/llm_transfer_logs/2026-09-17T211245.528744+0000__Блаже_Конески__Влада_Урошевиќ.json,2026-09-17T21:12:45.528744+00:00
544_Влада Урошевиќ_0,544,Бранко Цветкоски,БОГИНКИ,Влада Урошевиќ,train,0,"Ридот измиен од рѓа, трепери.
Козја патека се вие среде сивите тишините.
Вода се слива низ скали и трпне.
Дожд минува низ празниот етерот, тече.

Планини паѓаат во огнени јами, во вулканите.
Тешкото тело на земјата се сфаќи.
Оган се влече низ длабоките јазовите.
Вали од пепел го покриваат средиштето.
Светот се топи во црни визби.

Големо око затвора се во крепоста.
Ноќта ѕвечи како стакло во градовите.
Црна темнотија плови низ празниот простор, сјае.
Светлината на мракот го осветлува јадрото.
Мижи од сенки се провлекуваат низ времето.",gemma-4-31b-it,google,0.1,0.02,0.14,0.01,/Users/Aleks/Documents/Programming/Python/NLP/data/llm_transfer_logs/2026-09-17T212615.170259+0000__Бранко_Цветкоски__Влада_Урошевиќ.json,2026-09-17T21:26:15.170259+00:00
287_Влада Урошевиќ_0,287,Веле Смилевски,Хаику книга,Влада Урошевиќ,train,0,"Книга лежи среде тишината на целиот градот.
Оклоп дрво кожа сфаќа мерката на идејата.
Направен облик чека својот единствен мигот.
Материјата молчи во празниот и широк просторот.

Идеја плови низ старите и бели страници.
Мисли мижи во длабоката и густа темнината.
Духот бара прецизност во секојот стихот.
Мерката диктува кога конечно доаѓа отворот.

Рака допира груба кожата на овој томот.
Корица се отвора во миг на вистината.
Нејзин простор минува низ вечното време.
Среќата лежи во совршената и чиста соодветноста.
Томот зборува со својата сопствена јасноста.",gemma-4-31b-it,google,-0.9,0.02,0.47,-0.33,/Users/Aleks/Documents/Programming/Python/NLP/data/llm_transfer_logs/2026-09-17T212941.407877+0000__Веле_Смилевски__Влада_Урошевиќ.json,2026-09-17T21:29:41.407877+00:00
544_Ефтим Клетников_0,544,Бранко Цветкоски,БОГИНКИ,Ефтим Клетников,train,0,"Дожд измиен рѓа од рид.
Козја патека трпне во камените.
Вода прска врз рамнината.
Карпа, земја, шумскиот мир, тишина.
Планината се вали во ноќта.

Олимп паѓа во вулкан, длабочина.
Оган избива од коренот, земја.
Камен се топи, тече лава.
Земјата го зема врвот, каменот.
Светот се тресе, пука земјата.

Око затворено во крепоста, ноќ.
Ноќ ѕвечи во визба, време.
Црна темнина избива, тече мрак.
Средиште на светот, вистина, свет.
Мракот го вее, празнината, тишината.",gemma-4-31b-it,google,0.13,-0.27,0.16,0.45,/Users/Aleks/Documents/Programming/Python/NLP/data/llm_transfer_logs/2026-09-17T205951.147936+0000__Бранко_Цветкоски__Ефтим_Клетников.json,2026-09-17T20:59:51.147936+00:00
42_Ефтим Клетников_0,42,Богомил Ѓузел,Бдеење,Ефтим Клетников,train,0,"Небото затвора Скопје, ветрот вее.
Хоризонтот чкрипи, прашината прска.
Железото магнетисува тешката ноќта.
Сенката паѓа врз сите праговите.
Мракот избива од сите улиците.

Дуќан затворен предвреме, големата тишината.
Алкохолот запалува оган во крвта.
Бессоницата слуша шумот на градовите.
Лебецот лежи на дрвената масата.
Студот вее низ сите прозорците.

Судбата избива од мојата дланта.
Рамнината ги води моите прстите.
Линиите се патеки, сосе.
Човекот чека, цут, утрото се ратнува.
Сонцето ќе го разбуди светот.",gemma-4-31b-it,google,0.13,-0.27,0.1,0.45,/Users/Aleks/Documents/Programming/Python/NLP/data/llm_transfer_logs/2026-09-17T210455.682660+0000__Богомил_Ѓузел__Ефтим_Клетников.json,2026-09-17T21:04:55.682660+00:00
122_Ефтим Клетников_0,122,Гане Тодоровски,Ноќ без интерпункција,Ефтим Клетников,train,0,"Патувач броди по сината вода.
Кајчето плива по Егеј-водата.
Телото разголено во ветер е.
Силата ја зема темната ноќта.
Срцето чука во големата тишина.

Ноќта натежна во градите е.
Запирка се јавува во ноќта.
Духот поникнат по рамнината е.
Прска страв по рамнината.
Болката се шири во коските.

Зората избива од планината.
Повторно се буди старата силата.
Брегот чека сите патувачите.
Сонцето вее над сината вода.
Животот почнува во светлината.",gemma-4-31b-it,google,0.13,-0.27,-0.1,0.45,/Users/Aleks/Documents/Programming/Python/NLP/data/llm_transfer_logs/2026-09-17T210811.607271+0000__Гане_Тодоровски__Ефтим_Клетников.json,2026-09-17T21:08:11.607271+00:00
287_Ефтим Клетников_0,287,Веле Смилевски,Хаику книга,Ефтим Клетников,train,0,"Книгата стои во Охрид, во соборе.
Прашина ја покрива таа, слој.
Рамнината е тишина, мир.
Вее ветер низ старите соборе.
Стрaници чекаат збор, чекаат глас.

Корица е од кожа, од земја.
Мерка бара рака, бара сила.
Направен е облик тука, во каменто.
Сосе на идеја стои книгата.
Кожата се јавува, се отвора.

Идејата го води прстот, води мисла.
Книгата се отвора сега, во час.
Избива светлина од нејзин збор, пламенто.
Смислата ја наоѓа вистината, патот.
Овде се спојува сè, во едно.",gemma-4-31b-it,google,0.13,-0.27,0.63,0.45,/Users/Aleks/Documents/Programming/Python/NLP/data/llm_transfer_logs/2026-09-17T211202.311815+0000__Веле_Смилевски__Ефтим_Клетников.json,2026-09-17T21:12:02.311815+00:00
306_Ефтим Клетников_0,306,Веле Смилевски,Книгата НИЕ,Ефтим Клетников,train,0,"Деца во Скопје формираат единица.
Единицата независна, илегална патека.
Коридори, владетел, линијата на школа.
Прска светлината по ѕидовите.
Рамнината ги носи чекорите.

Портрети, лика, старите предци.
Пророк избива од темната рамнина.
Громобран, името, јазикот на татко.
Срцето избодено од тишината.
Шумскиот ветер вее, тресе.

Космос, ѕвезди, прашина на небото.
Времето развлечено, долгото чекање.
Дете гледа во далечната висината.
Празникот избива, ноќта вее.
Единицата чека, ја бара ноќта.",gemma-4-31b-it,google,0.13,-0.27,-0.3,0.45,/Users/Aleks/Documents/Programming/Python/NLP/data/llm_transfer_logs/2026-09-17T211656.461474+0000__Веле_Смилевски__Ефтим_Клетников.json,2026-09-17T21:16:56.461474+00:00
704_Катица Ќулавкова_0,704,Блаже Конески,НОЌНА ПЕСНА,Катица Ќулавкова,train,0,"Темносина ноќна, тешка тишина.
Сребрена луна, бледи, далечни ѕвездите.
Просторна темносина, вечна ноќта.
Окрилува ноќта, една тешка ствар.
Тука, во овој празен миг.
Студени нити бела светлина.

Оддалечена песна, ехото на празноста.
Опијанува тишина, еден празен пат.
Пригласува звук, тесен, мрачен простор.
Едно суштество, длабока, сива осаменост.
Поривите на ветрот, сива прашина.
Предметите станале само темни сенки.

Мисла за нејќи, бесконечна далечинава.
Особено тежок, црн, заглавен жал.
Невозвратна љубов, една празна рака.
Жуберка спомен, мал остаток.
Срцево, камен, една студена ствар.
Значи ли ова стварно живот?

Опсипува ноќта, темен, густ сок.
Гушење, тесно грло, неми страв.
Темносин плач, една тиха солза.
Нити тага, тесна мрежа.
Народот спие, јас сам будам.
Студена стварноста, затворена вратка.

Останата жуберка, една празна мисла.
Темносина, бесконечност, вечна ноќта.
Окрилува жал, една тешка ствар.
Тука, во овој празен простор.
Студени предметите, мртви, сиви стварите.
Опијанува тишината, еден конечен крајот.",gemma-4-31b-it,google,0.77,0.25,0.17,-0.15,/Users/Aleks/Documents/Programming/Python/NLP/data/llm_transfer_logs/2026-09-17T210231.497781+0000__Блаже_Конески__Катица_Ќулавкова.json,2026-09-17T21:02:31.497781+00:00
46_Катица Ќулавкова_0,46,Ацо Шопов,Ноќта,Катица Ќулавкова,train,0,"Лажна убавина на целата стварноста
Скриена маска на сите предметите
Измама на бледата, лажна реалноста
Одсјај на далечната, студена зората
Студена тишина на празниот просторот

Поетски поглед кон далечната границата
Сон за недонесената, скриена вистината
Суштества од чиста, бела светлината
Прелаз на возбудените, тешки мислите
Висока визија на бесконечната вечноста
Значи апсолутната, чиста слободата

Возбудени паметите на секој денот
Пролетни поривите на сите водите
Разливање на брзата, луда реката
Дневна врелоста на жаркото сонцето
Немири на заборавените, стари народите
Сливање на силни, темни струите

Темната ноќта на долгото успивање
Сливање во длабокиот, тежок заборавот
Нежно паѓање на сите сенките
Мирна длабочина на вечниот сонот
Сонливи нити на изгубеното времето
Станале прашина на ладниот ветерот

Присната стварноста на краткиот мигот
Недонесената вечност на човечката душата
Сложени врвки на сите мислите
Одсјај на старата, тешка вратката
Поетска тишина на празниот просторот
Клуч на затворената, црна вратката",gemma-4-31b-it,google,-0.23,0.25,0.37,-0.35,/Users/Aleks/Documents/Programming/Python/NLP/data/llm_transfer_logs/2026-09-17T210635.856768+0000__Ацо_Шопов__Катица_Ќулавкова.json,2026-09-17T21:06:35.856768+00:00
42_Катица Ќулавкова_0,42,Богомил Ѓузел,Бдеење,Катица Ќулавкова,train,0,"Небото затвора тешката вратката.
Чкрип хоризонт на решетките.
Железни линии на затворот.
Сенки од сивите предметите.
Тешка, празна ноќна тишината.
Студена, сива ноќта.

Бессоница како тенки нитите.
Уморна, осамена човечка душата.
Слуша длабока, црна празнината.
Особено тешката, густа темнината.
Станале невидливи, чудни суштествата.
Скриени поривите на стравто.

Горчлив, јалков алкохол во чашата.
Сув, тврд лебец на масата.
Затворени, празни градски дуќаните.
Студено стакло и сива прашината.
Предвреме дојдена, тешка стварноста.
Студена, стаклона чашата.

Оган што медлено запалува ноќта.
Магнетисува празна, студена собата.
Сребрени, тенки нити на сеќавањата.
Студени, тешки метални предметите.
Значи само една сурова стварноста.
Сенка на заборавениот народот.

Дланка како тесна, долга патеката.
Линии на зацртаната судбината.
Чекори низ топла, мека кожата.
Остро, јасно и тешко значење.
Бесконечна, сива, празна стварноста.
Последната, затворена вратката.",gemma-4-31b-it,google,0.77,0.25,-0.4,-0.15,/Users/Aleks/Documents/Programming/Python/NLP/data/llm_transfer_logs/2026-09-17T211032.821450+0000__Богомил_Ѓузел__Катица_Ќулавкова.json,2026-09-17T21:10:32.821450+00:00
122_Катица Ќулавкова_0,122,Гане Тодоровски,Ноќ без интерпункција,Катица Ќулавкова,train,0,"Поникнат патувач, сивата прашината.
Тешка, заборавена, сива прашината.
Суштества без едно јасно името.
Натежнато, бесконечно бродењето на патувачите.
Станале бледи, ноќни, тихи сенките.
Силна, тешка, непомирива тишината.

Разголено, мало, дрвено кајчето.
Солена, ладна, длабока водата.
Тонки, проѕирни нити од страв.
Мала, треперечка, слаба надежта.
Темна, длабока, непозната површината.
Предметите на синото, големо морето.

Остри, ноќни, ладни поривите.
Празна, изгубена, стара силата.
Кратка, тешка запирка на дишењето.
Острото, вечно, човечко страдањето.
Бесконечна, ладна, сива стварноста.
Особено тешкото, бавно пристигнувањето.

Далечен, невидлив, стран брегот.
Народот на старите, заборавени соништата.
Студена, песочна, празна нивата.
Железна, тврда, непомирива копната.
Повторно, бавно, тешко пристигнувањето.
Скршена, горка, човечка вистината.

Бледа, прва, светла зората.
Светла, далечна, мала точката.
Значи нов, чист, прв почетокот.
Чиста, неоптимална, нова силата.
Распоредени, празни, стари судините.
Крајната, бела, вечна светлината.",gemma-4-31b-it,google,0.77,0.25,-0.33,-0.15,/Users/Aleks/Documents/Programming/Python/NLP/data/llm_transfer_logs/2026-09-17T211433.350562+0000__Гане_Тодоровски__Катица_Ќулавкова.json,2026-09-17T21:14:33.350562+00:00
287_Катица Ќулавкова_0,287,Веле Смилевски,Хаику книга,Катица Ќулавкова,train,0,"Книгата како тежок, стар предмет
кожаната тешка и затворена корица
длабоката и затворената тајна
станале нити од сива прашина
статиката на некој стар страв
листовите се бела тишина

Внатрешната и скриена идеја
силниот порив на мислата
невидливата и точна мерка
суштества од чиста светлина
особено тешка и горка вистина
зборовите се широк, празен простор

Корицата како тешка, дрвена вратка
точната мерка на сите духовите
направен облик на реалноста
соодветната и широка ширина
значењето е тешка, темна тежина
димензијата е голема, јасна разлика

Отвора се самото затворено
спојот на двете различни нити
надворешната и груба кожа
нејзиниот свет на стварноста
линиите се совпаѓање
значи отворената и чиста книга

Предметите како старите, прашни огледала
совршен спој на формата
вечноста е точна мерка
тиха копринена нит на душата
идејата е стварноста",gemma-4-31b-it,google,-0.23,0.25,-0.19,-0.35,/Users/Aleks/Documents/Programming/Python/NLP/data/llm_transfer_logs/2026-09-17T212601.397256+0000__Веле_Смилевски__Катица_Ќулавкова.json,2026-09-17T21:26:01.397256+00:00
306_Катица Ќулавкова_0,306,Веле Смилевски,Книгата НИЕ,Катица Ќулавкова,train,0,"Независен илегален пророк на тишината
Тајна детска единица во ходниците
Студени дрвени владетели на училиштето
Сенки од сиви бетонски предметите
Станале чудни и осамени суштествата
Тишината на старите собите

Црно-бели старите фотографии на децата
Остри метални линийки на масата
Развлечен празен простор на нивните
Сребрени нити на изгубеното времето
Особено тешка темна стварноста
Сенка од прашни тефтерите

Темни густи шуми на соништата
Студен ноќен воздух на поривите
Избоден тивок копнеж во срцата
Сенка од далечни сиви планите
Сребрена прашина на патиштата
Тишина на ноќните часовите

Космичка детска реалност на светот
Громобран од страв и осаменоста
Невидлива граница на сите суштествата
Значи тешка скриена тајната
Сложени детски дланки на вечноста
Студена стварност на народот

Заборавени мали владетели на сенките
Скриени во длабока темна ноќта
Формирана единица на пророците
Сенки од прашни соништата
Особена тежина на душата
Студена стварност на децата",gemma-4-31b-it,google,0.77,0.25,0.03,-0.15,/Users/Aleks/Documents/Programming/Python/NLP/data/llm_transfer_logs/2026-09-17T213301.783982+0000__Веле_Смилевски__Катица_Ќулавкова.json,2026-09-17T21:33:01.783982+00:00
704_Пијан Славеј_0,704,Блаже Конески,НОЌНА ПЕСНА,Пијан Славеј,train,0,"Темносино ме окрилува сега
Свири тишината тука сега
Опијанува душата многу полека
Пригласува сè што ека
Песната ека многу сега
Велат дека е ноќна таа

Мислата се расипе тешко тука
Опсипува жал многу во мене
Барам нејќи тука сега
Дланката се тресе многу сега
Срцето се жуберка полека сега
Плени душата многу сега
Таа не доаѓа повеќе тука
Стојам ваков тука сам сега
Жал ме зазема многу сега",gemma-4-31b-it,google,0.31,-0.45,0.14,1.51,/Users/Aleks/Documents/Programming/Python/NLP/data/llm_transfer_logs/2026-09-17T205941.526115+0000__Блаже_Конески__Пијан_Славеј.json,2026-09-17T20:59:41.526115+00:00
544_Пијан Славеј_0,544,Бранко Цветкоски,БОГИНКИ,Пијан Славеј,train,0,"Дождот мие многу бавно рѓата
Мие ја силно козјата
Тоне длабоко сега цела планината
Вали тешко цела земјата
Ѕвечи ја јасно земјата
Ваков е крајот сега

Крепоста спие многу сега тука
Окото се затвора сега
Тешко се затвора таа
Доаѓа бавно цела ова црната
Свети силно сега цела средиштето
Велат дека плени таа
Плени ја јасно визбата
Трпне ја долго црната
Сè се расипе сега",gemma-4-31b-it,google,0.31,-0.45,-0.06,1.51,/Users/Aleks/Documents/Programming/Python/NLP/data/llm_transfer_logs/2026-09-17T210248.229194+0000__Бранко_Цветкоски__Пијан_Славеј.json,2026-09-17T21:02:48.229194+00:00
46_Пијан Славеј_0,46,Ацо Шопов,Ноќта,Пијан Славеј,train,0,"Убавината измамува многу тешко сега,
таа лаже многу јасна,
поетот гледа силно таа,
сонува веднаш во темната ноќта,
велат дека таа многу плени,
тој го расипе сè брзо,
тој ја виде вистината јасно.

Денот памети многу возбудено сега,
водата се разлива многу силно,
се слива брзо таа,
плукни ги сите тие паметите,
ноќта успива многу тишо,
заборав сè многу брзо,
спиј ваков распеан тука,
дланките се смири конечно.",gemma-4-31b-it,google,0.31,-0.45,0.14,1.51,/Users/Aleks/Documents/Programming/Python/NLP/data/llm_transfer_logs/2026-09-17T210604.659039+0000__Ацо_Шопов__Пијан_Славеј.json,2026-09-17T21:06:04.659039+00:00
287_Пијан Славеј_0,287,Веле Смилевски,Хаику книга,Пијан Славеј,train,0,"Направи ја оваата корица
Измери ја точно мерката
Идејата тешко тука се плете
Ваков треба точно да биде
Книгата така си се затегна
Сè се прави многу сега
Дланките ја водат сите

Отвора се многу многу полека
Нејзин збор сега јасно се знае
Велат дека така се плете
Свират тишини во неа сега
Книгата така си се отворина
Расипе се сè до крајната
Плени ја оваата книга",gemma-4-31b-it,google,-0.69,-0.45,0.4,1.01,/Users/Aleks/Documents/Programming/Python/NLP/data/llm_transfer_logs/2026-09-17T210941.203048+0000__Веле_Смилевски__Пијан_Славеј.json,2026-09-17T21:09:41.203048+00:00
306_Пијан Славеј_0,306,Веле Смилевски,Книгата НИЕ,Пијан Славеј,train,0,"Децата формираат единица
Стојат илегално тие сега
Независно се збираат тие
Пророк велат дека се тие
Ваков се збираат тие сега
Тие само така стојат тие
Така ги плени ноќта

Владетел не ги слуша тие
Громобран ги води тие сега
Избоден стои тој во шумата
Развлечен е патот сега
Дланките плукни тие
Свират тие во шумата
Велат дека се распеани тие
Расипе го тој сега",gemma-4-31b-it,google,0.31,-0.45,-0.06,1.51,/Users/Aleks/Documents/Programming/Python/NLP/data/llm_transfer_logs/2026-09-17T211332.321029+0000__Веле_Смилевски__Пијан_Славеј.json,2026-09-17T21:13:32.321029+00:00
42_Ристо Лазаров_0,42,Богомил Ѓузел,Бдеење,Ристо Лазаров,train,0,"Небото затвора тесното око.
Магнетна ноќта црна талката.
Среде густа темнина ноќна.

Чкрип на железните решетките сиви.
Хоризонт на празната границата далечна.
Тишината втора внимателно слушани.

Дуќаните затворени во Скопје старите.
Предвреме вечерта студена сивата.
Сетне уморна душата човечката.

Чаша алкохол тешката капката горка.
Бессоницата гори јака огнена.
Светилнот замаглано тиво запалуваната.

Коричка лебец сувата кората бела.
Троа солта бела кристална.
Слива талката горка солзата.

Линии на старата дланта тесни.
Патека севездени траги долгини.
Судбината тешка линија црна.

Среде ноќта осамена темна.
Патовите празни долги прашни старите.
Катаден мирна тишина вечна.",gemma-4-31b-it,google,-0.35,-0.23,-0.25,0.05,/Users/Aleks/Documents/Programming/Python/NLP/data/llm_transfer_logs/2026-09-17T211158.562575+0000__Богомил_Ѓузел__Ристо_Лазаров.json,2026-09-17T21:11:58.562575+00:00
122_Ристо Лазаров_0,122,Гане Тодоровски,Ноќ без интерпункција,Ристо Лазаров,train,0,"Бродиме поникнати патувачи на патот
среде река Слива и калта
троа прашина на нозете

Мало кајче на ветерот
разголената надеж на срцето
на тешката вода на реката

Натежниот чекор на уморот
севезден страв на ноќта
без никаква сила во рацете

Кратка запирка на дишењето
ноќна талка на очите
под темната луна на небото

Далечниот брег на селцето
кај старите селци на Галеи
камена планина на студот

Првата зора на светлината
повторно животот на душата
светли мераци на утрината

Крајна точка на прагот
катаден сонот на смртта
тишина на душата и мирот",gemma-4-31b-it,google,-0.35,-0.23,-0.25,0.05,/Users/Aleks/Documents/Programming/Python/NLP/data/llm_transfer_logs/2026-09-17T211524.635992+0000__Гане_Тодоровски__Ристо_Лазаров.json,2026-09-17T21:15:24.635992+00:00
306_Ристо Лазаров_0,306,Веле Смилевски,Книгата НИЕ,Ристо Лазаров,train,0,"Среде темен сумрак,
сива улица на големиот град,
децата-сенките на сивиот праг.

Независна единица,
илегален пророк на црната ноќ,
тајната талка на младите деца.

Дрвена линија,
црно-бела слика на старо време,
сетните погледи од далечниот север.

Земјен владетел,
громобран гнев на сиромашниот човек,
избодените молќи на темната ноќ.

Троа шума,
катаден пат на сите сенки,
развлечените корени на старата земја.

Севезден космос,
звездена книга на чиста светлина,
века тишината на големата вселена.

Млади мераци,
светлината-печат на човечката душа,
имените-тајните на вечната ноќ.",gemma-4-31b-it,google,-0.35,-0.23,-0.68,0.05,/Users/Aleks/Documents/Programming/Python/NLP/data/llm_transfer_logs/2026-09-17T213140.495296+0000__Веле_Смилевски__Ристо_Лазаров.json,2026-09-17T21:31:40.495296+00:00
114_Славко Јаневски_0,114,Катица Ќулавкова,"Скршени, набожни",Славко Јаневски,train,0,"Скопје сиви улици камен сопна.
Ѕид камен тежок земја падна.
Студена зора сив град зазема.
Листа суви црна земја покрила.
Сонце бледо празно небо оставила.
Ветер ладен сива прашина носела.

Душа лишена свое име изгубила.
Скршен дух сива прашина стана.
Чедо мало голем страв почувствува.
Закон суров цел живот одзема.
Свобода стара тешка верига скршила.

Набожна вера тешко молчание проповела.
Дребно право строг судја наметна.
Псссссссстстстст — мртви јазик замолкна.
Зборови заборавени силен ветер однесе.
Тишина тешка цел град задушила.

Крш сив тешки патишта затрупа.
Кршшшшшшшшшш — срце камен тежок пукна.
Птица мртва сиво крило спуштила.
Цвете суво црна земја пропило.
Крш градски стари сеќавања стрижа.

Струја морал празен праг напуштила.
Морање тешко сива рака водила.
Трпење тешко цела душа изеде.
Чета во темен мрак загина.
Светот замолча, црна ноќта падна.
Зора последна сиво небо закрила.",gemma-4-31b-it,google,0.43,-0.03,0.13,0.12,/Users/Aleks/Documents/Programming/Python/NLP/data/llm_transfer_logs/2026-09-17T210111.840036+0000__Катица_Ќулавкова__Славко_Јаневски.json,2026-09-17T21:01:11.840036+00:00
544_Славко Јаневски_0,544,Бранко Цветкоски,БОГИНКИ,Славко Јаневски,train,0,"Вечерниот дожд падна на старите села.
Измиен камен рѓата одзема.
Козја тропа во ладна вода потона.
Шар-Планина тиха во сон заспала.
Водата тече, земјата ја мие.
Сребрена капка на листот падна.

Високи врвови во оган паднаа.
Планини големи во длабочина влезоа.
Вулкан жежок цела земја ја пале.
Светот трпне една тешка мука.
Камен течен во темнината тече.

Крепоста ноќна тешка тишина чува.
Големо око се затворило.
Визба стара во црна ноќ загина.
Сребрена порта за секој затворена.
Ветерот носи една ладна ноќта.
Сонцето зајде, ноќта ја донесе.

Црна ноќ над целиот свет се спушта.
Средиште празно нова светлина бара.
Темнината силна сè околу осветлила.
Звезда падна, зора во далечина застана.
Светот во црно се претворило.

Сребрено цвете во сивиот пепел загина.
Среќно чедо во дълбок сон заспало.
Светот ѕвечи една последна песна.
Вали големи сè од земја однесоа.
Чиста земја се родила.",gemma-4-31b-it,google,0.43,-0.03,0.35,0.12,/Users/Aleks/Documents/Programming/Python/NLP/data/llm_transfer_logs/2026-09-17T210403.975253+0000__Бранко_Цветкоски__Славко_Јаневски.json,2026-09-17T21:04:03.975253+00:00
46_Славко Јаневски_0,46,Ацо Шопов,Ноќта,Славко Јаневски,train,0,"Град Скопје, маска блеска,
златна убавина сите луѓе измамува,
лажна слика окото заслепува,
вистината тешка под неа загина,
празна надеж во срцето остана.

Еден поет вистината знае,
сон од далечни стари села носи,
граница тесна со мисла руши,
духот слободен во небо лета,
светот скриен тој го открива.

Ден буен, памети течат,
река Вардар пролетна вода разлива,
возбудено срце во градите чука,
брза струја тешки сеќавања носи,
бела пена по камења капна.

Ноќ тиха, темен заборав дојде,
темна завеса целиот свет покрива,
тихо успивање душата гаси,
сон и јава во темнина се сливаат,
цвете мирисно во ноќта заспива,
мир длабок во мислите стапи.

Мир недонесен, млад поет присен,
преку соништа старите градови гази,
сокол висок над планина лета,
зората нова светла надеж носи,
срцето отворено за вистини чека,
душата чиста во вечност патува.",gemma-4-31b-it,google,0.43,-0.03,0.02,0.12,/Users/Aleks/Documents/Programming/Python/NLP/data/llm_transfer_logs/2026-09-17T210659.312595+0000__Ацо_Шопов__Славко_Јаневски.json,2026-09-17T21:06:59.312595+00:00
287_Славко Јаневски_0,287,Веле Смилевски,Хаику книга,Славко Јаневски,train,0,"Во Битола стара книга стои,
Тешка корица кожата крие,
Прашина сива врв нејзин паѓа,
Сонцето грее, зората рано дојде,
Ветерот дува, планината висока молчи.

Човек силен раката јасна крена,
Страница бела книгата цврста затвори,
Клучот недига, бравата стара молчи,
Срцето чука, мислата брза трча,
Идеја голема внатре темна спие.

Мајстор вешт нова корица прави,
Мерка точна голема идејата бара,
Кожа груба, злато сјајно блеска,
Раката сече, ножичката остра сече,
Формата тесна духот силен гуши,
Среброто бледи, времето старо тече.

Сокол висок крило широко рашири,
Цвете румено во книгата нова цвести,
Светот цел во мерка точна стана,
Душата пее, вистината чиста збори,
Направен облик мислата јасна прима.

Книгата тешка сама се отвора,
Светлина јасна врв страните падна,
Битола спие, зората златна грее,
Идејата слободна во светот излезе,
Мерката точна душата човечка спаси,
Книгата отворена, вистината јасна сияла.",gemma-4-31b-it,google,0.43,-0.03,0.13,0.12,/Users/Aleks/Documents/Programming/Python/NLP/data/llm_transfer_logs/2026-09-17T211306.063832+0000__Веле_Смилевски__Славко_Јаневски.json,2026-09-17T21:13:06.063832+00:00
650_Адем Гајтани_0,650,Блаже Конески,ПЕСНА НА ЛОЗИТЕ ВО ЛОЗЈАТА НА ВОДНО,Адем Гајтани,train,0,"Тревата на Пола нишаме
Ветерот задува во нивите
Зелени лисја, земјата, коренот
Сонцето зајде, ноќта излегува
Светот молчи, тишината владее
Убавиот сон во темната ката

Месечината паѓа на сивите камени
Сенките танцуваат, ноќта е тркалезна
Свитецот пее, гласот е јасен
Сребрена роса, школката на земјата
Срцето чуе, билките гледаат
Тајната на ноќта, вилиците

Лозјарот доаѓа, рацете кастри
Лозата плаче, убавината тече
Нема жала, само новите изненади
Божилото на граната, сокот тече
Крвта на земјата, виното се раѓа
Убавината е цел, вилиците

Коренот длабок, земјата чувствуваме
Луѓето од Пола, тие не знаат
Ние сме деца, тишината владее
Светот е далеку, мирот е тука
Духот полазува, земјата претвораш
Убавината е наша, останува",gemma-4-31b-it,google,-0.24,-0.07,-0.21,0.04,/Users/Aleks/Documents/Programming/Python/NLP/data/llm_transfer_logs/2026-09-18T153422.390195+0000__Блаже_Конески__Адем_Гајтани.json,2026-09-18T15:34:22.390195+00:00
779_Адем Гајтани_0,779,Пијан Славеј,НЕЗНАЈНИОТ ЉУБОВНИК,Адем Гајтани,train,0,"Девици доаѓаат, видат гробот.
Незнаен човек, тешка земјата.
Положија букет, свеж мирис цвеќите.
Цвеќе паѓа на сивиот каменот.
Гледаат во прашината, во тишината.
Тука лежи една голема тајната.

Пуши џоинт една млада убавица.
Бел чад се витка, излегува.
Казанова, Дон Жуан, стари имената.
Мајките раскажуваа за ноќна страста.
Рацете ги кинаат сите латиците.
Смеа ехо е во вилиците.

Тркалезен свет, топло тело, ноќта.
Тој ја знаеше белата школката.
Сакаме приказни, старите еротски митовите.
Нејќе да заборави млада девицата.
Срцето чува јажето, тешкиот јазот.
Божилото го покрива овој гробот.

Нема име, само студен каменот.
Ката на небото, далечни ѕвездите.
Претвораш сив пепел во цвеќите.
Букето лежи, мирисот долго останува.
Девојките си одат, тие смеат.
Незнаениот спие во вечната тишината.",gemma-4-31b-it,google,-0.24,-0.07,0.13,0.04,/Users/Aleks/Documents/Programming/Python/NLP/data/llm_transfer_logs/2026-09-18T153822.155589+0000__Пијан_Славеј__Адем_Гајтани.json,2026-09-18T15:38:22.155589+00:00
779_Блаже Конески_0,779,Пијан Славеј,НЕЗНАЈНИОТ ЉУБОВНИК,Блаже Конески,train,0,"Млади девици тивко по патот минаа,
свеж букет тешко на гробот положија.
Пушат бавно, сосем тивко,
бел џоинт тече во сината магла.
Лисја кинеат, сака-ме, па нејќе,
цвеќето паѓа сосем лесно,
спрема ладен камен што мрзне,
така играат стара игра.

Незнаен лежи, сосем во прах мина,
мајки шепнаа за негова голема сила.
Како сокол, силен и лут,
лутата мака го водела сосем.
Нема име, само тивок вик,
како Don Juan, како Casanova,
тиво се смееат на гробот,
додека сеќавањето тече бавно.",gemma-4-31b-it,google,-0.42,-0.3,-0.03,0.85,/Users/Aleks/Documents/Programming/Python/NLP/data/llm_transfer_logs/2026-09-18T155217.367215+0000__Пијан_Славеј__Блаже_Конески.json,2026-09-18T15:52:17.367215+00:00
146_Братислав Ташковски_0,146,Радован Павловски,Театар на мртвите,Братислав Ташковски,train,0,"Влегуваме многу тишо во темнината
светлина рака трепери малку
некој нè води бавно таму
театар душа гледа оддалечено
пиесот конечно сега почнува
гледаме сè многу поинаку
зборови ветер тешко паѓаат
суфлерот шепоти брзо во увото
борам за едно зрнце
останатите само долго чекаат
живот смрт живееме сега
гледаме јасно сè што мина
сакам ова точно да напишам
завесата конечно тешко паѓа",gemma-4-31b-it,google,-0.27,-0.18,-0.13,1.89,/Users/Aleks/Documents/Programming/Python/NLP/data/llm_transfer_logs/2026-09-18T153024.608847+0000__Радован_Павловски__Братислав_Ташковски.json,2026-09-18T15:30:24.608847+00:00
134_Братислав Ташковски_0,134,Јосип Коцев,"Сѐ што ќе создадам, отсега ќе чекори кон тебе",Братислав Ташковски,train,0,"Сакам да дојдеш токму сега
дојде така многу полека
чекор град го пресека
жила бавно и тишо шие
атом атом нежно спојува
брзо разлист во нас станува
толку краткотраено сè се случува
сапуница во воздухот пука
за едно зрнце силно борам
стиховите тие повторно ги пишувам
самотијата конечно и брзо завршува
заедно дишеме токму сега
наскоро сè повторно се менува
книгата тишо и веќе се затвора",gemma-4-31b-it,google,-0.27,-0.18,0.22,1.89,/Users/Aleks/Documents/Programming/Python/NLP/data/llm_transfer_logs/2026-09-18T153235.991013+0000__Јосип_Коцев__Братислав_Ташковски.json,2026-09-18T15:32:35.991013+00:00
46_Братислав Ташковски_0,46,Ацо Шопов,Ноќта,Братислав Ташковски,train,0,"Убавината лажно и тиво измамува
Поетот јасно и остро гледа
Со соништата силно јас борам
Границите многу лесно ги газам
Денот возбудено памети сè сега
Водата силно и брзо се разлива
Повторно во темнината се слива
Сон недонесен долго тука чека
Ноќта тиво и тешко се спушта
Заборавот полека во нас доаѓа
Светот нежно и долго се успива
Повторно присен во себе останам
Ова во стиховите јас пишувам
Наскоро ќе затворам оваа книга",gemma-4-31b-it,google,-0.27,-0.18,0.72,1.89,/Users/Aleks/Documents/Programming/Python/NLP/data/llm_transfer_logs/2026-09-18T153537.816203+0000__Ацо_Шопов__Братислав_Ташковски.json,2026-09-18T15:35:37.816203+00:00
287_Братислав Ташковски_0,287,Веле Смилевски,Хаику книга,Братислав Ташковски,train,0,"Сакам книгата да се отвора
побавно ја пишувам идејата
корицата точно се создава
мерката тешко се бара
идејата силно ја води раката
нејзината мерка точно се наоѓа
корица книгата ја чува
наскоро започнува да се отвора
само ако точно се создава
стихот тешко се создава
идејата мерката ја бара
книгата полека се отвора
корицата точно ја следи идејата
така книгата се отвора",gemma-4-31b-it,google,-0.27,-0.18,-0.06,1.89,/Users/Aleks/Documents/Programming/Python/NLP/data/llm_transfer_logs/2026-09-18T153807.154768+0000__Веле_Смилевски__Братислав_Ташковски.json,2026-09-18T15:38:07.154768+00:00
779_Братислав Ташковски_0,779,Пијан Славеј,НЕЗНАЈНИОТ ЉУБОВНИК,Братислав Ташковски,train,0,"Доаѓаат тие многу полека
Цвеќе букет тие полагаат
Паѓаат свежо тие сега
Пушат тие тивко така
Џоинтот гори брзо сега
Сакаме го тој сега
Направи тој силно работата
Ги надмина многу сите
Каменот молчи долго сега
Тој е незнаен сега
Девицата кине латиката
Нејќе да заборави сега
Сакам повторно да пишувам
Остануваат само тие стиховите",gemma-4-31b-it,google,-0.27,-0.18,-0.56,1.89,/Users/Aleks/Documents/Programming/Python/NLP/data/llm_transfer_logs/2026-09-18T155313.012404+0000__Пијан_Славеј__Братислав_Ташковски.json,2026-09-18T15:53:13.012404+00:00
42_Веле Смилевски_0,42,Богомил Ѓузел,Бдеење,Веле Смилевски,train,0,"Небо-затвора, тешка, сива, долга вечерта.
Чкрипа решетка, тесна, сива линијата.
Студена, сива, тешка тишина.
Затворена, темна, тешка завесата.
Сребрен, тесен, празен просторот.

Дуќан-ноќ, горчлив, тежок, сив алкохолот.
Сув лебец, празна, темна одајата.
Бессоница, долга, тешка бессоница.
Предвреме-час, една тешка единица.
Сонлива, сива, тешка ноќта.

Слушање-одглас, тивок, сив, тежок одгласот.
Оган-запалува, црвена, тешка јава.
Магнетисува тешка, темна ноќта.
Студен, празен, сив зевсот.
Сенка-човек, сива, тешка сенка.

Длан-корица, стара, тешка, сива книгата.
Линии-судбина, тешка, сива судбината.
Скопје-патека, долга, тесна патеката.
Чекор-книга, запишана, стара книгата.
Судбина-линија, тешка, сива линијата.
Запишана, тешка, сива судбината.",gemma-4-31b-it,google,-0.27,-0.29,0.0,0.29,/Users/Aleks/Documents/Programming/Python/NLP/data/llm_transfer_logs/2026-09-18T153228.216997+0000__Богомил_Ѓузел__Веле_Смилевски.json,2026-09-18T15:32:28.216997+00:00
650_Веле Смилевски_0,650,Блаже Конески,ПЕСНА НА ЛОЗИТЕ ВО ЛОЗЈАТА НА ВОДНО,Веле Смилевски,train,0,"Темна црна тешка земјата.
Длабок цврст стар коренот.
Тиквеш тиха празна единицата.
Коренот во темната земјата.
Далечна тиха чудна човечката.

Жарко златно силно сонцето.
Бела студена бледа луната.
Силна зимска остра задува.
Нишање убава зелена лозата.
Свитец тивок празен одгласот.

Стар мудар тивок лозјарот.
Остра челична студена ножицата.
Кастрење груба тешка раката.
Убави остри тихи жалата.
Крвта во црвената густа лозата.

Зелена тиха бавна полазува.
Тиха голема чудна изненадата.
Убава отворена стара книгата.
Завесата на густите зелени лисјата.
Светот во длабокиот цврст коренот.
Одаите на темната црна земјата.",gemma-4-31b-it,google,-0.27,-0.29,-0.1,0.29,/Users/Aleks/Documents/Programming/Python/NLP/data/llm_transfer_logs/2026-09-18T153705.067691+0000__Блаже_Конески__Веле_Смилевски.json,2026-09-18T15:37:05.067691+00:00
945_Влада Урошевиќ_0,945,Ефтим Клетников,НА ПОЛНОЌ КОГА ПРСКА ЈАТКАТА НА МРАКОТ-4,Влада Урошевиќ,train,0,"Полноќта густина срце-оган гори среде ноќта.
Тишината претеж сфаќа во празна темнината.
Духот расчатали сржта на мижи-светлината.
Обновен човек минува низ сопствената тишина.

Крила бавча плодови мирис-ветар сега носи.
Градината цврстина корени длабоко во земјата.
Истовремено цветот суштината на утрето ја откри.
Сонцето плови над ридот на мислите.
Сфаќа: овошјето зрее во сопствените амбарите.

Хармонија општ ритам во крвта тече.
Богатство творец-рака јадрото на светот ја допре.
Духот лети над градот на сеќавањата.
Светот цврстина во нова форма ја прими.
Обновен пламен среде ноќна тишина трепери.",gemma-4-31b-it,google,0.1,0.02,-0.01,0.01,/Users/Aleks/Documents/Programming/Python/NLP/data/llm_transfer_logs/2026-09-18T153020.178997+0000__Ефтим_Клетников__Влада_Урошевиќ.json,2026-09-18T15:30:20.178997+00:00
763_Влада Урошевиќ_0,763,Пијан Славеј,АБРАКАДАБРА,Влада Урошевиќ,train,0,"Птица ноќна клада спие среде градот.
Дењето мижи, окото не може да гледа.
Месечина сон плови низ длабоката темнината.
Сонце светлина дење, птицата бега во сенките.
Тишината сфаќа миг пред доаѓањето на утрото.

Сијалки електрични палат патишта во ноќта.
Ветрници црвени вртат ридот и сувата прашината.
Вино црно тече низ стаклото на сонот.
Градски светла мижи, ноќта сега рече.

Утрото носи мудрост, мир на бавчата.
Крилата тресат ноќен ветер во градовите.
Птицата сонува месечина, сфаќа јавиште.
Среде ноќта минува енергија на птиците.
Ноќта плови, градот спие во тишините.",gemma-4-31b-it,google,0.1,0.02,0.14,0.01,/Users/Aleks/Documents/Programming/Python/NLP/data/llm_transfer_logs/2026-09-18T153345.715293+0000__Пијан_Славеј__Влада_Урошевиќ.json,2026-09-18T15:33:45.715293+00:00
306_Влада Урошевиќ_0,306,Веле Смилевски,Книгата НИЕ,Влада Урошевиќ,train,0,"Децата во ходниците формираат илегална единица.
Линијар, прашина, сенка, тишина бавно минуваат.
Среде сиви ѕидови се создава овој независен редот.
Сфаќаат јазикот на старите црно-бели фотографии.
Слегуваат тивно кон својата длабока тајна.

Дете пророк владетел плови низ темна шума.
Громобран секој збор го сече воздухот.
Корени, гранки, камени, мижи од светлина.
Слегуваат низ ридот кон сопственото царство.
Време, простор, тишина, мисли се преплетуваат.

Избоден поглед, развлечен сон, илегална слобода.
Црно-бели слики ги чуваат сите тајните.
Градот молчи додека децата силно владеат.
Независна единица се провлекува низ ноќта.
Сенки, чекори, ветрови, гласови ги водат.",gemma-4-31b-it,google,1.1,0.02,0.05,0.34,/Users/Aleks/Documents/Programming/Python/NLP/data/llm_transfer_logs/2026-09-18T153725.144504+0000__Веле_Смилевски__Влада_Урошевиќ.json,2026-09-18T15:37:25.144504+00:00
650_Влада Урошевиќ_0,650,Блаже Конески,ПЕСНА НА ЛОЗИТЕ ВО ЛОЗЈАТА НА ВОДНО,Влада Урошевиќ,train,0,"Сонце трева нишаме во бавчата тишината.
Ветер гранки задува преку ридот прашината.
Зеленило плови низ тишината небото.
Светлина мижи по лисјата росата.

Лозјар раце кастри свитец лозата земјата.
Корен сфаќа убав мир тишината сонцето.
Жала изненади среде патеките камените.
Полазува тишина по гранките дрвјата.
Раце средуваат форма дрвјата плодовите.

Земјата мижи под нозете прашината.
Човек минува далечно од корените луѓето.
Лажам ако кажам дека сфаќа се корените.
Растојание расте помеѓу луѓето тишината.
Тишината е мост до корените земјата.",gemma-4-31b-it,google,0.1,0.02,-0.58,0.01,/Users/Aleks/Documents/Programming/Python/NLP/data/llm_transfer_logs/2026-09-18T154405.836394+0000__Блаже_Конески__Влада_Урошевиќ.json,2026-09-18T15:44:05.836394+00:00
650_Ефтим Клетников_0,650,Блаже Конески,ПЕСНА НА ЛОЗИТЕ ВО ЛОЗЈАТА НА ВОДНО,Ефтим Клетников,train,0,"Попладне. Тишина над рамнината.
Тревата нишаме, задува ветрот.
Свитец полазува по стемблот.
Сонцето грее, молчи земјата.
Убава е тишината во полето.

Стојан кастри лозата.
Ножиците сечат, сокот тече.
Нема жала, изненади носи земјата.
Коренот цврст, држи земјата.
Раката води, лозата расте.

Ветер прска од гората.
Човекот полазува кон тишината.
Земјата го зема, го крие.
Далечни се луѓето, тука мирот.
Избива вистината од коренот.",gemma-4-31b-it,google,0.13,-0.27,-0.57,0.45,/Users/Aleks/Documents/Programming/Python/NLP/data/llm_transfer_logs/2026-09-18T153051.088633+0000__Блаже_Конески__Ефтим_Клетников.json,2026-09-18T15:30:51.088633+00:00
779_Катица Ќулавкова_0,779,Пијан Славеј,НЕЗНАЈНИОТ ЉУБОВНИК,Катица Ќулавкова,train,0,"Студ, незнаениот сив тежок каменот.
Сила, страста, дивите луди поривите.
Тишина, мртвото чудно тихо суштеството.
Особено тешката, густа сива тишината.
Сјај, белиот ладен сјаен мермерот.
Студ, сивата стварноста, празната стварноста.

Младост, бледите нежните млади девиците.
Свежина, лесните брзните летечки чекорите.
Златни нити, долгата свилена косата.
Нежност, белите треперечките топли рацете.
Смеа, младите светлните чисти лицата.
Сенки, јасното летното златно сонцето.

Тежина, шарениот тешкиот мирислив букетот.
Мирис, свежото мирисливото цветно цвеќе.
Тајна, положиниот мистичниот таен дарот.
Топлина, белиот топлиот тесен џоинтот.
Густина, белиот лесниот густ чадот.
Пушење, чистиот свежиот пролетен воздухот.

Сенка, мајчините старите чудни приказните.
Сјај, станале големите вечни легендите.
Темнина, Казановата далечната темна сенката.
Моќ, Дон Жуановото јавното моќно име.
Дивост, големите немите страсни страстите.
Збор, стариот мудриот тивок народот.

Свежина, тихата длабоката сива спомената.
Празнина, ироничната долгата празна молитвата.
Предметите, силниот лудиот тежок копникот.
Значи, чистата и јасната еротиката.
Нејќе замолчи, целата оваа тишината.
Сакаме, бесконечната вечна вечноста.",gemma-4-31b-it,google,0.77,0.25,0.4,-0.15,/Users/Aleks/Documents/Programming/Python/NLP/data/llm_transfer_logs/2026-09-18T154505.114521+0000__Пијан_Славеј__Катица_Ќулавкова.json,2026-09-18T15:45:05.114521+00:00
873_Ристо Лазаров_0,873,Пијан Славеј,ШТРКОТ,Ристо Лазаров,train,0,"Западен врв, камен, сива тишина.
Матка, длабока водицата, сенка.
Сетне од темна, тешка ноќта.

Бебешки врзопче, бели памуците.
Талка од бледа, чиста светлина.
Среде соништа, празен просторот.

Натален севезден знак, тешка судбина.
Троа прашина, стари севезите.
Рече гостот, тивок, длабок гласот.

Снесе ноќта, прво плачењето.
Плод, солза, крвта нивна, жива.
Катаден мигот, тесен, затворен кругот.

Прозорец, стаклото, студени ветровите.
Тропне рака, познат, јасен звукот.
Повраток, пак, стара, бледа сеќаватото.

Главна врата, дрво, тежок прагот.
Чекор, тежина, отворена, празна касата.
Слива на времето, брз текот.

Мераци од судбите, тенки нити.
Прелета птицата, сино, високо небето.
Тишина, крајна, бела, студена ноќта.",gemma-4-31b-it,google,-0.35,-0.23,0.13,0.05,/Users/Aleks/Documents/Programming/Python/NLP/data/llm_transfer_logs/2026-09-18T153119.523116+0000__Пијан_Славеј__Ристо_Лазаров.json,2026-09-18T15:31:19.523116+00:00
46_Ристо Лазаров_0,46,Ацо Шопов,Ноќта,Ристо Лазаров,train,0,"Маска-убавина на бледото лицето.
Лажна слива на темната стравта.
Измаманата реалност на големиот светот.

Мајсторот среде соништа-патишта на душата.
Граница-сон во густата темнината.
Присното око на стариот поет.

Ден-памети на старите пролетни води.
Разливање пролетни реки-струи на земјата.
Возбуденото време на жаркото пладнето.

Недонесени мисли во тешката глава.
Троа сеќавање на сивата прашина.
Силната струја на сите сеќавања.

Ноќ-заборав на тешките затворени очи.
Успивање на душите-сенки во мракот.
Тишината на длабокото сино море.

Сливање светла на двете далечни страни.
Века-сон во белиот севез на времето.
Сетниот мирот на вечната тишина.

Севезден поет на празната сива троа.
Мераци-сон во ноќната темна талка.
Завршницата на сите долги патишта.",gemma-4-31b-it,google,-0.35,-0.23,0.47,0.05,/Users/Aleks/Documents/Programming/Python/NLP/data/llm_transfer_logs/2026-09-18T153510.858326+0000__Ацо_Шопов__Ристо_Лазаров.json,2026-09-18T15:35:10.858326+00:00
287_Ристо Лазаров_0,287,Веле Смилевски,Хаику книга,Ристо Лазаров,train,0,"Книга од стара, тешка кожа.
Троа прашина на бели листови.
Сенка од минати, долги века.

Корица направен од грубо платно.
Среде севезден темен, затворен затвор.
Тврдо дрво на рабната страна.

Точна мерка на секој збор.
Сетне време во длабока тишина.
Века страв на последната страна.

Идеја скриена во темното јадро.
Чиста мисла без човечко име.
Слива зборови на белата хартија.

Нејзин размер на дух.
Талка светлина низ праг.
Склад на двете страни.

Се отвора тешка врата.
Раснати страници на ветер.
Отворени патови кон вистина.

Мераци на дух и тело.
Среде книга од светлина.
Вечна мерка на мислата.",gemma-4-31b-it,google,-0.35,-0.23,0.04,0.05,/Users/Aleks/Documents/Programming/Python/NLP/data/llm_transfer_logs/2026-09-18T153912.023714+0000__Веле_Смилевски__Ристо_Лазаров.json,2026-09-18T15:39:12.023714+00:00
650_Ристо Лазаров_0,650,Блаже Конески,ПЕСНА НА ЛОЗИТЕ ВО ЛОЗЈАТА НА ВОДНО,Ристо Лазаров,train,0,"Сонце среде висока планина наша.
Тишина на лисната зелена тука.
Убавина севездена на гранките.

Задува од троата тука сега.
Нишање на свитецот сега тиво.
Сетне на ветрината таму.

Стојан со рацете свои груби.
Кастрење на гранките старите суви.
Покорна тишина на лозата.

Месечина среде ноќта тиха севезден.
Полазува севездена по ѕидовите сите.
Сребрена нишката на соништата.

Корен во црна земјата длабоко.
Изненади на темнината длабока тука.
Талка на тишината вечна.

Жала на срцето човечко тешко.
Мераци на болката тиха остра.
Катаден мирни на душите.

Далечина од луѓето тука сите.
Земја во дланките свои прашни.
Другата страна на земјата.",gemma-4-31b-it,google,-0.35,-0.23,0.09,0.05,/Users/Aleks/Documents/Programming/Python/NLP/data/llm_transfer_logs/2026-09-18T154738.201307+0000__Блаже_Конески__Ристо_Лазаров.json,2026-09-18T15:47:38.201307+00:00
779_Ристо Лазаров_0,779,Пијан Славеј,НЕЗНАЈНИОТ ЉУБОВНИК,Ристо Лазаров,train,0,"Гроб на едно незнаеното.
Младите девици на гробишта.
Свеж букет на сива троа.

Цвеќе во треперливи раце.
Сака-ме, нејќе, сака-ме.
Сетне игра на бела коста.

Тенок џоинт во прстите.
Бел чад среде старите гробишта.
Мераци на еден мртвиот.

Мајчини приказни за телото.
Моќта телесна на мажот.
Севезден зборови на мајките.

Казанова и Дон Жуанот тука.
Помали од неговата слава.
Слави на катаден црн сонот.

Положен букет на камена.
Свежа роса на сива камена.
Талка на старите сеќавања.

Смеа на млади девици.
Пепел и слатка слива.
Тишина на едно незнаеното.",gemma-4-31b-it,google,-0.35,-0.23,-0.34,0.05,/Users/Aleks/Documents/Programming/Python/NLP/data/llm_transfer_logs/2026-09-18T155216.561933+0000__Пијан_Славеј__Ристо_Лазаров.json,2026-09-18T15:52:16.561933+00:00
42_Славко Јаневски_0,42,Богомил Ѓузел,Бдеење,Славко Јаневски,train,0,"Небото сиво Скопје затворила,
Сонцето бледо во ноќ загина,
Ноќта тешка врз градот падна,
Сенка црна по улицата се шета,
Зората од планина далеку одлета.

Хоризонтот чкрип, железо студено, затегнал,
Решетка студена, небо сиво, магнетисувала,
Стуб камен, тишина тешка, слушала,
Ветерот ладен, прозорец стар, тресе,
Студ тежок коската ја задирала.

Бессоница горка, очи уморни, палела,
Алкохол силен, чаша стакло, капна,
Оган црвен, душа болна, запалувал,
Човек уморен, темнина густа, чекал,
Болка стара срцето го кочила.

Дуќан мал, предвреме, затворил,
Лебец сув, маса дрвена, лежел,
Кора тврда, грло тесно, заглавила,
Рака треперечка лебецот го кине,
Светлина бледа по ѕидот тече.

Судба тешка, дланка празна, се крие,
Линии длабоки, пат долг, кажале,
Чедо осамено по линијата одело,
Прст тенок судбината ја мере,
Живот минат во ноќта загина,
Сон нов зората го носела.",gemma-4-31b-it,google,-0.57,-0.03,0.09,-0.08,/Users/Aleks/Documents/Programming/Python/NLP/data/llm_transfer_logs/2026-09-18T153429.741215+0000__Богомил_Ѓузел__Славко_Јаневски.json,2026-09-18T15:34:29.741215+00:00
306_Славко Јаневски_0,306,Веле Смилевски,Книгата НИЕ,Славко Јаневски,train,0,"Во Скопје сиви улици стојат.
Деца темни ходници чекаат.
Ѕидови студени тишина ја чува.
Сумрак тежок падна на врата.
Мали чеда тајни зборови плетат.
Сенки долги земјата ја зазема.

Илегален собор деца формира.
Единица силна во темнината дише.
Линијар дрвен рака ја стегна.
Независен свет во срца се роди.
Силни војници мал град војат.

Пророк мало чедо вистина каже.
Фотографи стари црно-бели бледаат.
Гледка сива во очи се впила.
Судба тешка на чела се запиша.
Зора бледа над кули се крена.

Шума црна сокол во неа лета.
Громобран гнев небото го раскина.
Прст избоден од трн се крви.
Дух развлечен низ ноќ се стрена.
Болка остра во гради загина.

Владетел мал трон камен зазема.
Круна од цвете глава ја покри.
Пирин висок песна нова пее.
Слобода јасна во очи се гледа.
Сон нов во срца се заплете.
Деца силни светла зора чекаат.",gemma-4-31b-it,google,0.43,-0.03,0.35,0.12,/Users/Aleks/Documents/Programming/Python/NLP/data/llm_transfer_logs/2026-09-18T153702.920947+0000__Веле_Смилевски__Славко_Јаневски.json,2026-09-18T15:37:02.920947+00:00
650_Славко Јаневски_0,650,Блаже Конески,ПЕСНА НА ЛОЗИТЕ ВО ЛОЗЈАТА НА ВОДНО,Славко Јаневски,train,0,"Задува ветер силен, студена.
Нишаме гранки зелени, млада.
Земја тешка, црната нас држеше.
Коренот длабок во темна земја.
Зората грее, сонцето топло палеше.

Месечина бела над мало село.
Свитец мал по лисја полазува.
Ноќ тиха, сребрена зошто падна.
Сонтав свет, убава, голема тишина.
Срцето чуе една далечна песна.
Планина Пирин спие сега тиха.

Лозјар дојде, рака груба, тешка.
Ножици остри, лозата жива кастреше.
Крв зелена капна на сува земја.
Не чувствуваме страв, ниту жала.
Убавина бараме во крвната раната.

Цвете румено, чедо на сива земја.
Природата носи една голема изненада.
Не е корисна ова млада гранка.
Само убава е, чиста, светла.
Душата лета, телото тука стоеше.
Сокол кружи над празна нива.

Коренот длабок, земја црна врзана.
Земја мајка ни ја прва даде.
Луѓето отидоа, патиштата сите загина.
Останавме тивки, душа наша самотна.
Светот бледе, природата силна владее.
Велењето старо, вечното тука трае.",gemma-4-31b-it,google,1.43,-0.03,0.16,0.32,/Users/Aleks/Documents/Programming/Python/NLP/data/llm_transfer_logs/2026-09-18T154208.122634+0000__Блаже_Конески__Славко_Јаневски.json,2026-09-18T15:42:08.122634+00:00
779_Славко Јаневски_0,779,Пијан Славеј,НЕЗНАЈНИОТ ЉУБОВНИК,Славко Јаневски,train,0,"Момињата дојдоа во селото.
Свеж букет во рака носеа.
Незнаен гроб тишината ја раскина.
Бела девица цвеќе положи.
Земјата црвена ги примаше.

Тешка чад во воздухот се одви.
Зелен џоинт момата пуши.
Оган мал на прстите капна.
Смеа гласна гробникот го разбуди.
Ветер ладен од планината дувна.

Цвете румено прсти го кинаат.
„Сака ме“, девицата шепна.
„Нејќе“, латицата на земја падна.
Игра стара на гробот се води.
Срце младо за незнаениот копнее.

Мајките приказни во села кажаа.
За маж силен, за сокол страстен.
Казанова и Дон Жуан загинаа.
Пред неговата моќ голема и дива.
Легенда жива во ноќта се раѓа.

Име нема, само камен студен.
Слава вечна во телото остана.
Момињата зајдоа кон патината.
Свежо цвеќе гробникот го покри.
Тишина тешка на земјата спушти.
Сонливо чедо во земјата спие.
Зората бледа над гробот сјае.",gemma-4-31b-it,google,0.43,-0.03,0.05,0.12,/Users/Aleks/Documents/Programming/Python/NLP/data/llm_transfer_logs/2026-09-18T154721.120250+0000__Пијан_Славеј__Славко_Јаневски.json,2026-09-18T15:47:21.120250+00:00
