author,song_title,rank,lemma,tfidf_score
Јосип Коцев,Април ко да не бил,1,април,0.5294
Јосип Коцев,Април ко да не бил,2,оди,0.2949
Јосип Коцев,Април ко да не бил,3,исповедалник,0.1461
Јосип Коцев,Април ко да не бил,4,легија,0.1461
Јосип Коцев,Април ко да не бил,5,невдишани,0.1461
Јосип Коцев,Април ко да не бил,6,недоносен,0.1461
Јосип Коцев,Април ко да не бил,7,собирач,0.1461
Јосип Коцев,Април ко да не бил,8,училник,0.1461
Јосип Коцев,Април ко да не бил,9,цел,0.1445
Јосип Коцев,Април ко да не бил,10,квечерина,0.138
Јосип Коцев,Во овој свет,1,свет,0.1912
Јосип Коцев,Во овој свет,2,беззаб,0.1664
Јосип Коцев,Во овој свет,3,бинго,0.1664
Јосип Коцев,Во овој свет,4,грати,0.1664
Јосип Коцев,Во овој свет,5,гушкање,0.1664
Јосип Коцев,Во овој свет,6,декларација,0.1664
Јосип Коцев,Во овој свет,7,емоциија,0.1664
Јосип Коцев,Во овој свет,8,купон,0.1664
Јосип Коцев,Во овој свет,9,марципан,0.1664
Јосип Коцев,Во овој свет,10,мемфис,0.1664
Јосип Коцев,Зандана,1,затвореник,0.3707
Јосип Коцев,Зандана,2,зандана,0.3436
Јосип Коцев,Зандана,3,казнет,0.3436
Јосип Коцев,Зандана,4,сличен,0.3339
Јосип Коцев,Зандана,5,решетка,0.3123
Јосип Коцев,Зандана,6,понекогаш,0.2888
Јосип Коцев,Зандана,7,препознава,0.2888
Јосип Коцев,Зандана,8,фаќа,0.2784
Јосип Коцев,Зандана,9,тело,0.1857
Јосип Коцев,Зандана,10,душа,0.1744
Јосип Коцев,Изгубените љубови,1,каков,0.7255
Јосип Коцев,Изгубените љубови,2,кафуле,0.1824
Јосип Коцев,Изгубените љубови,3,обезглави,0.1824
Јосип Коцев,Изгубените љубови,4,прише,0.1824
Јосип Коцев,Изгубените љубови,5,турканица,0.1824
Јосип Коцев,Изгубените љубови,6,слушалка,0.1724
Јосип Коцев,Изгубените љубови,7,предаде,0.1652
Јосип Коцев,Изгубените љубови,8,ножица,0.1597
Јосип Коцев,Изгубените љубови,9,одмине,0.1552
Јосип Коцев,Изгубените љубови,10,дознае,0.1426
Јосип Коцев,Разминувања,1,никогаш,0.2771
Јосип Коцев,Разминувања,2,крвари,0.2583
Јосип Коцев,Разминувања,3,планетариум,0.2583
Јосип Коцев,Разминувања,4,разминување,0.2583
Јосип Коцев,Разминувања,5,атлас,0.2441
Јосип Коцев,Разминувања,6,географски,0.2441
Јосип Коцев,Разминувања,7,пресекува,0.2441
Јосип Коцев,Разминувања,8,учебник,0.2441
Јосип Коцев,Разминувања,9,настан,0.234
Јосип Коцев,Разминувања,10,измеша,0.2262
Јосип Коцев,"Сѐ што ќе создадам, отсега ќе чекори кон тебе",1,атом,0.345
Јосип Коцев,"Сѐ што ќе создадам, отсега ќе чекори кон тебе",2,жила,0.2673
Јосип Коцев,"Сѐ што ќе создадам, отсега ќе чекори кон тебе",3,чекор,0.2248
Јосип Коцев,"Сѐ што ќе создадам, отсега ќе чекори кон тебе",4,дојде,0.2034
Јосип Коцев,"Сѐ што ќе создадам, отсега ќе чекори кон тебе",5,град,0.1936
Јосип Коцев,"Сѐ што ќе создадам, отсега ќе чекори кон тебе",6,толку,0.1909
Јосип Коцев,"Сѐ што ќе создадам, отсега ќе чекори кон тебе",7,краткотраен,0.1904
Јосип Коцев,"Сѐ што ќе создадам, отсега ќе чекори кон тебе",8,разлист,0.1904
Јосип Коцев,"Сѐ што ќе создадам, отсега ќе чекори кон тебе",9,сапуница,0.1904
Јосип Коцев,"Сѐ што ќе создадам, отсега ќе чекори кон тебе",10,шие,0.1799
Адем Гајтани,(Κако оживувам во прегратка твоја),1,мрси,0.2519
Адем Гајтани,(Κако оживувам во прегратка твоја),2,пехар,0.2519
Адем Гајтани,(Κако оживувам во прегратка твоја),3,цице,0.2519
Адем Гајтани,(Κако оживувам во прегратка твоја),4,мој,0.2473
Адем Гајтани,(Κако оживувам во прегратка твоја),5,избеган,0.238
Адем Гајтани,(Κако оживувам во прегратка твоја),6,оживее,0.2091
Адем Гајтани,(Κако оживувам во прегратка твоја),7,сочен,0.2005
Адем Гајтани,(Κако оживувам во прегратка твоја),8,раб,0.1969
Адем Гајтани,(Κако оживувам во прегратка твоја),9,вчера,0.1936
Адем Гајтани,(Κако оживувам во прегратка твоја),10,кос,0.1907
Адем Гајтани,(Јас се чувствувам постар за еден век),1,птичи,0.2275
Адем Гајтани,(Јас се чувствувам постар за еден век),2,стасува,0.2275
Адем Гајтани,(Јас се чувствувам постар за еден век),3,мој,0.2234
Адем Гајтани,(Јас се чувствувам постар за еден век),4,чедност,0.215
Адем Гајтани,(Јас се чувствувам постар за еден век),5,еден,0.2118
Адем Гајтани,(Јас се чувствувам постар за еден век),6,кружење,0.2061
Адем Гајтани,(Јас се чувствувам постар за еден век),7,ѕвечи,0.2061
Адем Гајтани,(Јас се чувствувам постар за еден век),8,талка,0.1992
Адем Гајтани,(Јас се чувствувам постар за еден век),9,несреќа,0.1936
Адем Гајтани,(Јас се чувствувам постар за еден век),10,потонува,0.1936
Адем Гајтани,(И облакот и месецот и сонцето),1,облак,0.3079
Адем Гајтани,(И облакот и месецот и сонцето),2,зелене,0.2859
Адем Гајтани,(И облакот и месецот и сонцето),3,вжештен,0.2702
Адем Гајтани,(И облакот и месецот и сонцето),4,песнава,0.259
Адем Гајтани,(И облакот и месецот и сонцето),5,птичај,0.2503
Адем Гајтани,(И облакот и месецот и сонцето),6,зелено,0.2321
Адем Гајтани,(И облакот и месецот и сонцето),7,облечен,0.2321
Адем Гајтани,(И облакот и месецот и сонцето),8,треска,0.2275
Адем Гајтани,(И облакот и месецот и сонцето),9,божило,0.2198
Адем Гајтани,(И облакот и месецот и сонцето),10,месец,0.2133
Адем Гајтани,Βреме 47,1,школка,0.2674
Адем Гајтани,Βреме 47,2,смрт,0.2582
Адем Гајтани,Βреме 47,3,продолжува,0.2553
Адем Гајтани,Βреме 47,4,бисер,0.2518
Адем Гајтани,Βреме 47,5,затвора,0.2518
Адем Гајтани,Βреме 47,6,раѓање,0.2288
Адем Гајтани,Βреме 47,7,отвора,0.2055
Адем Гајтани,Βреме 47,8,време,0.1995
Адем Гајтани,Βреме 47,9,нескршлив,0.1711
Адем Гајтани,Βреме 47,10,несовладлив,0.1711
Адем Гајтани,Βреме 48,1,примка,0.3201
Адем Гајтани,Βреме 48,2,фати,0.2086
Адем Гајтани,Βреме 48,3,час,0.2047
Адем Гајтани,Βреме 48,4,твој,0.1907
Адем Гајтани,Βреме 48,5,грдост,0.1694
Адем Гајтани,Βреме 48,6,неуловлив,0.1694
Адем Гајтани,Βреме 48,7,неулолив,0.1694
Адем Гајтани,Βреме 48,8,приготвува,0.1694
Адем Гајтани,Βреме 48,9,проречи,0.1694
Адем Гајтани,Βреме 48,10,сибило,0.1694
Адем Гајтани,Βреме I,1,запира,0.2648
Адем Гајтани,Βреме I,2,минато,0.2288
Адем Гајтани,Βреме I,3,патува,0.2288
Адем Гајтани,Βреме I,4,вртелешка,0.1664
Адем Гајтани,Βреме I,5,иднима,0.1664
Адем Гајтани,Βреме I,6,инвалидски,0.1664
Адем Гајтани,Βреме I,7,меридијан,0.1664
Адем Гајтани,Βреме I,8,незапирен,0.1664
Адем Гајтани,Βреме I,9,оаз,0.1664
Адем Гајтани,Βреме I,10,сегашната,0.1664
Адем Гајтани,Ηаречници,1,твој,0.3266
Адем Гајтани,Ηаречници,2,око,0.1879
Адем Гајтани,Ηаречници,3,зломамниш,0.174
Адем Гајтани,Ηаречници,4,крилонога,0.174
Адем Гајтани,Ηаречници,5,струк,0.174
Адем Гајтани,Ηаречници,6,судбоклетник,0.174
Адем Гајтани,Ηаречници,7,судборотка,0.174
Адем Гајтани,Ηаречници,8,тануша,0.174
Адем Гајтани,Ηаречници,9,светлина,0.1648
Адем Гајтани,Ηаречници,10,магичен,0.1645
Адем Гајтани,ΚАМЕН,1,фрли,0.3642
Адем Гајтани,ΚАМЕН,2,сокриве,0.3461
Адем Гајтани,ΚАМЕН,3,крије,0.2863
Адем Гајтани,ΚАМЕН,4,круг,0.2629
Адем Гајтани,ΚАМЕН,5,кула,0.2629
Адем Гајтани,ΚАМЕН,6,можеби,0.2063
Адем Гајтани,ΚАМЕН,7,концентричен,0.1831
Адем Гајтани,ΚАМЕН,8,мостои,0.1831
Адем Гајтани,ΚАМЕН,9,распарча,0.1831
Адем Гајтани,ΚАМЕН,10,таинственост,0.1831
Адем Гајтани,Κанцеларија,1,тука,0.2673
Адем Гајтани,Κанцеларија,2,аероплан,0.1784
Адем Гајтани,Κанцеларија,3,вежбање,0.1784
Адем Гајтани,Κанцеларија,4,менување,0.1784
Адем Гајтани,Κанцеларија,5,полигон,0.1784
Адем Гајтани,Κанцеларија,6,службениче,0.1784
Адем Гајтани,Κанцеларија,7,тангента,0.1784
Адем Гајтани,Κанцеларија,8,тапет,0.1784
Адем Гајтани,Κанцеларија,9,акт,0.1686
Адем Гајтани,Κанцеларија,10,молба,0.1686
Адем Гајтани,Κрвта,1,нож,0.4025
Адем Гајтани,Κрвта,2,ѕвер,0.282
Адем Гајтани,Κрвта,3,часума,0.2734
Адем Гајтани,Κрвта,4,коњ,0.2595
Адем Гајтани,Κрвта,5,светлина,0.2589
Адем Гајтани,Κрвта,6,мрак,0.1948
Адем Гајтани,Κрвта,7,шета,0.1828
Адем Гајтани,Κрвта,8,темнина,0.1783
Адем Гајтани,Κрвта,9,месечина,0.1526
Адем Гајтани,Κрвта,10,враќа,0.1519
Адем Гајтани,Μетафора,1,измислен,0.3024
Адем Гајтани,Μетафора,2,еден,0.2142
Адем Гајтани,Μетафора,3,гулабица,0.1726
Адем Гајтани,Μетафора,4,запупи,0.1726
Адем Гајтани,Μетафора,5,комичен,0.1726
Адем Гајтани,Μетафора,6,ромео,0.1726
Адем Гајтани,Μетафора,7,сврзе,0.1726
Адем Гајтани,Μетафора,8,шулие,0.1726
Адем Гајтани,Μетафора,9,евридика,0.1631
Адем Гајтани,Μетафора,10,единица,0.1631
Адем Гајтани,Ρека,1,река,0.2158
Адем Гајтани,Ρека,2,град,0.2095
Адем Гајтани,Ρека,3,коли,0.1947
Адем Гајтани,Ρека,4,означи,0.1947
Адем Гајтани,Ρека,5,историја,0.1417
Адем Гајтани,Ρека,6,змија,0.1344
Адем Гајтани,Ρека,7,мост,0.1294
Адем Гајтани,Ρека,8,еден,0.1279
Адем Гајтани,Ρека,9,тече,0.1172
Адем Гајтани,Ρека,10,брег,0.1161
Адем Гајтани,Φатаморгана,1,песок,0.2981
Адем Гајтани,Φатаморгана,2,станува,0.2562
Адем Гајтани,Φатаморгана,3,измама,0.2413
Адем Гајтани,Φатаморгана,4,долина,0.2159
Адем Гајтани,Φатаморгана,5,поглед,0.15
Адем Гајтани,Φатаморгана,6,нитка,0.1486
Адем Гајтани,Φатаморгана,7,раззедрува,0.1486
Адем Гајтани,Φатаморгана,8,влажност,0.1404
Адем Гајтани,Φатаморгана,9,гама,0.1404
Адем Гајтани,Φатаморгана,10,оаза,0.1404
Адем Гајтани,Ѕидна фотографија,1,заборавен,0.3814
Адем Гајтани,Ѕидна фотографија,2,ѕид,0.2155
Адем Гајтани,Ѕидна фотографија,3,стои,0.2133
Адем Гајтани,Ѕидна фотографија,4,миг,0.2021
Адем Гајтани,Ѕидна фотографија,5,летнува,0.1884
Адем Гајтани,Ѕидна фотографија,6,црев,0.1884
Адем Гајтани,Ѕидна фотографија,7,канцеларија,0.1781
Адем Гајтани,Ѕидна фотографија,8,посетител,0.1781
Адем Гајтани,Ѕидна фотографија,9,благодарност,0.1707
Адем Гајтани,Ѕидна фотографија,10,замок,0.1707
Адем Гајтани,Автомобилот,1,мозок,0.356
Адем Гајтани,Автомобилот,2,залез,0.2821
Адем Гајтани,Автомобилот,3,глава,0.2645
Адем Гајтани,Автомобилот,4,волан,0.262
Адем Гајтани,Автомобилот,5,дава,0.2486
Адем Гајтани,Автомобилот,6,брзина,0.2229
Адем Гајтани,Автомобилот,7,смрт,0.1977
Адем Гајтани,Автомобилот,8,никогаш,0.1405
Адем Гајтани,Автомобилот,9,најде,0.1399
Адем Гајтани,Автомобилот,10,секогаш,0.1366
Адем Гајтани,Архитектура,1,покрив,0.227
Адем Гајтани,Архитектура,2,чудесен,0.2105
Адем Гајтани,Архитектура,3,некаде,0.1801
Адем Гајтани,Архитектура,4,вертижален,0.1499
Адем Гајтани,Архитектура,5,вестерен,0.1499
Адем Гајтани,Архитектура,6,геометриски,0.1499
Адем Гајтани,Архитектура,7,дијалектика,0.1499
Адем Гајтани,Архитектура,8,испитува,0.1499
Адем Гајтани,Архитектура,9,кадра,0.1499
Адем Гајтани,Архитектура,10,квадрат,0.1499
Адем Гајтани,Атина,1,украде,0.3295
Адем Гајтани,Атина,2,маратонец,0.1985
Адем Гајтани,Атина,3,несправедлив,0.1985
Адем Гајтани,Атина,4,синтагма,0.1985
Адем Гајтани,Атина,5,сиртаки,0.1985
Адем Гајтани,Атина,6,таверен,0.1985
Адем Гајтани,Атина,7,акропол,0.1876
Адем Гајтани,Атина,8,исконски,0.1798
Адем Гајтани,Атина,9,легенд,0.1798
Адем Гајтани,Атина,10,чардак,0.1798
Адем Гајтани,Бохинско езеро,1,нарече,0.4211
Адем Гајтани,Бохинско езеро,2,тука,0.2709
Адем Гајтани,Бохинско езеро,3,птица,0.2269
Адем Гајтани,Бохинско езеро,4,долина,0.2251
Адем Гајтани,Бохинско езеро,5,песна,0.1533
Адем Гајтани,Бохинско езеро,6,езеро,0.1481
Адем Гајтани,Бохинско езеро,7,капка,0.1322
Адем Гајтани,Бохинско езеро,8,брег,0.1309
Адем Гајтани,Бохинско езеро,9,смирен,0.1258
Адем Гајтани,Бохинско езеро,10,вода,0.1196
Адем Гајтани,Весна и јас,1,весна,0.2604
Адем Гајтани,Весна и јас,2,моли,0.2527
Адем Гајтани,Весна и јас,3,душа,0.2315
Адем Гајтани,Весна и јас,4,брег,0.22
Адем Гајтани,Весна и јас,5,твој,0.1954
Адем Гајтани,Весна и јас,6,лев,0.1943
Адем Гајтани,Весна и јас,7,езеро,0.1659
Адем Гајтани,Весна и јас,8,чист,0.152
Адем Гајтани,Весна и јас,9,прави,0.1358
Адем Гајтани,Весна и јас,10,оди,0.1314
Адем Гајтани,Водата,1,чува,0.3194
Адем Гајтани,Водата,2,претвора,0.3038
Адем Гајтани,Водата,3,чуд,0.2636
Адем Гајтани,Водата,4,еден,0.235
Адем Гајтани,Водата,5,прстен,0.2255
Адем Гајтани,Водата,6,оган,0.1895
Адем Гајтани,Водата,7,јаболко,0.1692
Адем Гајтани,Водата,8,чудо,0.1554
Адем Гајтани,Водата,9,вселена,0.1519
Адем Гајтани,Водата,10,вода,0.1253
Адем Гајтани,Воздухот,1,игла,0.3723
Адем Гајтани,Воздухот,2,балон,0.2947
Адем Гајтани,Воздухот,3,оска,0.2532
Адем Гајтани,Воздухот,4,брз,0.236
Адем Гајтани,Воздухот,5,смрт,0.2353
Адем Гајтани,Воздухот,6,држи,0.1873
Адем Гајтани,Воздухот,7,воздух,0.1666
Адем Гајтани,Воздухот,8,вакум,0.1559
Адем Гајтани,Воздухот,9,здружи,0.1559
Адем Гајтани,Воздухот,10,окружува,0.1559
Адем Гајтани,Доаѓање на пролетта,1,поднови,0.3008
Адем Гајтани,Доаѓање на пролетта,2,подземје,0.2843
Адем Гајтани,Доаѓање на пролетта,3,земјотрес,0.2725
Адем Гајтани,Доаѓање на пролетта,4,ластовички,0.2725
Адем Гајтани,Доаѓање на пролетта,5,моме,0.2497
Адем Гајтани,Доаѓање на пролетта,6,зелено,0.2443
Адем Гајтани,Доаѓање на пролетта,7,провира,0.2443
Адем Гајтани,Доаѓање на пролетта,8,случува,0.2352
Адем Гајтани,Доаѓање на пролетта,9,вака,0.2277
Адем Гајтани,Доаѓање на пролетта,10,срце,0.223
Адем Гајтани,Дожд врнеше како во песните на Жак Превер,1,жак,0.5546
Адем Гајтани,Дожд врнеше како во песните на Жак Превер,2,превер,0.5546
Адем Гајтани,Дожд врнеше како во песните на Жак Превер,3,песна,0.2195
Адем Гајтани,Дожд врнеше како во песните на Жак Превер,4,натажува,0.1849
Адем Гајтани,Дожд врнеше како во песните на Жак Превер,5,погалува,0.1849
Адем Гајтани,Дожд врнеше како во песните на Жак Превер,6,врни,0.1747
Адем Гајтани,Дожд врнеше како во песните на Жак Превер,7,илјадници,0.1675
Адем Гајтани,Дожд врнеше како во песните на Жак Превер,8,наесен,0.1675
Адем Гајтани,Дожд врнеше како во песните на Жак Превер,9,беден,0.1534
Адем Гајтани,Дожд врнеше како во песните на Жак Превер,10,изгорен,0.1471
Адем Гајтани,Еден од патиштата мои,1,падне,0.2338
Адем Гајтани,Еден од патиштата мои,2,горчин,0.2095
Адем Гајтани,Еден од патиштата мои,3,погрд,0.2095
Адем Гајтани,Еден од патиштата мои,4,разбранет,0.2095
Адем Гајтани,Еден од патиштата мои,5,чедни,0.2095
Адем Гајтани,Еден од патиштата мои,6,мој,0.2056
Адем Гајтани,Еден од патиштата мои,7,залог,0.1979
Адем Гајтани,Еден од патиштата мои,8,колкупати,0.1979
Адем Гајтани,Еден од патиштата мои,9,одреди,0.1979
Адем Гајтани,Еден од патиштата мои,10,прв,0.1978
Адем Гајтани,Зеленило,1,понесе,0.3396
Адем Гајтани,Зеленило,2,зелен,0.2679
Адем Гајтани,Зеленило,3,отепанат,0.2243
Адем Гајтани,Зеленило,4,заруменет,0.212
Адем Гајтани,Зеленило,5,излиже,0.212
Адем Гајтани,Зеленило,6,маѓепсан,0.212
Адем Гајтани,Зеленило,7,пастув,0.212
Адем Гајтани,Зеленило,8,гуштер,0.2032
Адем Гајтани,Зеленило,9,галеба,0.1909
Адем Гајтани,Зеленило,10,цица,0.1862
Адем Гајтани,Земја без граници,1,телефон,0.3021
Адем Гајтани,Земја без граници,2,далечина,0.208
Адем Гајтани,Земја без граници,3,вотергејт,0.1667
Адем Гајтани,Земја без граници,4,далечика,0.1667
Адем Гајтани,Земја без граници,5,институција,0.1667
Адем Гајтани,Земја без граници,6,оглувува,0.1667
Адем Гајтани,Земја без граници,7,окружи,0.1667
Адем Гајтани,Земја без граници,8,палјачо,0.1667
Адем Гајтани,Земја без граници,9,телои,0.1667
Адем Гајтани,Земја без граници,10,тревог,0.1667
Адем Гајтани,Земјата,1,череп,0.8637
Адем Гајтани,Земјата,2,земја,0.2673
Адем Гајтани,Земјата,3,тркалезен,0.1548
Адем Гајтани,Земјата,4,храни,0.1234
Адем Гајтани,Земјата,5,полја,0.0953
Адем Гајтани,Земјата,6,рте,0.0953
Адем Гајтани,Земјата,7,посеан,0.0901
Адем Гајтани,Земјата,8,црва,0.0864
Адем Гајтани,Земјата,9,владее,0.0835
Адем Гајтани,Земјата,10,длапка,0.0835
Адем Гајтани,Коњот,1,коњ,0.2917
Адем Гајтани,Коњот,2,пречка,0.2305
Адем Гајтани,Коњот,3,хиподром,0.2305
Адем Гајтани,Коњот,4,копите,0.1835
Адем Гајтани,Коњот,5,грива,0.1772
Адем Гајтани,Коњот,6,нога,0.1402
Адем Гајтани,Коњот,7,мине,0.1164
Адем Гајтани,Коњот,8,беса,0.1153
Адем Гајтани,Коњот,9,гонител,0.1153
Адем Гајтани,Коњот,10,грабнат,0.1153
Адем Гајтани,Лебедовата песна,1,глас,0.431
Адем Гајтани,Лебедовата песна,2,песна,0.1741
Адем Гајтани,Лебедовата песна,3,никогаш,0.1574
Адем Гајтани,Лебедовата песна,4,благосува,0.1467
Адем Гајтани,Лебедовата песна,5,восхитено,0.1467
Адем Гајтани,Лебедовата песна,6,грлово,0.1467
Адем Гајтани,Лебедовата песна,7,должност,0.1467
Адем Гајтани,Лебедовата песна,8,канаринка,0.1467
Адем Гајтани,Лебедовата песна,9,караница,0.1467
Адем Гајтани,Лебедовата песна,10,промети,0.1467
Адем Гајтани,Легенда,1,змија,0.4126
Адем Гајтани,Легенда,2,мајка,0.275
Адем Гајтани,Легенда,3,рече,0.2641
Адем Гајтани,Легенда,4,крв,0.2441
Адем Гајтани,Легенда,5,ќерка,0.2293
Адем Гајтани,Легенда,6,камен,0.1988
Адем Гајтани,Легенда,7,девојче,0.1796
Адем Гајтани,Легенда,8,бог,0.1412
Адем Гајтани,Легенда,9,глава,0.1278
Адем Гајтани,Легенда,10,испи,0.1266
Адем Гајтани,Мојот гулаб,1,слика,0.4002
Адем Гајтани,Мојот гулаб,2,твој,0.39
Адем Гајтани,Мојот гулаб,3,емитува,0.3273
Адем Гајтани,Мојот гулаб,4,виолетов,0.3138
Адем Гајтани,Мојот гулаб,5,полетува,0.3138
Адем Гајтани,Мојот гулаб,6,гулаб,0.2622
Адем Гајтани,Мојот гулаб,7,уморен,0.255
Адем Гајтани,Мојот гулаб,8,клепка,0.2359
Адем Гајтани,Мојот гулаб,9,падне,0.1933
Адем Гајтани,Мојот гулаб,10,убав,0.1828
Адем Гајтани,Нишалка за мојата ќерка,1,неколку,0.3016
Адем Гајтани,Нишалка за мојата ќерка,2,штотуку,0.242
Адем Гајтани,Нишалка за мојата ќерка,3,крило,0.1663
Адем Гајтани,Нишалка за мојата ќерка,4,мајка,0.1619
Адем Гајтани,Нишалка за мојата ќерка,5,нејзин,0.1585
Адем Гајтани,Нишалка за мојата ќерка,6,антилопа,0.149
Адем Гајтани,Нишалка за мојата ќерка,7,грижлив,0.149
Адем Гајтани,Нишалка за мојата ќерка,8,жит,0.149
Адем Гајтани,Нишалка за мојата ќерка,9,итрост,0.149
Адем Гајтани,Нишалка за мојата ќерка,10,каменче,0.149
Адем Гајтани,Ножот,1,лебдее,0.3752
Адем Гајтани,Ножот,2,вилица,0.3437
Адем Гајтани,Ножот,3,ѕвер,0.2848
Адем Гајтани,Ножот,4,забива,0.207
Адем Гајтани,Ножот,5,тајум,0.207
Адем Гајтани,Ножот,6,чека,0.2003
Адем Гајтани,Ножот,7,изгради,0.1813
Адем Гајтани,Ножот,8,месе,0.1762
Адем Гајтани,Ножот,9,спремен,0.1762
Адем Гајтани,Ножот,10,нос,0.1719
Адем Гајтани,Оганот,1,црпи,0.5507
Адем Гајтани,Оганот,2,оган,0.2143
Адем Гајтани,Оганот,3,васа,0.1836
Адем Гајтани,Оганот,4,бесилка,0.1735
Адем Гајтани,Оганот,5,бликнат,0.1735
Адем Гајтани,Оганот,6,живнува,0.1735
Адем Гајтани,Оганот,7,рига,0.1735
Адем Гајтани,Оганот,8,лече,0.1663
Адем Гајтани,Оганот,9,плане,0.1663
Адем Гајтани,Оганот,10,улав,0.1663
Адем Гајтани,Осаменост,1,излегува,0.2668
Адем Гајтани,Осаменост,2,ежот,0.2152
Адем Гајтани,Осаменост,3,канија,0.2152
Адем Гајтани,Осаменост,4,кртица,0.2152
Адем Гајтани,Осаменост,5,лука,0.2152
Адем Гајтани,Осаменост,6,черупка,0.2152
Адем Гајтани,Осаменост,7,влегува,0.2057
Адем Гајтани,Осаменост,8,глушец,0.2034
Адем Гајтани,Осаменост,9,куќичка,0.2034
Адем Гајтани,Осаменост,10,пајак,0.195
Адем Гајтани,Откритие на една маѓесна убавица во пирамида,1,убавица,0.4824
Адем Гајтани,Откритие на една маѓесна убавица во пирамида,2,светец,0.2921
Адем Гајтани,Откритие на една маѓесна убавица во пирамида,3,име,0.1631
Адем Гајтани,Откритие на една маѓесна убавица во пирамида,4,блесне,0.1602
Адем Гајтани,Откритие на една маѓесна убавица во пирамида,5,спуштен,0.1602
Адем Гајтани,Откритие на една маѓесна убавица во пирамида,6,миг,0.1553
Адем Гајтани,Откритие на една маѓесна убавица во пирамида,7,еден,0.1497
Адем Гајтани,Откритие на една маѓесна убавица во пирамида,8,ден,0.1489
Адем Гајтани,Откритие на една маѓесна убавица во пирамида,9,змија,0.1258
Адем Гајтани,Откритие на една маѓесна убавица во пирамида,10,светол,0.1248
Адем Гајтани,Пејсажот од мојот пат,1,сандак,0.2522
Адем Гајтани,Пејсажот од мојот пат,2,стража,0.2522
Адем Гајтани,Пејсажот од мојот пат,3,столб,0.2338
Адем Гајтани,Пејсажот од мојот пат,4,двор,0.1943
Адем Гајтани,Пејсажот од мојот пат,5,вратгогче,0.144
Адем Гајтани,Пејсажот од мојот пат,6,дувак,0.144
Адем Гајтани,Пејсажот од мојот пат,7,каллив,0.144
Адем Гајтани,Пејсажот од мојот пат,8,крека,0.144
Адем Гајтани,Пејсажот од мојот пат,9,морзеов,0.144
Адем Гајтани,Пејсажот од мојот пат,10,плитар,0.144
Адем Гајтани,Рибите од Бохињ,1,риба,0.3358
Адем Гајтани,Рибите од Бохињ,2,езеро,0.2421
Адем Гајтани,Рибите од Бохињ,3,врба,0.2056
Адем Гајтани,Рибите од Бохињ,4,природа,0.1797
Адем Гајтани,Рибите од Бохињ,5,седи,0.1638
Адем Гајтани,Рибите од Бохињ,6,гледа,0.1525
Адем Гајтани,Рибите од Бохињ,7,брег,0.1427
Адем Гајтани,Рибите од Бохињ,8,барјаци,0.1266
Адем Гајтани,Рибите од Бохињ,9,бохинка,0.1266
Адем Гајтани,Рибите од Бохињ,10,брегу,0.1266
Адем Гајтани,Рим,1,чини,0.2492
Адем Гајтани,Рим,2,гладијатор,0.1794
Адем Гајтани,Рим,3,катакомб,0.1794
Адем Гајтани,Рим,4,колосеум,0.1794
Адем Гајтани,Рим,5,небесв,0.1794
Адем Гајтани,Рим,6,остарува,0.1794
Адем Гајтани,Рим,7,сикстински,0.1794
Адем Гајтани,Рим,8,статуе,0.1794
Адем Гајтани,Рим,9,треба,0.1774
Адем Гајтани,Рим,10,градов,0.1695
Адем Гајтани,Стамбол,1,аја,0.2808
Адем Гајтани,Стамбол,2,константинопол,0.2808
Адем Гајтани,Стамбол,3,неред,0.2808
Адем Гајтани,Стамбол,4,раса,0.2808
Адем Гајтани,Стамбол,5,софија,0.2808
Адем Гајтани,Стамбол,6,јули,0.2544
Адем Гајтани,Стамбол,7,г.,0.2389
Адем Гајтани,Стамбол,8,бесмртен,0.2235
Адем Гајтани,Стамбол,9,грст,0.2235
Адем Гајтани,Стамбол,10,бисер,0.2067
Адем Гајтани,Столица,1,нога,0.4656
Адем Гајтани,Столица,2,столица,0.3829
Адем Гајтани,Столица,3,еквилибрист,0.2412
Адем Гајтани,Столица,4,обично,0.2235
Адем Гајтани,Столица,5,паѓа,0.2127
Адем Гајтани,Столица,6,седнат,0.2119
Адем Гајтани,Столица,7,мачка,0.1995
Адем Гајтани,Столица,8,скршен,0.1773
Адем Гајтани,Столица,9,надеж,0.1418
Адем Гајтани,Столица,10,секогаш,0.1332
Адем Гајтани,Темјанушка,1,страда,0.2204
Адем Гајтани,Темјанушка,2,боја,0.1968
Адем Гајтани,Темјанушка,3,нејзин,0.1754
Адем Гајтани,Темјанушка,4,вјасам,0.1648
Адем Гајтани,Темјанушка,5,девојчинска,0.1648
Адем Гајтани,Темјанушка,6,крвои,0.1648
Адем Гајтани,Темјанушка,7,нејни,0.1648
Адем Гајтани,Темјанушка,8,темниа,0.1648
Адем Гајтани,Темјанушка,9,маѓепсан,0.1558
Адем Гајтани,Темјанушка,10,ослепува,0.1558
Адем Гајтани,Три верзии за една легенда,1,дантес,0.3676
Адем Гајтани,Три верзии за една легенда,2,пушкин,0.3676
Адем Гајтани,Три верзии за една легенда,3,стрела,0.3519
Адем Гајтани,Три верзии за една легенда,4,смртно,0.2085
Адем Гајтани,Три верзии за една легенда,5,прво,0.1884
Адем Гајтани,Три верзии за една легенда,6,поет,0.1611
Адем Гајтани,Три верзии за една легенда,7,рана,0.1416
Адем Гајтани,Три верзии за една легенда,8,книга,0.1401
Адем Гајтани,Три верзии за една легенда,9,снег,0.1343
Адем Гајтани,Три верзии за една легенда,10,верзија,0.1225
Адем Гајтани,Тротоарот,1,прашува,0.193
Адем Гајтани,Тротоарот,2,нивен,0.1512
Адем Гајтани,Тротоарот,3,аморови,0.1443
Адем Гајтани,Тротоарот,4,избрчкан,0.1443
Адем Гајтани,Тротоарот,5,лиеје,0.1443
Адем Гајтани,Тротоарот,6,украсува,0.1443
Адем Гајтани,Тротоарот,7,царува,0.1443
Адем Гајтани,Тротоарот,8,штикла,0.1443
Адем Гајтани,Тротоарот,9,боди,0.1364
Адем Гајтани,Тротоарот,10,болнички,0.1364
Адем Гајтани,Удавената,1,твој,0.2285
Адем Гајтани,Удавената,2,девојче,0.216
Адем Гајтани,Удавената,3,чека,0.1963
Адем Гајтани,Удавената,4,наш,0.1643
Адем Гајтани,Удавената,5,малечок,0.1586
Адем Гајтани,Удавената,6,билка,0.1536
Адем Гајтани,Удавената,7,свила,0.1475
Адем Гајтани,Удавената,8,трепет,0.1424
Адем Гајтани,Удавената,9,постела,0.1369
Адем Гајтани,Удавената,10,риба,0.1345
Анте Поповски,TOHU VA BOHU 2,1,недосонуван,0.4909
Анте Поповски,TOHU VA BOHU 2,2,недочитан,0.4909
Анте Поповски,TOHU VA BOHU 2,3,книга,0.2807
Анте Поповски,TOHU VA BOHU 2,4,врзоп,0.2454
Анте Поповски,TOHU VA BOHU 2,5,нагоре-надолу,0.2454
Анте Поповски,TOHU VA BOHU 2,6,натаму-нава,0.2454
Анте Поповски,TOHU VA BOHU 2,7,пресоздадовме,0.2454
Анте Поповски,TOHU VA BOHU 2,8,саркофаг,0.2319
Анте Поповски,TOHU VA BOHU 2,9,сон,0.1939
Анте Поповски,TOHU VA BOHU 2,10,живот,0.188
Анте Поповски,Љубовна,1,рече,0.3597
Анте Поповски,Љубовна,2,молчи,0.2197
Анте Поповски,Љубовна,3,цвет,0.2197
Анте Поповски,Љубовна,4,секогаш,0.1799
Анте Поповски,Љубовна,5,брал,0.1724
Анте Поповски,Љубовна,6,принесев,0.1724
Анте Поповски,Љубовна,7,стемнет,0.1724
Анте Поповски,Љубовна,8,птица,0.1683
Анте Поповски,Љубовна,9,преврзува,0.1629
Анте Поповски,Љубовна,10,разденет,0.1629
Анте Поповски,Ќе ме најдеш,1,плоча,0.4812
Анте Поповски,Ќе ме најдеш,2,изум,0.313
Анте Поповски,Ќе ме најдеш,3,осами,0.313
Анте Поповски,Ќе ме најдеш,4,исчезнување,0.2958
Анте Поповски,Ќе ме најдеш,5,изуми,0.2741
Анте Поповски,Ќе ме најдеш,6,престори,0.2664
Анте Поповски,Ќе ме најдеш,7,заклучен,0.2598
Анте Поповски,Ќе ме најдеш,8,чита,0.2406
Анте Поповски,Ќе ме најдеш,9,заборави,0.2093
Анте Поповски,Ќе ме најдеш,10,сосема,0.2075
Анте Поповски,Време,1,чуе,0.3295
Анте Поповски,Време,2,моле,0.2676
Анте Поповски,Време,3,пророкува,0.2676
Анте Поповски,Време,4,господи,0.2424
Анте Поповски,Време,5,оздрави,0.2343
Анте Поповски,Време,6,заклучен,0.2221
Анте Поповски,Време,7,кубе,0.2221
Анте Поповски,Време,8,земја,0.2144
Анте Поповски,Време,9,трендафил,0.2026
Анте Поповски,Време,10,буква,0.1945
Анте Поповски,Две тишини,1,спречи,0.4593
Анте Поповски,Две тишини,2,господ,0.3449
Анте Поповски,Две тишини,3,бог,0.2712
Анте Поповски,Две тишини,4,окова,0.243
Анте Поповски,Две тишини,5,секавик,0.2296
Анте Поповски,Две тишини,6,насели,0.2068
Анте Поповски,Две тишини,7,сега,0.1959
Анте Поповски,Две тишини,8,заминување,0.1934
Анте Поповски,Две тишини,9,ветриште,0.1868
Анте Поповски,Две тишини,10,бакне,0.1789
Анте Поповски,Книга врзана со синџири,1,дече,0.3742
Анте Поповски,Книга врзана со синџири,2,книга,0.3665
Анте Поповски,Книга врзана со синџири,3,синџир,0.347
Анте Поповски,Книга врзана со синџири,4,буква,0.3105
Анте Поповски,Книга врзана со синџири,5,збор,0.2562
Анте Поповски,Книга врзана со синџири,6,окован,0.2019
Анте Поповски,Книга врзана со синџири,7,еден,0.1989
Анте Поповски,Книга врзана со синџири,8,засолни,0.1936
Анте Поповски,Книга врзана со синџири,9,човек,0.1867
Анте Поповски,Книга врзана со синџири,10,врзан,0.167
Анте Поповски,Кога си далеку,1,гата,0.2849
Анте Поповски,Кога си далеку,2,неранлив,0.2849
Анте Поповски,Кога си далеку,3,поземе,0.2849
Анте Поповски,Кога си далеку,4,покажуви,0.2849
Анте Поповски,Кога си далеку,5,пролети,0.2849
Анте Поповски,Кога си далеку,6,помилува,0.2693
Анте Поповски,Кога си далеку,7,утринум,0.2693
Анте Поповски,Кога си далеку,8,умее,0.2581
Анте Поповски,Кога си далеку,9,неба,0.2365
Анте Поповски,Кога си далеку,10,заминување,0.2268
Анте Поповски,Коледе,1,коледе-леде,0.4067
Анте Поповски,Коледе,2,гласче,0.2033
Анте Поповски,Коледе,3,дева,0.2033
Анте Поповски,Коледе,4,здание,0.2033
Анте Поповски,Коледе,5,израст,0.2033
Анте Поповски,Коледе,6,раздеви,0.2033
Анте Поповски,Коледе,7,торбе,0.2033
Анте Поповски,Коледе,8,убавее,0.2033
Анте Поповски,Коледе,9,оревче,0.1921
Анте Поповски,Коледе,10,внуче,0.1842
Анте Поповски,Кон Македонија,1,здравје,0.2501
Анте Поповски,Кон Македонија,2,разум,0.2501
Анте Поповски,Кон Македонија,3,име,0.2413
Анте Поповски,Кон Македонија,4,дојде,0.2288
Анте Поповски,Кон Македонија,5,маж,0.1945
Анте Поповски,Кон Македонија,6,твој,0.1608
Анте Поповски,Кон Македонија,7,топол,0.1473
Анте Поповски,Кон Македонија,8,благословиме,0.1428
Анте Поповски,Кон Македонија,9,востание,0.1428
Анте Поповски,Кон Македонија,10,запише,0.1428
Анте Поповски,Македонија,1,прост,0.4358
Анте Поповски,Македонија,2,земја,0.2233
Анте Поповски,Македонија,3,дволичен,0.1858
Анте Поповски,Македонија,4,запишува,0.1858
Анте Поповски,Македонија,5,змеја,0.1858
Анте Поповски,Македонија,6,лобањи,0.1858
Анте Поповски,Македонија,7,незаоден,0.1858
Анте Поповски,Македонија,8,сподели,0.1756
Анте Поповски,Македонија,9,востанат,0.1684
Анте Поповски,Македонија,10,мудро,0.1684
Анте Поповски,Мојот татко,1,негов,0.5209
Анте Поповски,Мојот татко,2,куќа,0.3992
Анте Поповски,Мојот татко,3,случи,0.2064
Анте Поповски,Мојот татко,4,црква,0.194
Анте Поповски,Мојот татко,5,замине,0.1832
Анте Поповски,Мојот татко,6,може,0.1529
Анте Поповски,Мојот татко,7,глаголи,0.1437
Анте Поповски,Мојот татко,8,составен,0.1437
Анте Поповски,Мојот татко,9,ớд,0.1437
Анте Поповски,Мојот татко,10,остане,0.1413
Анте Поповски,Наслутувања,1,надевање,0.4082
Анте Поповски,Наслутувања,2,зеленило,0.3162
Анте Поповски,Наслутувања,3,пролетен,0.2756
Анте Поповски,Наслутувања,4,наслутување,0.2253
Анте Поповски,Наслутувања,5,позелен,0.2253
Анте Поповски,Наслутувања,6,рамнодушност,0.2129
Анте Поповски,Наслутувања,7,тапка,0.2129
Анте Поповски,Наслутувања,8,намине,0.2041
Анте Поповски,Наслутувања,9,колне,0.1917
Анте Поповски,Наслутувања,10,одмине,0.1917
Анте Поповски,Не смеам да заспијам – ќе ми исчезне од сонот,1,нејзин,0.4032
Анте Поповски,Не смеам да заспијам – ќе ми исчезне од сонот,2,ноќева,0.3789
Анте Поповски,Не смеам да заспијам – ќе ми исчезне од сонот,3,колено,0.2789
Анте Поповски,Не смеам да заспијам – ќе ми исчезне од сонот,4,герданче,0.1895
Анте Поповски,Не смеам да заспијам – ќе ми исчезне од сонот,5,потаинствен,0.1895
Анте Поповски,Не смеам да заспијам – ќе ми исчезне од сонот,6,љубопис,0.1895
Анте Поповски,Не смеам да заспијам – ќе ми исчезне од сонот,7,запале,0.179
Анте Поповски,Не смеам да заспијам – ќе ми исчезне од сонот,8,ковач,0.1716
Анте Поповски,Не смеам да заспијам – ќе ми исчезне од сонот,9,пега,0.1716
Анте Поповски,Не смеам да заспијам – ќе ми исчезне од сонот,10,потих,0.1716
Анте Поповски,Од сина тишина зборови,1,предел,0.2969
Анте Поповски,Од сина тишина зборови,2,создава,0.2866
Анте Поповски,Од сина тишина зборови,3,еден,0.2705
Анте Поповски,Од сина тишина зборови,4,обезѕвезден,0.218
Анте Поповски,Од сина тишина зборови,5,постапно,0.218
Анте Поповски,Од сина тишина зборови,6,сијо,0.218
Анте Поповски,Од сина тишина зборови,7,загледува,0.206
Анте Поповски,Од сина тишина зборови,8,згаснува,0.1975
Анте Поповски,Од сина тишина зборови,9,поведе,0.1975
Анте Поповски,Од сина тишина зборови,10,бессоница,0.1909
Анте Поповски,Расфрлани се моите мисли,1,евангелие,0.3973
Анте Поповски,Расфрлани се моите мисли,2,расфрлан,0.3381
Анте Поповски,Расфрлани се моите мисли,3,лист,0.2887
Анте Поповски,Расфрлани се моите мисли,4,денес,0.2657
Анте Поповски,Расфрлани се моите мисли,5,мисла,0.2034
Анте Поповски,Расфрлани се моите мисли,6,грачат,0.1986
Анте Поповски,Расфрлани се моите мисли,7,погледавме,0.1986
Анте Поповски,Расфрлани се моите мисли,8,смрачен,0.1986
Анте Поповски,Расфрлани се моите мисли,9,бесповратно,0.1877
Анте Поповски,Расфрлани се моите мисли,10,надлетува,0.1877
Анте Поповски,Сè друго надежта ќе го стори,1,преповторува,0.3132
Анте Поповски,Сè друго надежта ќе го стори,2,продложува,0.3132
Анте Поповски,Сè друго надежта ќе го стори,3,гасен,0.296
Анте Поповски,Сè друго надежта ќе го стори,4,искра,0.26
Анте Поповски,Сè друго надежта ќе го стори,5,наведнат,0.26
Анте Поповски,Сè друго надежта ќе го стори,6,дочека,0.2543
Анте Поповски,Сè друго надежта ќе го стори,7,сè,0.2459
Анте Поповски,Сè друго надежта ќе го стори,8,осветлува,0.2408
Анте Поповски,Сè друго надежта ќе го стори,9,чита,0.2408
Анте Поповски,Сè друго надежта ќе го стори,10,та,0.2371
Анте Поповски,Само чемрееме,1,наваму,0.3547
Анте Поповски,Само чемрееме,2,само,0.313
Анте Поповски,Само чемрееме,3,наш,0.3038
Анте Поповски,Само чемрееме,4,натаму,0.2634
Анте Поповски,Само чемрееме,5,стори,0.2428
Анте Поповски,Само чемрееме,6,молчи,0.2392
Анте Поповски,Само чемрееме,7,камоли,0.1876
Анте Поповски,Само чемрееме,8,недостоен,0.1773
Анте Поповски,Само чемрееме,9,понизно,0.1773
Анте Поповски,Само чемрееме,10,помогне,0.17
Анте Поповски,Свештен страв,1,исповед,0.4318
Анте Поповски,Свештен страв,2,остаре,0.4081
Анте Поповски,Свештен страв,3,летне,0.3178
Анте Поповски,Свештен страв,4,божиќ,0.2159
Анте Поповски,Свештен страв,5,водици,0.2159
Анте Поповски,Свештен страв,6,вторник,0.2159
Анте Поповски,Свештен страв,7,петок,0.2159
Анте Поповски,Свештен страв,8,пречиста,0.2159
Анте Поповски,Свештен страв,9,понеделник,0.204
Анте Поповски,Свештен страв,10,глупав,0.1956
Анте Поповски,Секој саме,1,песна,0.4907
Анте Поповски,Секој саме,2,испее,0.4494
Анте Поповски,Секој саме,3,уште,0.4006
Анте Поповски,Секој саме,4,еден,0.3078
Анте Поповски,Секој саме,5,чуе,0.3054
Анте Поповски,Секој саме,6,отпее,0.2344
Анте Поповски,Секој саме,7,морничав,0.2172
Анте Поповски,Секој саме,8,тих,0.176
Анте Поповски,Секој саме,9,сам,0.1425
Анте Поповски,Секој саме,10,еднаш,0.133
Анте Поповски,Спроти Велигден 1979,1,свеќа,0.4573
Анте Поповски,Спроти Велигден 1979,2,воскресна,0.2043
Анте Поповски,Спроти Велигден 1979,3,впазув,0.2043
Анте Поповски,Спроти Велигден 1979,4,илјадник,0.2043
Анте Поповски,Спроти Велигден 1979,5,незапален,0.2043
Анте Поповски,Спроти Велигден 1979,6,неизгасен,0.2043
Анте Поповски,Спроти Велигден 1979,7,догорува,0.1931
Анте Поповски,Спроти Велигден 1979,8,засолнува,0.1931
Анте Поповски,Спроти Велигден 1979,9,христос,0.1851
Анте Поповски,Спроти Велигден 1979,10,внесе,0.1789
Анте Поповски,Тие малечки нешта околу нас,1,нешто,0.3782
Анте Поповски,Тие малечки нешта околу нас,2,крст,0.3283
Анте Поповски,Тие малечки нешта околу нас,3,малечки,0.2459
Анте Поповски,Тие малечки нешта околу нас,4,заробен,0.2034
Анте Поповски,Тие малечки нешта околу нас,5,многу,0.1846
Анте Поповски,Тие малечки нешта околу нас,6,мал,0.1824
Анте Поповски,Тие малечки нешта околу нас,7,негов,0.1796
Анте Поповски,Тие малечки нешта околу нас,8,исусов,0.1735
Анте Поповски,Тие малечки нешта околу нас,9,длапка,0.1519
Анте Поповски,Тие малечки нешта околу нас,10,засек,0.1519
Ацо Шопов,Notre Dame,1,сена,0.3156
Ацо Шопов,Notre Dame,2,вечер,0.1863
Ацо Шопов,Notre Dame,3,сети,0.1852
Ацо Шопов,Notre Dame,4,млад,0.161
Ацо Шопов,Notre Dame,5,babylone,0.1578
Ацо Шопов,Notre Dame,6,boulogne,0.1578
Ацо Шопов,Notre Dame,7,pigalle,0.1578
Ацо Шопов,Notre Dame,8,богохулно,0.1578
Ацо Шопов,Notre Dame,9,втаса,0.1578
Ацо Шопов,Notre Dame,10,грешно,0.1578
Ацо Шопов,Љубов,1,мнение,0.3039
Ацо Шопов,Љубов,2,сушт,0.3039
Ацо Шопов,Љубов,3,недостапен,0.2872
Ацо Шопов,Љубов,4,присилува,0.2872
Ацо Шопов,Љубов,5,вдахновение,0.2753
Ацо Шопов,Љубов,6,усмевка,0.2753
Ацо Шопов,Љубов,7,невиност,0.2661
Ацо Шопов,Љубов,8,добрина,0.2522
Ацо Шопов,Љубов,9,меч,0.2467
Ацо Шопов,Љубов,10,твој,0.2281
Ацо Шопов,Ќе те сретнам по многу лета,1,завеан,0.2237
Ацо Шопов,Ќе те сретнам по многу лета,2,истлеан,0.2237
Ацо Шопов,Ќе те сретнам по многу лета,3,осмев,0.2237
Ацо Шопов,Ќе те сретнам по многу лета,4,повит,0.2237
Ацо Шопов,Ќе те сретнам по многу лета,5,прошепне,0.2237
Ацо Шопов,Ќе те сретнам по многу лета,6,снежно-бела,0.2237
Ацо Шопов,Ќе те сретнам по многу лета,7,премрежи,0.2027
Ацо Шопов,Ќе те сретнам по многу лета,8,рамнодушно,0.2027
Ацо Шопов,Ќе те сретнам по многу лета,9,бледо,0.1959
Ацо Шопов,Ќе те сретнам по многу лета,10,изгаснат,0.1959
Ацо Шопов,Август,1,август,0.3964
Ацо Шопов,Август,2,лежи,0.3945
Ацо Шопов,Август,3,грозд,0.2314
Ацо Шопов,Август,4,папрат,0.2314
Ацо Шопов,Август,5,ноќ,0.1639
Ацо Шопов,Август,6,златен,0.156
Ацо Шопов,Август,7,трева,0.156
Ацо Шопов,Август,8,карпосан,0.1321
Ацо Шопов,Август,9,неуморен,0.1249
Ацо Шопов,Август,10,прикован,0.1249
Ацо Шопов,Ако сведнам понекогаш глава,1,понекогаш,0.3358
Ацо Шопов,Ако сведнам понекогаш глава,2,мртов,0.2287
Ацо Шопов,Ако сведнам понекогаш глава,3,гласил,0.2281
Ацо Шопов,Ако сведнам понекогаш глава,4,злослутен,0.2281
Ацо Шопов,Ако сведнам понекогаш глава,5,окапен,0.2281
Ацо Шопов,Ако сведнам понекогаш глава,6,сведне,0.2281
Ацо Шопов,Ако сведнам понекогаш глава,7,чмај,0.2281
Ацо Шопов,Ако сведнам понекогаш глава,8,иди,0.1998
Ацо Шопов,Ако сведнам понекогаш глава,9,теши,0.1998
Ацо Шопов,Ако сведнам понекогаш глава,10,милно,0.1941
Ацо Шопов,Ветрот носи убаво време,1,убав,0.4934
Ацо Шопов,Ветрот носи убаво време,2,ветер,0.2968
Ацо Шопов,Ветрот носи убаво време,3,носи,0.2175
Ацо Шопов,Ветрот носи убаво време,4,време,0.1817
Ацо Шопов,Ветрот носи убаво време,5,тага,0.1632
Ацо Шопов,Ветрот носи убаво време,6,вилнее,0.1558
Ацо Шопов,Ветрот носи убаво време,7,докоснува,0.1558
Ацо Шопов,Ветрот носи убаво време,8,жуберлив,0.1558
Ацо Шопов,Ветрот носи убаво време,9,измаглина,0.1558
Ацо Шопов,Ветрот носи убаво време,10,измачува,0.1558
Ацо Шопов,Во тишина,1,тишина,0.5009
Ацо Шопов,Во тишина,2,закопај,0.4085
Ацо Шопов,Во тишина,3,неизречен,0.3837
Ацо Шопов,Во тишина,4,притиска,0.3743
Ацо Шопов,Во тишина,5,пече,0.3413
Ацо Шопов,Во тишина,6,длабок,0.2813
Ацо Шопов,Во тишина,7,рече,0.2352
Ацо Шопов,Во тишина,8,носи,0.2098
Ацо Шопов,Гледач во пепелта,1,песно,0.3083
Ацо Шопов,Гледач во пепелта,2,изгасни,0.2755
Ацо Шопов,Гледач во пепелта,3,кама,0.2755
Ацо Шопов,Гледач во пепелта,4,откине,0.2412
Ацо Шопов,Гледач во пепелта,5,запали,0.2055
Ацо Шопов,Гледач во пепелта,6,пепел,0.1755
Ацо Шопов,Гледач во пепелта,7,оген,0.1696
Ацо Шопов,Гледач во пепелта,8,сам,0.1583
Ацо Шопов,Гледач во пепелта,9,гледачу,0.1377
Ацо Шопов,Гледач во пепелта,10,изгрејсонца,0.1377
Ацо Шопов,Го барам својот глас,1,мој,0.5064
Ацо Шопов,Го барам својот глас,2,око,0.3183
Ацо Шопов,Го барам својот глас,3,рака,0.2589
Ацо Шопов,Го барам својот глас,4,бара,0.2194
Ацо Шопов,Го барам својот глас,5,зазеленува,0.2089
Ацо Шопов,Го барам својот глас,6,нивје,0.2089
Ацо Шопов,Го барам својот глас,7,оно,0.2089
Ацо Шопов,Го барам својот глас,8,скаменува,0.2089
Ацо Шопов,Го барам својот глас,9,вилица,0.1835
Ацо Шопов,Го барам својот глас,10,рти,0.1795
Ацо Шопов,"Знам, ти сега сама замислена минеш",1,сласт,0.2581
Ацо Шопов,"Знам, ти сега сама замислена минеш",2,близок,0.2431
Ацо Шопов,"Знам, ти сега сама замислена минеш",3,кине,0.226
Ацо Шопов,"Знам, ти сега сама замислена минеш",4,занес,0.2079
Ацо Шопов,"Знам, ти сега сама замислена минеш",5,далечен,0.1825
Ацо Шопов,"Знам, ти сега сама замислена минеш",6,зошто,0.1719
Ацо Шопов,"Знам, ти сега сама замислена минеш",7,болка,0.1697
Ацо Шопов,"Знам, ти сега сама замислена минеш",8,мисла,0.1592
Ацо Шопов,"Знам, ти сега сама замислена минеш",9,мине,0.157
Ацо Шопов,"Знам, ти сега сама замислена минеш",10,задрема,0.1555
Ацо Шопов,И уште еднаш црно сонце,1,личи,0.3029
Ацо Шопов,И уште еднаш црно сонце,2,лески,0.197
Ацо Шопов,И уште еднаш црно сонце,3,лозник,0.197
Ацо Шопов,И уште еднаш црно сонце,4,наслеб,0.197
Ацо Шопов,И уште еднаш црно сонце,5,приградски,0.197
Ацо Шопов,И уште еднаш црно сонце,6,ѕвонарник,0.197
Ацо Шопов,И уште еднаш црно сонце,7,врелина,0.1862
Ацо Шопов,И уште еднаш црно сонце,8,квичи,0.1862
Ацо Шопов,И уште еднаш црно сонце,9,сé,0.1725
Ацо Шопов,И уште еднаш црно сонце,10,расфрлан,0.1677
Ацо Шопов,Илузија,1,далечина,0.3569
Ацо Шопов,Илузија,2,крлушка,0.3455
Ацо Шопов,Илузија,3,планина,0.3056
Ацо Шопов,Илузија,4,ноќ,0.2365
Ацо Шопов,Илузија,5,сè,0.2246
Ацо Шопов,Илузија,6,месечина,0.2128
Ацо Шопов,Илузија,7,ветка,0.1907
Ацо Шопов,Илузија,8,дофатен,0.1907
Ацо Шопов,Илузија,9,низина,0.1907
Ацо Шопов,Илузија,10,осознаен,0.1907
Ацо Шопов,Кажи ми небо,1,небо,0.5202
Ацо Шопов,Кажи ми небо,2,високо,0.3875
Ацо Шопов,Кажи ми небо,3,каже,0.3109
Ацо Шопов,Кажи ми небо,4,кажува,0.3019
Ацо Шопов,Кажи ми небо,5,тишина,0.161
Ацо Шопов,Кажи ми небо,6,стане,0.1489
Ацо Шопов,Кажи ми небо,7,оревок,0.1449
Ацо Шопов,Кажи ми небо,8,поденешен,0.1449
Ацо Шопов,Кажи ми небо,9,премолчи,0.1449
Ацо Шопов,Кажи ми небо,10,мој,0.1422
Ацо Шопов,Кога ти е најтешко,1,поглед,0.2901
Ацо Шопов,Кога ти е најтешко,2,подмладување,0.2874
Ацо Шопов,Кога ти е најтешко,3,смирување,0.2874
Ацо Шопов,Кога ти е најтешко,4,шумолење,0.2874
Ацо Шопов,Кога ти е најтешко,5,жив,0.278
Ацо Шопов,Кога ти е најтешко,6,молење,0.2716
Ацо Шопов,Кога ти е најтешко,7,свежина,0.2517
Ацо Шопов,Кога ти е најтешко,8,загледа,0.2446
Ацо Шопов,Кога ти е најтешко,9,нурне,0.2446
Ацо Шопов,Кога ти е најтешко,10,блесне,0.2386
Ацо Шопов,Кон галебот што кружи над мојата глава,1,галебе,0.5444
Ацо Шопов,Кон галебот што кружи над мојата глава,2,слетува,0.3699
Ацо Шопов,Кон галебот што кружи над мојата глава,3,мој,0.3563
Ацо Шопов,Кон галебот што кружи над мојата глава,4,непознат,0.1761
Ацо Шопов,Кон галебот што кружи над мојата глава,5,срце,0.1513
Ацо Шопов,Кон галебот што кружи над мојата глава,6,зарони,0.1361
Ацо Шопов,Кон галебот што кружи над мојата глава,7,лотка,0.1361
Ацо Шопов,Кон галебот што кружи над мојата глава,8,осуден,0.1361
Ацо Шопов,Кон галебот што кружи над мојата глава,9,морно,0.1286
Ацо Шопов,Кон галебот што кружи над мојата глава,10,надлета,0.1286
Ацо Шопов,Лист,1,жал,0.3486
Ацо Шопов,Лист,2,гранка,0.315
Ацо Шопов,Лист,3,детено,0.2607
Ацо Шопов,Лист,4,несетено,0.2607
Ацо Шопов,Лист,5,лебдее,0.2362
Ацо Шопов,Лист,6,измени,0.2283
Ацо Шопов,Лист,7,откине,0.2283
Ацо Шопов,Лист,8,прелив,0.2283
Ацо Шопов,Лист,9,пружи,0.2218
Ацо Шопов,Лист,10,есента,0.2038
Ацо Шопов,Лузна,1,крва,0.4115
Ацо Шопов,Лузна,2,коњ,0.3331
Ацо Шопов,Лузна,3,иде,0.2838
Ацо Шопов,Лузна,4,градина,0.2817
Ацо Шопов,Лузна,5,грло,0.259
Ацо Шопов,Лузна,6,огради,0.1755
Ацо Шопов,Лузна,7,прегази,0.1755
Ацо Шопов,Лузна,8,ритне,0.1755
Ацо Шопов,Лузна,9,темнина,0.1716
Ацо Шопов,Лузна,10,копит,0.1658
Ацо Шопов,Младост,1,утрина,0.3376
Ацо Шопов,Младост,2,далга,0.2747
Ацо Шопов,Младост,3,младост,0.2172
Ацо Шопов,Младост,4,беспоштедно,0.1786
Ацо Шопов,Младост,5,загрижува,0.1786
Ацо Шопов,Младост,6,наградува,0.1786
Ацо Шопов,Младост,7,непрестајно,0.1786
Ацо Шопов,Младост,8,обогатува,0.1786
Ацо Шопов,Младост,9,подмладува,0.1786
Ацо Шопов,Младост,10,позлатува,0.1786
Ацо Шопов,Небиднина,1,патува,0.4046
Ацо Шопов,Небиднина,2,небиднина,0.3004
Ацо Шопов,Небиднина,3,погледа,0.1911
Ацо Шопов,Небиднина,4,суша,0.1911
Ацо Шопов,Небиднина,5,вечност,0.1547
Ацо Шопов,Небиднина,6,седи,0.1523
Ацо Шопов,Небиднина,7,невидлив,0.1431
Ацо Шопов,Небиднина,8,долго,0.1367
Ацо Шопов,Небиднина,9,твој,0.1325
Ацо Шопов,Небиднина,10,глада,0.1177
Ацо Шопов,Ноќен извор,1,загледан,0.3217
Ацо Шопов,Ноќен извор,2,каков,0.2435
Ацо Шопов,Ноќен извор,3,ноќен,0.2247
Ацо Шопов,Ноќен извор,4,извор,0.1996
Ацо Шопов,Ноќен извор,5,зароби,0.1837
Ацо Шопов,Ноќен извор,6,летач,0.1837
Ацо Шопов,Ноќен извор,7,опи,0.1837
Ацо Шопов,Ноќен извор,8,скова,0.1837
Ацо Шопов,Ноќен извор,9,урочен,0.1837
Ацо Шопов,Ноќен извор,10,напи,0.1736
Ацо Шопов,Ноќта,1,памети,0.2843
Ацо Шопов,Ноќта,2,заборав,0.2534
Ацо Шопов,Ноќта,3,поет,0.2469
Ацо Шопов,Ноќта,4,возбудено,0.1878
Ацо Шопов,Ноќта,5,измамува,0.1878
Ацо Шопов,Ноќта,6,недонесен,0.1878
Ацо Шопов,Ноќта,7,присен,0.1878
Ацо Шопов,Ноќта,8,разливање,0.1878
Ацо Шопов,Ноќта,9,сливање,0.1878
Ацо Шопов,Ноќта,10,успивање,0.1878
Ацо Шопов,Очи,1,крвав,0.2043
Ацо Шопов,Очи,2,рана,0.1865
Ацо Шопов,Очи,3,твој,0.1817
Ацо Шопов,Очи,4,ннвен,0.1614
Ацо Шопов,Очи,5,борца,0.1526
Ацо Шопов,Очи,6,уво,0.1501
Ацо Шопов,Очи,7,око,0.1452
Ацо Шопов,Очи,8,вечер,0.1429
Ацо Шопов,Очи,9,збран,0.1414
Ацо Шопов,Очи,10,чело,0.1358
Ацо Шопов,Партизанска колона,1,дремлив,0.268
Ацо Шопов,Партизанска колона,2,солзи,0.268
Ацо Шопов,Партизанска колона,3,гора,0.231
Ацо Шопов,Партизанска колона,4,пролет,0.2223
Ацо Шопов,Партизанска колона,5,нечујно,0.2095
Ацо Шопов,Партизанска колона,6,шумоли,0.2095
Ацо Шопов,Партизанска колона,7,месец,0.1999
Ацо Шопов,Партизанска колона,8,момински,0.1947
Ацо Шопов,Партизанска колона,9,тих,0.1902
Ацо Шопов,Партизанска колона,10,гранка,0.1619
Ацо Шопов,Сам со својот пламен во градите,1,црвен,0.3416
Ацо Шопов,Сам со својот пламен во градите,2,пламен,0.313
Ацо Шопов,Сам со својот пламен во градите,3,трендафил,0.2628
Ацо Шопов,Сам со својот пламен во градите,4,двор,0.2343
Ацо Шопов,Сам со својот пламен во градите,5,непознат,0.2246
Ацо Шопов,Сам со својот пламен во градите,6,блиски,0.1842
Ацо Шопов,Сам со својот пламен во градите,7,заробен,0.1809
Ацо Шопов,Сам со својот пламен во градите,8,пожар,0.1752
Ацо Шопов,Сам со својот пламен во градите,9,одаја,0.1662
Ацо Шопов,Сам со својот пламен во градите,10,пријател,0.1662
Ацо Шопов,Седма молитва на моето тело,1,тело,0.2645
Ацо Шопов,Седма молитва на моето тело,2,твој,0.2096
Ацо Шопов,Седма молитва на моето тело,3,зачни,0.1862
Ацо Шопов,Седма молитва на моето тело,4,истраен,0.1862
Ацо Шопов,Седма молитва на моето тело,5,лукавост,0.1862
Ацо Шопов,Седма молитва на моето тело,6,молбен,0.1862
Ацо Шопов,Седма молитва на моето тело,7,поцрнет,0.1862
Ацо Шопов,Седма молитва на моето тело,8,стежна,0.1862
Ацо Шопов,Седма молитва на моето тело,9,хисник,0.1862
Ацо Шопов,Седма молитва на моето тело,10,јаловица,0.1862
Ацо Шопов,Старо купувам,1,стар,0.8274
Ацо Шопов,Старо купувам,2,купува,0.4976
Ацо Шопов,Старо купувам,3,секидневност,0.0987
Ацо Шопов,Старо купувам,4,љуб,0.0982
Ацо Шопов,Старо купувам,5,алишта,0.0894
Ацо Шопов,Старо купувам,6,пискула,0.0658
Ацо Шопов,Старо купувам,7,ревност,0.0658
Ацо Шопов,Старо купувам,8,среќа,0.06
Ацо Шопов,Старо купувам,9,мал,0.0519
Ацо Шопов,Старо купувам,10,голем,0.0459
Ацо Шопов,Тажачка од онаа страна на животот,1,земјо,0.4222
Ацо Шопов,Тажачка од онаа страна на животот,2,страна,0.3627
Ацо Шопов,Тажачка од онаа страна на животот,3,црнина,0.3317
Ацо Шопов,Тажачка од онаа страна на животот,4,искачи,0.2337
Ацо Шопов,Тажачка од онаа страна на животот,5,врв,0.2186
Ацо Шопов,Тажачка од онаа страна на животот,6,бол,0.2049
Ацо Шопов,Тажачка од онаа страна на животот,7,прегрнине,0.1831
Ацо Шопов,Тажачка од онаа страна на животот,8,празнина,0.1763
Ацо Шопов,Тажачка од онаа страна на животот,9,човек,0.16
Ацо Шопов,Тажачка од онаа страна на животот,10,врати,0.1386
Ацо Шопов,Ти не си секогаш таков,1,есена,0.3822
Ацо Шопов,Ти не си секогаш таков,2,пријател,0.2744
Ацо Шопов,Ти не си секогаш таков,3,тажен,0.2454
Ацо Шопов,Ти не си секогаш таков,4,твој,0.2152
Ацо Шопов,Ти не си секогаш таков,5,секогаш,0.1994
Ацо Шопов,Ти не си секогаш таков,6,донесен,0.1911
Ацо Шопов,Ти не си секогаш таков,7,однесен,0.1806
Ацо Шопов,Ти не си секогаш таков,8,пијаница,0.1806
Ацо Шопов,Ти не си секогаш таков,9,топли,0.1731
Ацо Шопов,Ти не си секогаш таков,10,милување,0.1674
Ацо Шопов,Треба да бидеме подобри,1,подобри,0.8826
Ацо Шопов,Треба да бидеме подобри,2,треба,0.2686
Ацо Шопов,Треба да бидеме подобри,3,твој,0.1274
Ацо Шопов,Треба да бидеме подобри,4,замисли,0.1127
Ацо Шопов,Треба да бидеме подобри,5,утра,0.1102
Ацо Шопов,Треба да бидеме подобри,6,божило,0.1044
Ацо Шопов,Треба да бидеме подобри,7,срце,0.1006
Ацо Шопов,Треба да бидеме подобри,8,леб,0.0872
Ацо Шопов,Треба да бидеме подобри,9,добар,0.0831
Ацо Шопов,Треба да бидеме подобри,10,црвен,0.0801
Ацо Шопов,Убавината,1,прострела,0.3517
Ацо Шопов,Убавината,2,блесок,0.2555
Ацо Шопов,Убавината,3,чуден,0.2076
Ацо Шопов,Убавината,4,изгаснува,0.1758
Ацо Шопов,Убавината,5,кликнува,0.1758
Ацо Шопов,Убавината,6,компонирање,0.1758
Ацо Шопов,Убавината,7,личеноска,0.1758
Ацо Шопов,Убавината,8,лудување,0.1758
Ацо Шопов,Убавината,9,прогон,0.1758
Ацо Шопов,Убавината,10,расудок,0.1758
Ацо Шопов,Утре,1,сле,0.4097
Ацо Шопов,Утре,2,можеби,0.3462
Ацо Шопов,Утре,3,истина,0.1936
Ацо Шопов,Утре,4,свршен,0.1936
Ацо Шопов,Утре,5,дах,0.1856
Ацо Шопов,Утре,6,висина,0.1743
Ацо Шопов,Утре,7,светнат,0.1743
Ацо Шопов,Утре,8,лач,0.17
Ацо Шопов,Утре,9,пустош,0.17
Ацо Шопов,Утре,10,тлее,0.1601
Блаже Конески,1.,1,пустош,0.3048
Блаже Конески,1.,2,отстапи,0.1836
Блаже Конески,1.,3,песосан,0.1836
Блаже Конески,1.,4,потфатен,0.1836
Блаже Конески,1.,5,гнасен,0.1735
Блаже Конески,1.,6,немец,0.1735
Блаже Конески,1.,7,пискоти,0.1735
Блаже Конески,1.,8,поган,0.1735
Блаже Конески,1.,9,граде,0.1663
Блаже Конески,1.,10,патје,0.1663
Блаже Конески,2.,1,напред,0.483
Блаже Конески,2.,2,машина,0.1826
Блаже Конески,2.,3,одеднаш,0.1403
Блаже Конески,2.,4,поле,0.1154
Блаже Конески,2.,5,бодне,0.1147
Блаже Конески,2.,6,змијата-река,0.1147
Блаже Конески,2.,7,кипнат,0.1147
Блаже Конески,2.,8,обвиснат,0.1147
Блаже Конески,2.,9,подзапре,0.1147
Блаже Конески,2.,10,прилегне,0.1147
Блаже Конески,3.,1,прекршен,0.3878
Блаже Конески,3.,2,рбет,0.3665
Блаже Конески,3.,3,скрбен,0.3665
Блаже Конески,3.,4,тиок,0.3514
Блаже Конески,3.,5,плизок,0.3149
Блаже Конески,3.,6,железен,0.3031
Блаже Конески,3.,7,коска,0.2694
Блаже Конески,3.,8,мост,0.2436
Блаже Конески,3.,9,бран,0.242
Блаже Конески,3.,10,лежи,0.2315
Блаже Конески,4.,1,мост,0.4199
Блаже Конески,4.,2,пук,0.3413
Блаже Конески,4.,3,куршум,0.2024
Блаже Конески,4.,4,бомба,0.1337
Блаже Конески,4.,5,глуши,0.1337
Блаже Конески,4.,6,динамит,0.1337
Блаже Конески,4.,7,загрги,0.1337
Блаже Конески,4.,8,зачкрти,0.1337
Блаже Конески,4.,9,зашчека,0.1337
Блаже Конески,4.,10,митралез,0.1337
Блаже Конески,5.,1,работи,0.2712
Блаже Конески,5.,2,мост,0.2179
Блаже Конески,5.,3,болник,0.1735
Блаже Конески,5.,4,болничен,0.1735
Блаже Конески,5.,5,великан,0.1735
Блаже Конески,5.,6,зборна,0.1735
Блаже Конески,5.,7,казмин,0.1735
Блаже Конески,5.,8,кран,0.1735
Блаже Конески,5.,9,обгарен,0.1735
Блаже Конески,5.,10,размав,0.1735
Блаже Конески,6.,1,мој,0.2083
Блаже Конески,6.,2,син,0.1832
Блаже Конески,6.,3,сокол,0.1779
Блаже Конески,6.,4,тврд,0.1703
Блаже Конески,6.,5,смрт,0.1455
Блаже Конески,6.,6,народ,0.1425
Блаже Конески,6.,7,крене,0.1416
Блаже Конески,6.,8,мајстор,0.1357
Блаже Конески,6.,9,јунак,0.1277
Блаже Конески,6.,10,мине,0.1168
Блаже Конески,7. СКАЗНАТА НА СТАРИОТ МАЈСТОР,1,мост,0.3121
Блаже Конески,7. СКАЗНАТА НА СТАРИОТ МАЈСТОР,2,напред,0.2092
Блаже Конески,7. СКАЗНАТА НА СТАРИОТ МАЈСТОР,3,јури,0.1987
Блаже Конески,7. СКАЗНАТА НА СТАРИОТ МАЈСТОР,4,лак,0.1691
Блаже Конески,7. СКАЗНАТА НА СТАРИОТ МАЈСТОР,5,шина,0.1649
Блаже Конески,7. СКАЗНАТА НА СТАРИОТ МАЈСТОР,6,ширина,0.1649
Блаже Конески,7. СКАЗНАТА НА СТАРИОТ МАЈСТОР,7,вик,0.1528
Блаже Конески,7. СКАЗНАТА НА СТАРИОТ МАЈСТОР,8,наутро,0.1528
Блаже Конески,7. СКАЗНАТА НА СТАРИОТ МАЈСТОР,9,фрла,0.141
Блаже Конески,7. СКАЗНАТА НА СТАРИОТ МАЈСТОР,10,далечен,0.1166
Блаже Конески,ЅВЕЗДИ,1,присетува,0.3006
Блаже Конески,ЅВЕЗДИ,2,раец,0.3006
Блаже Конески,ЅВЕЗДИ,3,думи,0.2841
Блаже Конески,ЅВЕЗДИ,4,залудно,0.2393
Блаже Конески,ЅВЕЗДИ,5,боли,0.211
Блаже Конески,ЅВЕЗДИ,6,моли,0.1945
Блаже Конески,ЅВЕЗДИ,7,само,0.1504
Блаже Конески,ЅВЕЗДИ,8,буни,0.1503
Блаже Конески,ЅВЕЗДИ,9,кираџиски,0.1503
Блаже Конески,ЅВЕЗДИ,10,колар,0.1503
Блаже Конески,ЈАГЛЕН,1,црн,0.3025
Блаже Конески,ЈАГЛЕН,2,веќе,0.2756
Блаже Конески,ЈАГЛЕН,3,безок,0.2173
Блаже Конески,ЈАГЛЕН,4,зглобува,0.2173
Блаже Конески,ЈАГЛЕН,5,исправува,0.2173
Блаже Конески,ЈАГЛЕН,6,крцкаво,0.2173
Блаже Конески,ЈАГЛЕН,7,подземност,0.2173
Блаже Конески,ЈАГЛЕН,8,поклопува,0.2173
Блаже Конески,ЈАГЛЕН,9,грижен,0.1969
Блаже Конески,ЈАГЛЕН,10,замижи,0.1969
Блаже Конески,ЈАГОТКИ,1,бацува,0.5613
Блаже Конески,ЈАГОТКИ,2,бацуј,0.2807
Блаже Конески,ЈАГОТКИ,3,сладосно,0.2807
Блаже Конески,ЈАГОТКИ,4,засенет,0.2652
Блаже Конески,ЈАГОТКИ,5,целива,0.2543
Блаже Конески,ЈАГОТКИ,6,диво,0.2388
Блаже Конески,ЈАГОТКИ,7,стегнат,0.2388
Блаже Конески,ЈАГОТКИ,8,издишува,0.2279
Блаже Конески,ЈАГОТКИ,9,румен,0.1911
Блаже Конески,ЈАГОТКИ,10,фрли,0.1861
Блаже Конески,ЉУБОВ,1,жалосен,0.3728
Блаже Конески,ЉУБОВ,2,иди,0.3728
Блаже Конески,ЉУБОВ,3,драво,0.2129
Блаже Конески,ЉУБОВ,4,зацврсти,0.2129
Блаже Конески,ЉУБОВ,5,измамне,0.2129
Блаже Конески,ЉУБОВ,6,раззелени,0.2129
Блаже Конески,ЉУБОВ,7,скриле,0.2129
Блаже Конески,ЉУБОВ,8,цибрине,0.2129
Блаже Конески,ЉУБОВ,9,шибне,0.2129
Блаже Конески,ЉУБОВ,10,подбив,0.2011
Блаже Конески,Љубовница,1,доаѓа,0.2156
Блаже Конески,Љубовница,2,живот,0.2075
Блаже Конески,Љубовница,3,твој,0.2033
Блаже Конески,Љубовница,4,врати,0.1823
Блаже Конески,Љубовница,5,бив,0.1806
Блаже Конески,Љубовница,6,изневера,0.1806
Блаже Конески,Љубовница,7,незадржен,0.1806
Блаже Конески,Љубовница,8,ништожен,0.1806
Блаже Конески,Љубовница,9,предјавува,0.1806
Блаже Конески,Љубовница,10,привие,0.1806
Блаже Конески,АНГЕЛОТ НА СВЕТА СОФИЈА,1,малтер,0.4158
Блаже Конески,АНГЕЛОТ НА СВЕТА СОФИЈА,2,ѕид,0.2928
Блаже Конески,АНГЕЛОТ НА СВЕТА СОФИЈА,3,згаси,0.242
Блаже Конески,АНГЕЛОТ НА СВЕТА СОФИЈА,4,зрачен,0.232
Блаже Конески,АНГЕЛОТ НА СВЕТА СОФИЈА,5,сестра,0.2079
Блаже Конески,АНГЕЛОТ НА СВЕТА СОФИЈА,6,спаси,0.2038
Блаже Конески,АНГЕЛОТ НА СВЕТА СОФИЈА,7,лика,0.2002
Блаже Конески,АНГЕЛОТ НА СВЕТА СОФИЈА,8,мајстор,0.2002
Блаже Конески,АНГЕЛОТ НА СВЕТА СОФИЈА,9,живот,0.1961
Блаже Конески,АНГЕЛОТ НА СВЕТА СОФИЈА,10,утеха,0.1885
Блаже Конески,БДЕЕЊЕ,1,тоне,0.2193
Блаже Конески,БДЕЕЊЕ,2,надвор,0.1984
Блаже Конески,БДЕЕЊЕ,3,мек,0.1834
Блаже Конески,БДЕЕЊЕ,4,далне,0.1545
Блаже Конески,БДЕЕЊЕ,5,далнина,0.1545
Блаже Конески,БДЕЕЊЕ,6,изгрме,0.1545
Блаже Конески,БДЕЕЊЕ,7,мајчина,0.1545
Блаже Конески,БДЕЕЊЕ,8,мотка,0.1545
Блаже Конески,БДЕЕЊЕ,9,нејнат,0.1545
Блаже Конески,БДЕЕЊЕ,10,подзамижува,0.1545
Блаже Конески,БОЛЕН ДОЈЧИН,1,коска,0.2895
Блаже Конески,БОЛЕН ДОЈЧИН,2,меч,0.2538
Блаже Конески,БОЛЕН ДОЈЧИН,3,подвиг,0.1825
Блаже Конески,БОЛЕН ДОЈЧИН,4,падне,0.1744
Блаже Конески,БОЛЕН ДОЈЧИН,5,мој,0.1705
Блаже Конески,БОЛЕН ДОЈЧИН,6,болен,0.137
Блаже Конески,БОЛЕН ДОЈЧИН,7,змија,0.1359
Блаже Конески,БОЛЕН ДОЈЧИН,8,трева,0.123
Блаже Конески,БОЛЕН ДОЈЧИН,9,сети,0.1223
Блаже Конески,БОЛЕН ДОЈЧИН,10,рака,0.122
Блаже Конески,БУРА,1,грмовен,0.2131
Блаже Конески,БУРА,2,демнеме,0.2131
Блаже Конески,БУРА,3,зачуе,0.2131
Блаже Конески,БУРА,4,молна,0.2131
Блаже Конески,БУРА,5,мрачи,0.2131
Блаже Конески,БУРА,6,ненадно,0.2131
Блаже Конески,БУРА,7,смевен,0.2131
Блаже Конески,БУРА,8,искинат,0.1974
Блаже Конески,БУРА,9,настрвен,0.1974
Блаже Конески,БУРА,10,разлава,0.1919
Блаже Конески,Бура,1,грмовен,0.2131
Блаже Конески,Бура,2,демнеме,0.2131
Блаже Конески,Бура,3,зачуе,0.2131
Блаже Конески,Бура,4,молна,0.2131
Блаже Конески,Бура,5,мрачи,0.2131
Блаже Конески,Бура,6,ненадно,0.2131
Блаже Конески,Бура,7,смевен,0.2131
Блаже Конески,Бура,8,искинат,0.1974
Блаже Конески,Бура,9,настрвен,0.1974
Блаже Конески,Бура,10,разлава,0.1919
Блаже Конески,В КРЧМА,1,залипан,0.2979
Блаже Конески,В КРЧМА,2,маглен,0.2979
Блаже Конески,В КРЧМА,3,зарипнат,0.2815
Блаже Конески,В КРЧМА,4,засвири,0.2815
Блаже Конески,В КРЧМА,5,крчма,0.2815
Блаже Конески,В КРЧМА,6,горко,0.2699
Блаже Конески,В КРЧМА,7,виолина,0.2473
Блаже Конески,В КРЧМА,8,таен,0.2329
Блаже Конески,В КРЧМА,9,тон,0.2329
Блаже Конески,В КРЧМА,10,плаче,0.2223
Блаже Конески,ВЉУБЕНИ ДЕВОЈКИ,1,наклонува,0.3495
Блаже Конески,ВЉУБЕНИ ДЕВОЈКИ,2,тревка,0.2782
Блаже Конески,ВЉУБЕНИ ДЕВОЈКИ,3,весла,0.1747
Блаже Конески,ВЉУБЕНИ ДЕВОЈКИ,4,неволно,0.1747
Блаже Конески,ВЉУБЕНИ ДЕВОЈКИ,5,неусетно,0.1747
Блаже Конески,ВЉУБЕНИ ДЕВОЈКИ,6,одлета,0.1747
Блаже Конески,ВЉУБЕНИ ДЕВОЈКИ,7,осенчен,0.1747
Блаже Конески,ВЉУБЕНИ ДЕВОЈКИ,8,преграба,0.1747
Блаже Конески,ВЉУБЕНИ ДЕВОЈКИ,9,страничен,0.1747
Блаже Конески,ВЉУБЕНИ ДЕВОЈКИ,10,тогаш,0.1664
Блаже Конески,ВЕЗИЛКА,1,вези,0.2384
Блаже Конески,ВЕЗИЛКА,2,буди,0.2122
Блаже Конески,ВЕЗИЛКА,3,строг,0.1897
Блаже Конески,ВЕЗИЛКА,4,песна,0.1887
Блаже Конески,ВЕЗИЛКА,5,копнеж,0.1656
Блаже Конески,ВЕЗИЛКА,6,мил,0.1477
Блаже Конески,ВЕЗИЛКА,7,друг,0.1472
Блаже Конески,ВЕЗИЛКА,8,спомен,0.1432
Блаже Конески,ВЕЗИЛКА,9,боја,0.1423
Блаже Конески,ВЕЗИЛКА,10,црвен,0.1407
Блаже Конески,ВЕСЕЛА ПЕСНА,1,тревка,0.2841
Блаже Конески,ВЕСЕЛА ПЕСНА,2,излезе,0.2327
Блаже Конески,ВЕСЕЛА ПЕСНА,3,зелен,0.2131
Блаже Конески,ВЕСЕЛА ПЕСНА,4,убав,0.1884
Блаже Конески,ВЕСЕЛА ПЕСНА,5,толку,0.1789
Блаже Конески,ВЕСЕЛА ПЕСНА,6,будалче,0.1785
Блаже Конески,ВЕСЕЛА ПЕСНА,7,видок,0.1785
Блаже Конески,ВЕСЕЛА ПЕСНА,8,колски,0.1785
Блаже Конески,ВЕСЕЛА ПЕСНА,9,летна,0.1785
Блаже Конески,ВЕСЕЛА ПЕСНА,10,нај,0.1785
Блаже Конески,ВИЈ,1,виј,0.3921
Блаже Конески,ВИЈ,2,жеден,0.2869
Блаже Конески,ВИЈ,3,свест,0.1965
Блаже Конески,ВИЈ,4,веќе,0.183
Блаже Конески,ВИЈ,5,бледа,0.1443
Блаже Конески,ВИЈ,6,бледи,0.1443
Блаже Конески,ВИЈ,7,гасење,0.1443
Блаже Конески,ВИЈ,8,домами,0.1443
Блаже Конески,ВИЈ,9,заклинење,0.1443
Блаже Конески,ВИЈ,10,заточница,0.1443
Блаже Конески,ВОДНО,1,благо,0.2858
Блаже Конески,ВОДНО,2,падинка,0.2347
Блаже Конески,ВОДНО,3,сè,0.1843
Блаже Конески,ВОДНО,4,грб,0.163
Блаже Конески,ВОДНО,5,сонце,0.1443
Блаже Конески,ВОДНО,6,багрем,0.1173
Блаже Конески,ВОДНО,7,витост,0.1173
Блаже Конески,ВОДНО,8,водно,0.1173
Блаже Конески,ВОДНО,9,дечок,0.1173
Блаже Конески,ВОДНО,10,занесеник,0.1173
Блаже Конески,ВОЛК,1,гонење,0.2068
Блаже Конески,ВОЛК,2,завивање,0.2068
Блаже Конески,ВОЛК,3,задраска,0.2068
Блаже Конески,ВОЛК,4,зазбиван,0.2068
Блаже Конески,ВОЛК,5,заквичи,0.2068
Блаже Конески,ВОЛК,6,застриго,0.2068
Блаже Конески,ВОЛК,7,наблизу,0.2068
Блаже Конески,ВОЛК,8,пци,0.2068
Блаже Конески,ВОЛК,9,ртка,0.2068
Блаже Конески,ВОЛК,10,свика,0.2068
Блаже Конески,ВРАЌАЊЕ,1,дента,0.3841
Блаже Конески,ВРАЌАЊЕ,2,прошета,0.3841
Блаже Конески,ВРАЌАЊЕ,3,најде,0.2171
Блаже Конески,ВРАЌАЊЕ,4,брзотечен,0.2032
Блаже Конески,ВРАЌАЊЕ,5,поврати,0.2032
Блаже Конески,ВРАЌАЊЕ,6,струен,0.2032
Блаже Конески,ВРАЌАЊЕ,7,сокак,0.178
Блаже Конески,ВРАЌАЊЕ,8,човек,0.1776
Блаже Конески,ВРАЌАЊЕ,9,веселба,0.1729
Блаже Конески,ВРАЌАЊЕ,10,неврат,0.1729
Блаже Конески,ВРВ,1,величие,0.4414
Блаже Конески,ВРВ,2,жалосен,0.4266
Блаже Конески,ВРВ,3,искачи,0.4146
Блаже Конески,ВРВ,4,шепоти,0.335
Блаже Конески,ВРВ,5,следи,0.3082
Блаже Конески,ВРВ,6,врв,0.2909
Блаже Конески,ВРВ,7,тука,0.2434
Блаже Конески,ВРВ,8,сон,0.1924
Блаже Конески,ВРВ,9,свој,0.1802
Блаже Конески,ВРВ,10,око,0.1753
Блаже Конески,Вепар,1,душкала,0.4833
Блаже Конески,Вепар,2,свиња,0.4113
Блаже Конески,Вепар,3,затоа,0.292
Блаже Конески,Вепар,4,вепар,0.2284
Блаже Конески,Вепар,5,згрозен,0.2284
Блаже Конески,Вепар,6,посаки,0.2284
Блаже Конески,Вепар,7,најаве,0.2189
Блаже Конески,Вепар,8,прелага,0.2189
Блаже Конески,Вепар,9,гушка,0.1962
Блаже Конески,Вепар,10,сон,0.1909
Блаже Конески,Внукот,1,внуче,0.3102
Блаже Конески,Внукот,2,лапа,0.3102
Блаже Конески,Внукот,3,грлце,0.1712
Блаже Конески,Внукот,4,испилен,0.1712
Блаже Конески,Внукот,5,килце,0.1712
Блаже Конески,Внукот,6,машала,0.1712
Блаже Конески,Внукот,7,меше,0.1712
Блаже Конески,Внукот,8,носе,0.1712
Блаже Конески,Внукот,9,прохлада,0.1712
Блаже Конески,Внукот,10,снаже,0.1712
Блаже Конески,ГАЛЕБ,1,страда,0.4213
Блаже Конески,ГАЛЕБ,2,пролетно,0.3151
Блаже Конески,ГАЛЕБ,3,досуден,0.2977
Блаже Конески,ГАЛЕБ,4,летнат,0.2977
Блаже Конески,ГАЛЕБ,5,вит,0.2615
Блаже Конески,ГАЛЕБ,6,галеб,0.2558
Блаже Конески,ГАЛЕБ,7,демне,0.2211
Блаже Конески,ГАЛЕБ,8,глув,0.2166
Блаже Конески,ГАЛЕБ,9,сретне,0.2038
Блаже Конески,ГАЛЕБ,10,некогаш,0.1915
Блаже Конески,ГУГУЧКА,1,гугучке,0.8172
Блаже Конески,ГУГУЧКА,2,зборување,0.2162
Блаже Конески,ГУГУЧКА,3,грлен,0.1959
Блаже Конески,ГУГУЧКА,4,жедост,0.1959
Блаже Конески,ГУГУЧКА,5,милување,0.1893
Блаже Конески,ГУГУЧКА,6,преграб,0.1795
Блаже Конески,ГУГУЧКА,7,страсно,0.1755
Блаже Конески,ГУГУЧКА,8,врат,0.1571
Блаже Конески,ГУГУЧКА,9,брат,0.1472
Блаже Конески,ГУГУЧКА,10,жал,0.1446
Блаже Конески,Гугучка,1,целителен,0.4207
Блаже Конески,Гугучка,2,мартовски,0.2103
Блаже Конески,Гугучка,3,нездрав,0.2103
Блаже Конески,Гугучка,4,отсутно,0.2103
Блаже Конески,Гугучка,5,повредува,0.2103
Блаже Конески,Гугучка,6,предвештава,0.2103
Блаже Конески,Гугучка,7,слепоочницава,0.2103
Блаже Конески,Гугучка,8,глас,0.206
Блаже Конески,Гугучка,9,гугучке,0.1988
Блаже Конески,Гугучка,10,клука,0.1842
Блаже Конески,ДАБ,1,даб,0.4034
Блаже Конески,ДАБ,2,даде,0.3039
Блаже Конески,ДАБ,3,бршлан,0.2484
Блаже Конески,ДАБ,4,повије,0.2484
Блаже Конески,ДАБ,5,дарие,0.2251
Блаже Конески,ДАБ,6,дален,0.2114
Блаже Конески,ДАБ,7,раст,0.2114
Блаже Конески,ДАБ,8,таа,0.2114
Блаже Конески,ДАБ,9,скок,0.2062
Блаже Конески,ДАБ,10,заеднички,0.2017
Блаже Конески,ДЕВСТВЕНИЦИ,1,само,0.1891
Блаже Конески,ДЕВСТВЕНИЦИ,2,бесплотен,0.189
Блаже Конески,ДЕВСТВЕНИЦИ,3,врене,0.189
Блаже Конески,ДЕВСТВЕНИЦИ,4,даме,0.189
Блаже Конески,ДЕВСТВЕНИЦИ,5,земаде,0.189
Блаже Конески,ДЕВСТВЕНИЦИ,6,истине,0.189
Блаже Конески,ДЕВСТВЕНИЦИ,7,пере,0.189
Блаже Конески,ДЕВСТВЕНИЦИ,8,прека,0.189
Блаже Конески,ДЕВСТВЕНИЦИ,9,аскета,0.1786
Блаже Конески,ДЕВСТВЕНИЦИ,10,дребен,0.1786
Блаже Конески,ДЕТЕ ЗАСПАНО КРАЈ ЕЗЕРО,1,езер,0.4563
Блаже Конески,ДЕТЕ ЗАСПАНО КРАЈ ЕЗЕРО,2,камче,0.3209
Блаже Конески,ДЕТЕ ЗАСПАНО КРАЈ ЕЗЕРО,3,спие,0.2986
Блаже Конески,ДЕТЕ ЗАСПАНО КРАЈ ЕЗЕРО,4,твој,0.2063
Блаже Конески,ДЕТЕ ЗАСПАНО КРАЈ ЕЗЕРО,5,заливче,0.1832
Блаже Конески,ДЕТЕ ЗАСПАНО КРАЈ ЕЗЕРО,6,набирање,0.1832
Блаже Конески,ДЕТЕ ЗАСПАНО КРАЈ ЕЗЕРО,7,неусетен,0.1832
Блаже Конески,ДЕТЕ ЗАСПАНО КРАЈ ЕЗЕРО,8,потплиснување,0.1832
Блаже Конески,ДЕТЕ ЗАСПАНО КРАЈ ЕЗЕРО,9,детенце,0.1732
Блаже Конески,ДЕТЕ ЗАСПАНО КРАЈ ЕЗЕРО,10,заплачи,0.1732
Блаже Конески,ДОЈРАН,1,езеро,0.4099
Блаже Конески,ДОЈРАН,2,далга,0.3462
Блаже Конески,ДОЈРАН,3,види,0.1761
Блаже Конески,ДОЈРАН,4,бие,0.129
Блаже Конески,ДОЈРАН,5,птица,0.1256
Блаже Конески,ДОЈРАН,6,оно,0.1216
Блаже Конески,ДОЈРАН,7,чунче,0.1216
Блаже Конески,ДОЈРАН,8,јаор,0.1216
Блаже Конески,ДОЈРАН,9,модар,0.1212
Блаже Конески,ДОЈРАН,10,рибарски,0.1166
Блаже Конески,Дон Кихот,1,бишка,0.1968
Блаже Конески,Дон Кихот,2,копитце,0.1968
Блаже Конески,Дон Кихот,3,местиште,0.1968
Блаже Конески,Дон Кихот,4,сектор,0.1968
Блаже Конески,Дон Кихот,5,смачка,0.1968
Блаже Конески,Дон Кихот,6,столчи,0.1968
Блаже Конески,Дон Кихот,7,тав,0.1968
Блаже Конески,Дон Кихот,8,тревиште,0.1968
Блаже Конески,Дон Кихот,9,хектор,0.1968
Блаже Конески,Дон Кихот,10,зовре,0.186
Блаже Конески,ЕСЕНСКО УТРО,1,горничка,0.2514
Блаже Конески,ЕСЕНСКО УТРО,2,камар,0.2514
Блаже Конески,ЕСЕНСКО УТРО,3,туне,0.2514
Блаже Конески,ЕСЕНСКО УТРО,4,цапалка,0.2514
Блаже Конески,ЕСЕНСКО УТРО,5,наполнет,0.2376
Блаже Конески,ЕСЕНСКО УТРО,6,скрка,0.2376
Блаже Конески,ЕСЕНСКО УТРО,7,црвеница,0.2376
Блаже Конески,ЕСЕНСКО УТРО,8,распна,0.2278
Блаже Конески,ЕСЕНСКО УТРО,9,урнат,0.2278
Блаже Конески,ЕСЕНСКО УТРО,10,кален,0.2202
Блаже Конески,Езеро,1,беласица,0.2073
Блаже Конески,Езеро,2,драгоцен,0.2073
Блаже Конески,Езеро,3,имено,0.2073
Блаже Конески,Езеро,4,кипарис,0.2073
Блаже Конески,Езеро,5,нормален,0.2073
Блаже Конески,Езеро,6,повеќето,0.2073
Блаже Конески,Езеро,7,снем,0.2073
Блаже Конески,Езеро,8,угризение,0.2073
Блаже Конески,Езеро,9,чинар,0.2073
Блаже Конески,Езеро,10,штрекнат,0.2073
Блаже Конески,Елен самак,1,домамат,0.2221
Блаже Конески,Елен самак,2,кошута,0.2221
Блаже Конески,Елен самак,3,напрегнат,0.2221
Блаже Конески,Елен самак,4,наурез,0.2221
Блаже Конески,Елен самак,5,повтува,0.2221
Блаже Конески,Елен самак,6,бесмисленост,0.2012
Блаже Конески,Елен самак,7,заплеткува,0.2012
Блаже Конески,Елен самак,8,мизерен,0.2012
Блаже Конески,Елен самак,9,мршојадец,0.2012
Блаже Конески,Елен самак,10,свие,0.2012
Блаже Конески,ЖРТВА,1,вели,0.4233
Блаже Конески,ЖРТВА,2,жртву,0.3897
Блаже Конески,ЖРТВА,3,сруша,0.3897
Блаже Конески,ЖРТВА,4,напати,0.353
Блаже Конески,ЖРТВА,5,драг,0.2832
Блаже Конески,ЖРТВА,6,предмет,0.2606
Блаже Конески,ЖРТВА,7,мил,0.2415
Блаже Конески,ЖРТВА,8,младост,0.2369
Блаже Конески,ЖРТВА,9,мисли,0.2017
Блаже Конески,ЖРТВА,10,слуша,0.1921
Блаже Конески,ЗА НЕПОЗНАТАТА  - БЕГСТВО,1,темно,0.3798
Блаже Конески,ЗА НЕПОЗНАТАТА  - БЕГСТВО,2,штур,0.3798
Блаже Конески,ЗА НЕПОЗНАТАТА  - БЕГСТВО,3,морен,0.3642
Блаже Конески,ЗА НЕПОЗНАТАТА  - БЕГСТВО,4,среќа,0.2781
Блаже Конески,ЗА НЕПОЗНАТАТА  - БЕГСТВО,5,близост,0.2288
Блаже Конески,ЗА НЕПОЗНАТАТА  - БЕГСТВО,6,молскав,0.2288
Блаже Конески,ЗА НЕПОЗНАТАТА  - БЕГСТВО,7,трепетлика,0.2162
Блаже Конески,ЗА НЕПОЗНАТАТА  - БЕГСТВО,8,горко,0.2073
Блаже Конески,ЗА НЕПОЗНАТАТА  - БЕГСТВО,9,лути,0.2073
Блаже Конески,ЗА НЕПОЗНАТАТА  - БЕГСТВО,10,плеќи,0.1788
Блаже Конески,ЗА НЕПОЗНАТАТА - ГРАБЕЖ,1,змев,0.3078
Блаже Конески,ЗА НЕПОЗНАТАТА - ГРАБЕЖ,2,омразен,0.3078
Блаже Конески,ЗА НЕПОЗНАТАТА - ГРАБЕЖ,3,презрен,0.3078
Блаже Конески,ЗА НЕПОЗНАТАТА - ГРАБЕЖ,4,вилен,0.2951
Блаже Конески,ЗА НЕПОЗНАТАТА - ГРАБЕЖ,5,грабеж,0.2951
Блаже Конески,ЗА НЕПОЗНАТАТА - ГРАБЕЖ,6,опиен,0.2951
Блаже Конески,ЗА НЕПОЗНАТАТА - ГРАБЕЖ,7,грабне,0.2852
Блаже Конески,ЗА НЕПОЗНАТАТА - ГРАБЕЖ,8,свесен,0.2703
Блаже Конески,ЗА НЕПОЗНАТАТА - ГРАБЕЖ,9,ветриште,0.2504
Блаже Конески,ЗА НЕПОЗНАТАТА - ГРАБЕЖ,10,грд,0.2262
Блаже Конески,ЗА НЕПОЗНАТАТА - ЖЕД,1,рече,0.412
Блаже Конески,ЗА НЕПОЗНАТАТА - ЖЕД,2,подло,0.3949
Блаже Конески,ЗА НЕПОЗНАТАТА - ЖЕД,3,мреа,0.3732
Блаже Конески,ЗА НЕПОЗНАТАТА - ЖЕД,4,потез,0.3361
Блаже Конески,ЗА НЕПОЗНАТАТА - ЖЕД,5,знае,0.3019
Блаже Конески,ЗА НЕПОЗНАТАТА - ЖЕД,6,жед,0.2772
Блаже Конески,ЗА НЕПОЗНАТАТА - ЖЕД,7,предел,0.269
Блаже Конески,ЗА НЕПОЗНАТАТА - ЖЕД,8,жеден,0.2618
Блаже Конески,ЗА НЕПОЗНАТАТА - ЖЕД,9,ѕвезден,0.2535
Блаже Конески,ЗА НЕПОЗНАТАТА - ЖЕД,10,гледа,0.1585
Блаже Конески,ЗА НЕПОЗНАТАТА - РАЗДЕЛЕНОСТ,1,мигновен,0.2836
Блаже Конески,ЗА НЕПОЗНАТАТА - РАЗДЕЛЕНОСТ,2,случајност,0.2836
Блаже Конески,ЗА НЕПОЗНАТАТА - РАЗДЕЛЕНОСТ,3,блескот,0.268
Блаже Конески,ЗА НЕПОЗНАТАТА - РАЗДЕЛЕНОСТ,4,повев,0.268
Блаже Конески,ЗА НЕПОЗНАТАТА - РАЗДЕЛЕНОСТ,5,разделеност,0.268
Блаже Конески,ЗА НЕПОЗНАТАТА - РАЗДЕЛЕНОСТ,6,шал,0.268
Блаже Конески,ЗА НЕПОЗНАТАТА - РАЗДЕЛЕНОСТ,7,црн,0.2632
Блаже Конески,ЗА НЕПОЗНАТАТА - РАЗДЕЛЕНОСТ,8,трешти,0.2569
Блаже Конески,ЗА НЕПОЗНАТАТА - РАЗДЕЛЕНОСТ,9,веда,0.2484
Блаже Конески,ЗА НЕПОЗНАТАТА - РАЗДЕЛЕНОСТ,10,плавен,0.2413
Блаже Конески,ЗА НЕПОЗНАТАТА - СПОМЕН,1,галаба,0.3179
Блаже Конески,ЗА НЕПОЗНАТАТА - СПОМЕН,2,скрита,0.3004
Блаже Конески,ЗА НЕПОЗНАТАТА - СПОМЕН,3,гоне,0.2784
Блаже Конески,ЗА НЕПОЗНАТАТА - СПОМЕН,4,итр,0.2784
Блаже Конески,ЗА НЕПОЗНАТАТА - СПОМЕН,5,ластовица,0.2784
Блаже Конески,ЗА НЕПОЗНАТАТА - СПОМЕН,6,мојов,0.2784
Блаже Конески,ЗА НЕПОЗНАТАТА - СПОМЕН,7,срна,0.2784
Блаже Конески,ЗА НЕПОЗНАТАТА - СПОМЕН,8,гнездо,0.2485
Блаже Конески,ЗА НЕПОЗНАТАТА - СПОМЕН,9,крије,0.2485
Блаже Конески,ЗА НЕПОЗНАТАТА - СПОМЕН,10,таен,0.2485
Блаже Конески,ЗА НЕПОЗНАТАТА - ТРЕПЕТ,1,запри,0.437
Блаже Конески,ЗА НЕПОЗНАТАТА - ТРЕПЕТ,2,пристапу,0.437
Блаже Конески,ЗА НЕПОЗНАТАТА - ТРЕПЕТ,3,близу,0.3628
Блаже Конески,ЗА НЕПОЗНАТАТА - ТРЕПЕТ,4,моли,0.2827
Блаже Конески,ЗА НЕПОЗНАТАТА - ТРЕПЕТ,5,сепобеден,0.2185
Блаже Конески,ЗА НЕПОЗНАТАТА - ТРЕПЕТ,6,тиха,0.2065
Блаже Конески,ЗА НЕПОЗНАТАТА - ТРЕПЕТ,7,граба,0.1774
Блаже Конески,ЗА НЕПОЗНАТАТА - ТРЕПЕТ,8,лека,0.1774
Блаже Конески,ЗА НЕПОЗНАТАТА - ТРЕПЕТ,9,веднаш,0.1588
Блаже Конески,ЗА НЕПОЗНАТАТА - ТРЕПЕТ,10,ужас,0.1569
Блаже Конески,ЗАКОПНА ПЕСНА,1,чуе,0.2522
Блаже Конески,ЗАКОПНА ПЕСНА,2,клепа,0.2048
Блаже Конески,ЗАКОПНА ПЕСНА,3,клепало,0.2048
Блаже Конески,ЗАКОПНА ПЕСНА,4,носилка,0.2048
Блаже Конески,ЗАКОПНА ПЕСНА,5,оџарен,0.2048
Блаже Конески,ЗАКОПНА ПЕСНА,6,познáше,0.2048
Блаже Конески,ЗАКОПНА ПЕСНА,7,пупунец,0.2048
Блаже Конески,ЗАКОПНА ПЕСНА,8,пупунче,0.2048
Блаже Конески,ЗАКОПНА ПЕСНА,9,синов,0.2048
Блаже Конески,ЗАКОПНА ПЕСНА,10,стари,0.2048
Блаже Конески,ЗАСПИВАЊЕ,1,заспивање,0.387
Блаже Конески,ЗАСПИВАЊЕ,2,кора,0.3032
Блаже Конески,ЗАСПИВАЊЕ,3,твој,0.2405
Блаже Конески,ЗАСПИВАЊЕ,4,жедност,0.2136
Блаже Конески,ЗАСПИВАЊЕ,5,ледност,0.2136
Блаже Конески,ЗАСПИВАЊЕ,6,прикажување,0.2136
Блаже Конески,ЗАСПИВАЊЕ,7,сошто,0.2136
Блаже Конески,ЗАСПИВАЊЕ,8,девојчински,0.1935
Блаже Конески,ЗАСПИВАЊЕ,9,свиреп,0.1935
Блаже Конески,ЗАСПИВАЊЕ,10,јаболки,0.187
Блаже Конески,ЗДРАВИЦА,1,потајница,0.3319
Блаже Конески,ЗДРАВИЦА,2,усмев,0.3136
Блаже Конески,ЗДРАВИЦА,3,целива,0.3007
Блаже Конески,ЗДРАВИЦА,4,искрен,0.2755
Блаже Конески,ЗДРАВИЦА,5,помислува,0.2755
Блаже Конески,ЗДРАВИЦА,6,проклет,0.2642
Блаже Конески,ЗДРАВИЦА,7,тлее,0.2594
Блаже Конески,ЗДРАВИЦА,8,другар,0.2512
Блаже Конески,ЗДРАВИЦА,9,ваш,0.2443
Блаже Конески,ЗДРАВИЦА,10,чаша,0.2383
Блаже Конески,ЗИМЕН ДЕН,1,соба,0.2887
Блаже Конески,ЗИМЕН ДЕН,2,мек,0.2801
Блаже Конески,ЗИМЕН ДЕН,3,долго,0.274
Блаже Конески,ЗИМЕН ДЕН,4,дворја,0.2359
Блаже Конески,ЗИМЕН ДЕН,5,зборење,0.2359
Блаже Конески,ЗИМЕН ДЕН,6,зимно,0.2359
Блаже Конески,ЗИМЕН ДЕН,7,погледува,0.2359
Блаже Конески,ЗИМЕН ДЕН,8,сонченце,0.2359
Блаже Конески,ЗИМЕН ДЕН,9,чорбаџиски,0.2359
Блаже Конески,ЗИМЕН ДЕН,10,шетка,0.2359
Блаже Конески,ЗОВ,1,позлатен,0.3999
Блаже Конески,ЗОВ,2,есенски,0.392
Блаже Конески,ЗОВ,3,излезе,0.3212
Блаже Конески,ЗОВ,4,ист,0.2699
Блаже Конески,ЗОВ,5,неповиен,0.2463
Блаже Конески,ЗОВ,6,проскита,0.2463
Блаже Конески,ЗОВ,7,детенце,0.2327
Блаже Конески,ЗОВ,8,опиен,0.2231
Блаже Конески,ЗОВ,9,сонце,0.2019
Блаже Конески,ЗОВ,10,брзо,0.2
Блаже Конески,Зборот,1,алитерација,0.2589
Блаже Конески,Зборот,2,излишност,0.2589
Блаже Конески,Зборот,3,онега,0.2589
Блаже Конески,Зборот,4,трога,0.2589
Блаже Конески,Зборот,5,ќуќур,0.2589
Блаже Конески,Зборот,6,искажува,0.2447
Блаже Конески,Зборот,7,рима,0.2447
Блаже Конески,Зборот,8,бесмисленост,0.2346
Блаже Конески,Зборот,9,грлен,0.2346
Блаже Конески,Зборот,10,упатен,0.2203
Блаже Конески,ИГРАНКА,1,ита,0.5204
Блаже Конески,ИГРАНКА,2,млад,0.2372
Блаже Конески,ИГРАНКА,3,калне,0.2325
Блаже Конески,ИГРАНКА,4,повелба,0.2197
Блаже Конески,ИГРАНКА,5,прослава,0.2197
Блаже Конески,ИГРАНКА,6,скита,0.2106
Блаже Конески,ИГРАНКА,7,кален,0.2036
Блаже Конески,ИГРАНКА,8,вит,0.193
Блаже Конески,ИГРАНКА,9,ноќ,0.1922
Блаже Конески,ИГРАНКА,10,вреди,0.1888
Блаже Конески,ИКОНА,1,гари,0.2959
Блаже Конески,ИКОНА,2,зограф,0.2959
Блаже Конески,ИКОНА,3,опков,0.2959
Блаже Конески,ИКОНА,4,внесен,0.2681
Блаже Конески,ИКОНА,5,кротки,0.2681
Блаже Конески,ИКОНА,6,скромен,0.2681
Блаже Конески,ИКОНА,7,зазор,0.2518
Блаже Конески,ИКОНА,8,верност,0.2403
Блаже Конески,ИКОНА,9,позлатен,0.2403
Блаже Конески,ИКОНА,10,мајстор,0.2313
Блаже Конески,ИЛИНДЕНСКИ МЕЛОДИИ,1,лудо,0.3414
Блаже Конески,ИЛИНДЕНСКИ МЕЛОДИИ,2,зандан,0.2331
Блаже Конески,ИЛИНДЕНСКИ МЕЛОДИИ,3,соклол,0.1716
Блаже Конески,ИЛИНДЕНСКИ МЕЛОДИИ,4,магла,0.1652
Блаже Конески,ИЛИНДЕНСКИ МЕЛОДИИ,5,коба,0.1621
Блаже Конески,ИЛИНДЕНСКИ МЕЛОДИИ,6,ле,0.1502
Блаже Конески,ИЛИНДЕНСКИ МЕЛОДИИ,7,мака,0.1471
Блаже Конески,ИЛИНДЕНСКИ МЕЛОДИИ,8,дробен,0.146
Блаже Конески,ИЛИНДЕНСКИ МЕЛОДИИ,9,крен,0.146
Блаже Конески,ИЛИНДЕНСКИ МЕЛОДИИ,10,сони,0.146
Блаже Конески,ИСКУШУВАЊЕ,1,враж,0.4119
Блаже Конески,ИСКУШУВАЊЕ,2,јери,0.4119
Блаже Конески,ИСКУШУВАЊЕ,3,јат,0.3893
Блаже Конески,ИСКУШУВАЊЕ,4,збори,0.3032
Блаже Конески,ИСКУШУВАЊЕ,5,стори,0.2665
Блаже Конески,ИСКУШУВАЊЕ,6,пушти,0.257
Блаже Конески,ИСКУШУВАЊЕ,7,каже,0.2209
Блаже Конески,ИСКУШУВАЊЕ,8,треба,0.2037
Блаже Конески,ИСКУШУВАЊЕ,9,црн,0.1911
Блаже Конески,ИСКУШУВАЊЕ,10,сака,0.171
Блаже Конески,КАЛЕМЕГДАН,1,стапка,0.2898
Блаже Конески,КАЛЕМЕГДАН,2,тиха,0.193
Блаже Конески,КАЛЕМЕГДАН,3,бран,0.1911
Блаже Конески,КАЛЕМЕГДАН,4,младост,0.1862
Блаже Конески,КАЛЕМЕГДАН,5,водје,0.185
Блаже Конески,КАЛЕМЕГДАН,6,приквечер,0.1788
Блаже Конески,КАЛЕМЕГДАН,7,тече,0.1743
Блаже Конески,КАЛЕМЕГДАН,8,брег,0.1726
Блаже Конески,КАЛЕМЕГДАН,9,слева,0.1695
Блаже Конески,КАЛЕМЕГДАН,10,мирен,0.1625
Блаже Конески,КАМБАНИ,1,добор,0.2268
Блаже Конески,КАМБАНИ,2,еденздруга,0.2268
Блаже Конески,КАМБАНИ,3,заслушан,0.2268
Блаже Конески,КАМБАНИ,4,камбани,0.2268
Блаже Конески,КАМБАНИ,5,невратно,0.2268
Блаже Конески,КАМБАНИ,6,прежелен,0.2268
Блаже Конески,КАМБАНИ,7,самотно,0.2268
Блаже Конески,КАМБАНИ,8,скрен,0.2268
Блаже Конески,КАМБАНИ,9,срамотно,0.2268
Блаже Конески,КАМБАНИ,10,ближен,0.2143
Блаже Конески,КАРАОРМАН,1,караорман,0.466
Блаже Конески,КАРАОРМАН,2,нивен,0.3253
Блаже Конески,КАРАОРМАН,3,бра,0.3107
Блаже Конески,КАРАОРМАН,4,жалба,0.2814
Блаже Конески,КАРАОРМАН,5,славеј,0.1673
Блаже Конески,КАРАОРМАН,6,зборвење,0.1553
Блаже Конески,КАРАОРМАН,7,нигде,0.1407
Блаже Конески,КАРАОРМАН,8,држи,0.1399
Блаже Конески,КАРАОРМАН,9,одење,0.1322
Блаже Конески,КАРАОРМАН,10,пее,0.1235
Блаже Конески,КАФЕЗ,1,врчка,0.4736
Блаже Конески,КАФЕЗ,2,брчка,0.4148
Блаже Конески,КАФЕЗ,3,сторен,0.3846
Блаже Конески,КАФЕЗ,4,кафез,0.3486
Блаже Конески,КАФЕЗ,5,скршен,0.329
Блаже Конески,КАФЕЗ,6,затворен,0.3088
Блаже Конески,КАФЕЗ,7,година,0.2399
Блаже Конески,КАФЕЗ,8,дете,0.2269
Блаже Конески,КАФЕЗ,9,еден,0.1469
Блаже Конески,КОЛУМБО,1,идеде,0.1934
Блаже Конески,КОЛУМБО,2,мечтан,0.1934
Блаже Конески,КОЛУМБО,3,морничавост,0.1934
Блаже Конески,КОЛУМБО,4,потажен,0.1934
Блаже Конески,КОЛУМБО,5,ребрест,0.1934
Блаже Конески,КОЛУМБО,6,темнило,0.1934
Блаже Конески,КОЛУМБО,7,фат,0.1934
Блаже Конески,КОЛУМБО,8,ваму,0.1828
Блаже Конески,КОЛУМБО,9,весло,0.1828
Блаже Конески,КОЛУМБО,10,мреа,0.1828
Блаже Конески,КОШМАР,1,зошто,0.4087
Блаже Конески,КОШМАР,2,баран,0.3696
Блаже Конески,КОШМАР,3,љуба,0.2686
Блаже Конески,КОШМАР,4,дочаран,0.1848
Блаже Конески,КОШМАР,5,разочаран,0.1848
Блаже Конески,КОШМАР,6,трескот,0.1848
Блаже Конески,КОШМАР,7,блескот,0.1746
Блаже Конески,КОШМАР,8,кошмар,0.1746
Блаже Конески,КОШМАР,9,благост,0.1618
Блаже Конески,КОШМАР,10,губа,0.1618
Блаже Конески,КРУША ДИВЈАЧКА,1,сок,0.1805
Блаже Конески,КРУША ДИВЈАЧКА,2,дрво,0.1561
Блаже Конески,КРУША ДИВЈАЧКА,3,врв,0.1552
Блаже Конески,КРУША ДИВЈАЧКА,4,пролет,0.1437
Блаже Конески,КРУША ДИВЈАЧКА,5,безразличен,0.1299
Блаже Конески,КРУША ДИВЈАЧКА,6,вклештил,0.1299
Блаже Конески,КРУША ДИВЈАЧКА,7,гав,0.1299
Блаже Конески,КРУША ДИВЈАЧКА,8,живово,0.1299
Блаже Конески,КРУША ДИВЈАЧКА,9,каче,0.1299
Блаже Конески,КРУША ДИВЈАЧКА,10,нета,0.1299
Блаже Конески,КУМАНОВСКИОТ ПРЕВОЈ,1,плива,0.4702
Блаже Конески,КУМАНОВСКИОТ ПРЕВОЈ,2,талас,0.3568
Блаже Конески,КУМАНОВСКИОТ ПРЕВОЈ,3,дипли,0.3351
Блаже Конески,КУМАНОВСКИОТ ПРЕВОЈ,4,овде,0.2548
Блаже Конески,КУМАНОВСКИОТ ПРЕВОЈ,5,житје,0.1969
Блаже Конески,КУМАНОВСКИОТ ПРЕВОЈ,6,надгробен,0.1969
Блаже Конески,КУМАНОВСКИОТ ПРЕВОЈ,7,пучински,0.1969
Блаже Конески,КУМАНОВСКИОТ ПРЕВОЈ,8,ржта,0.1861
Блаже Конески,КУМАНОВСКИОТ ПРЕВОЈ,9,шумна,0.1861
Блаже Конески,КУМАНОВСКИОТ ПРЕВОЈ,10,млак,0.1784
Блаже Конески,Камикаѕе,1,крајно,0.2885
Блаже Конески,Камикаѕе,2,гордост,0.2534
Блаже Конески,Камикаѕе,3,свој,0.1694
Блаже Конески,Камикаѕе,4,будала,0.1527
Блаже Конески,Камикаѕе,5,извон,0.1527
Блаже Конески,Камикаѕе,6,изнае,0.1527
Блаже Конески,Камикаѕе,7,ирационален,0.1527
Блаже Конески,Камикаѕе,8,камикаѕе,0.1527
Блаже Конески,Камикаѕе,9,конвенциона,0.1527
Блаже Конески,Камикаѕе,10,конвенција,0.1527
Блаже Конески,Кобење,1,рно,0.4287
Блаже Конески,Кобење,2,чувство,0.2548
Блаже Конески,Кобење,3,вчудоневидување,0.1795
Блаже Конески,Кобење,4,кобење,0.1795
Блаже Конески,Кобење,5,кобише,0.1795
Блаже Конески,Кобење,6,мимолетен,0.1795
Блаже Конески,Кобење,7,ноко,0.1795
Блаже Конески,Кобење,8,размислување,0.1795
Блаже Конески,Кобење,9,спокојстви,0.1795
Блаже Конески,Кобење,10,зависи,0.1696
Блаже Конески,Копачење,1,жила,0.3628
Блаже Конески,Копачење,2,корен,0.1923
Блаже Конески,Копачење,3,дурија,0.1723
Блаже Конески,Копачење,4,жилички,0.1723
Блаже Конески,Копачење,5,искорва,0.1723
Блаже Конески,Копачење,6,испотан,0.1723
Блаже Конески,Копачење,7,истли,0.1723
Блаже Конески,Копачење,8,казмае,0.1723
Блаже Конески,Копачење,9,кор-нвв,0.1723
Блаже Конески,Копачење,10,мавање,0.1723
Блаже Конески,Куманово,1,мисли,0.3133
Блаже Конески,Куманово,2,куманово,0.3026
Блаже Конески,Куманово,3,попушти,0.2742
Блаже Конески,Куманово,4,волја,0.2409
Блаже Конески,Куманово,5,желба,0.1888
Блаже Конески,Куманово,6,оди,0.1528
Блаже Конески,Куманово,7,карадаг,0.1513
Блаже Конески,Куманово,8,кумановски,0.1513
Блаже Конески,Куманово,9,лишка,0.1513
Блаже Конески,Куманово,10,попрече,0.1513
Блаже Конески,ЛАСТОВИЦИ,1,писка,0.5468
Блаже Конески,ЛАСТОВИЦИ,2,ластовица,0.3645
Блаже Конески,ЛАСТОВИЦИ,3,миговен,0.2081
Блаже Конески,ЛАСТОВИЦИ,4,порабува,0.2081
Блаже Конески,ЛАСТОВИЦИ,5,ткаеме,0.2081
Блаже Конески,ЛАСТОВИЦИ,6,совалка,0.1967
Блаже Конески,ЛАСТОВИЦИ,7,стихија,0.1967
Блаже Конески,ЛАСТОВИЦИ,8,нејасен,0.1823
Блаже Конески,ЛАСТОВИЦИ,9,преѓа,0.1771
Блаже Конески,ЛАСТОВИЦИ,10,наш,0.1685
Блаже Конески,ЛИК,1,достапен,0.7051
Блаже Конески,ЛИК,2,лик,0.2823
Блаже Конески,ЛИК,3,врашка,0.235
Блаже Конески,ЛИК,4,суровост,0.235
Блаже Конески,ЛИК,5,муцка,0.2221
Блаже Конески,ЛИК,6,тврдост,0.2129
Блаже Конески,ЛИК,7,смешка,0.2058
Блаже Конески,ЛИК,8,гроза,0.2
Блаже Конески,ЛИК,9,неизвесност,0.1908
Блаже Конески,ЛИК,10,машки,0.1754
Блаже Конески,Лажни пророци,1,бувта,0.2836
Блаже Конески,Лажни пророци,2,затре,0.2836
Блаже Конески,Лажни пророци,3,распине,0.2836
Блаже Конески,Лажни пророци,4,варосан,0.2569
Блаже Конески,Лажни пророци,5,збира,0.2302
Блаже Конески,Лажни пророци,6,пророк,0.2302
Блаже Конески,Лажни пророци,7,бес,0.218
Блаже Конески,Лажни пророци,8,лажен,0.218
Блаже Конески,Лажни пророци,9,плоштад,0.218
Блаже Конески,Лажни пророци,10,роб,0.2147
Блаже Конески,МАК,1,трепети,0.4709
Блаже Конески,МАК,2,блискотно,0.1733
Блаже Конески,МАК,3,дечински,0.1733
Блаже Конески,МАК,4,момирок,0.1733
Блаже Конески,МАК,5,одделение,0.1733
Блаже Конески,МАК,6,пеперужен,0.1733
Блаже Конески,МАК,7,разлетува,0.1733
Блаже Конески,МАК,8,тополче,0.1733
Блаже Конески,МАК,9,ѕвечлив,0.1733
Блаже Конески,МАК,10,ѕунлив,0.1733
Блаже Конески,МАТУРАНТИ,1,нада,0.322
Блаже Конески,МАТУРАНТИ,2,ура,0.322
Блаже Конески,МАТУРАНТИ,3,широк,0.2259
Блаже Конески,МАТУРАНТИ,4,зор,0.2155
Блаже Конески,МАТУРАНТИ,5,трае,0.2071
Блаже Конески,МАТУРАНТИ,6,чекор,0.2011
Блаже Конески,МАТУРАНТИ,7,идност,0.1704
Блаже Конески,МАТУРАНТИ,8,испрчен,0.1704
Блаже Конески,МАТУРАНТИ,9,корзо,0.1704
Блаже Конески,МАТУРАНТИ,10,лептир-машни,0.1704
Блаже Конески,МОЛИТВА,1,веселба,0.2262
Блаже Конески,МОЛИТВА,2,земјо,0.2044
Блаже Конески,МОЛИТВА,3,болен,0.1748
Блаже Конески,МОЛИТВА,4,моли,0.172
Блаже Конески,МОЛИТВА,5,јасен,0.1616
Блаже Конески,МОЛИТВА,6,мака,0.152
Блаже Конески,МОЛИТВА,7,срце,0.1478
Блаже Конески,МОЛИТВА,8,место,0.1333
Блаже Конески,МОЛИТВА,9,безвучен,0.1329
Блаже Конески,МОЛИТВА,10,викум,0.1329
Блаже Конески,МРАЗ,1,способност,0.4034
Блаже Конески,МРАЗ,2,истина,0.3812
Блаже Конески,МРАЗ,3,мразулец,0.3654
Блаже Конески,МРАЗ,4,диши,0.3153
Блаже Конески,МРАЗ,5,омраза,0.3101
Блаже Конески,МРАЗ,6,мраз,0.3053
Блаже Конески,МРАЗ,7,каков,0.2674
Блаже Конески,МРАЗ,8,соба,0.2467
Блаже Конески,МРАЗ,9,студен,0.2437
Блаже Конески,МРАЗ,10,тука,0.2015
Блаже Конески,Мајска ноќ,1,ноќ,0.2901
Блаже Конески,Мајска ноќ,2,буди,0.2083
Блаже Конески,Мајска ноќ,3,врнежлив,0.1754
Блаже Конески,Мајска ноќ,4,зацраво,0.1754
Блаже Конески,Мајска ноќ,5,незаштитено,0.1754
Блаже Конески,Мајска ноќ,6,приоѓи,0.1754
Блаже Конески,Мајска ноќ,7,разграден,0.1754
Блаже Конески,Мајска ноќ,8,реалносга,0.1754
Блаже Конески,Мајска ноќ,9,сехам,0.1754
Блаже Конески,Мајска ноќ,10,страдње,0.1754
Блаже Конески,Миг,1,миг,0.4008
Блаже Конески,Миг,2,поглод,0.2491
Блаже Конески,Миг,3,предвидување,0.2491
Блаже Конески,Миг,4,увереност,0.2491
Блаже Конески,Миг,5,незаменлив,0.2354
Блаже Конески,Миг,6,излоз,0.2257
Блаже Конески,Миг,7,користи,0.2257
Блаже Конески,Миг,8,засега,0.2181
Блаже Конески,Миг,9,приквечер,0.2181
Блаже Конески,Миг,10,сознание,0.2181
Блаже Конески,Младост,1,возен,0.2679
Блаже Конески,Младост,2,закаснува,0.2679
Блаже Конески,Младост,3,локомотив,0.2679
Блаже Конески,Младост,4,негдегоде,0.2679
Блаже Конески,Младост,5,претумба,0.2679
Блаже Конески,Младост,6,пуфка,0.2679
Блаже Конески,Младост,7,установен,0.2679
Блаже Конески,Младост,8,шалави,0.2679
Блаже Конески,Младост,9,раздвижува,0.2531
Блаже Конески,Младост,10,пареа,0.2223
Блаже Конески,НА ГРАНИЦА,1,грчки,0.205
Блаже Конески,НА ГРАНИЦА,2,езероно,0.1937
Блаже Конески,НА ГРАНИЦА,3,житја,0.1937
Блаже Конески,НА ГРАНИЦА,4,кралски,0.1937
Блаже Конески,НА ГРАНИЦА,5,бран,0.1918
Блаже Конески,НА ГРАНИЦА,6,народ,0.1893
Блаже Конески,НА ГРАНИЦА,7,крилје,0.1857
Блаже Конески,НА ГРАНИЦА,8,трон,0.1795
Блаже Конески,НА ГРАНИЦА,9,крвник,0.1744
Блаже Конески,НА ГРАНИЦА,10,таму,0.1496
Блаже Конески,НАВРЕДИ,1,горчливо-тих,0.3369
Блаже Конески,НАВРЕДИ,2,пречистува,0.3369
Блаже Конески,НАВРЕДИ,3,привкус,0.3369
Блаже Конески,НАВРЕДИ,4,изуми,0.295
Блаже Конески,НАВРЕДИ,5,навреда,0.295
Блаже Конески,НАВРЕДИ,6,присутен,0.2735
Блаже Конески,НАВРЕДИ,7,соне,0.2682
Блаже Конески,НАВРЕДИ,8,везден,0.259
Блаже Конески,НАВРЕДИ,9,лесно,0.2253
Блаже Конески,НАВРЕДИ,10,буден,0.218
Блаже Конески,НЕЖНОСТ,1,иде,0.3091
Блаже Конески,НЕЖНОСТ,2,каже,0.2562
Блаже Конески,НЕЖНОСТ,3,згреше,0.2389
Блаже Конески,НЕЖНОСТ,4,искрено,0.2389
Блаже Конески,НЕЖНОСТ,5,навреди,0.2389
Блаже Конески,НЕЖНОСТ,6,намрази,0.2389
Блаже Конески,НЕЖНОСТ,7,темно-мрежен,0.2389
Блаже Конески,НЕЖНОСТ,8,клони,0.2257
Блаже Конески,НЕЖНОСТ,9,сложи,0.2164
Блаже Конески,НЕЖНОСТ,10,реши,0.1983
Блаже Конески,НОЌНА ПЕСНА,1,нејќи,0.292
Блаже Конески,НОЌНА ПЕСНА,2,тука,0.2572
Блаже Конески,НОЌНА ПЕСНА,3,жал,0.2295
Блаже Конески,НОЌНА ПЕСНА,4,мисла,0.1757
Блаже Конески,НОЌНА ПЕСНА,5,жуберка,0.1716
Блаже Конески,НОЌНА ПЕСНА,6,окрилува,0.1716
Блаже Конески,НОЌНА ПЕСНА,7,опијанува,0.1716
Блаже Конески,НОЌНА ПЕСНА,8,опсипува,0.1716
Блаже Конески,НОЌНА ПЕСНА,9,пригласува,0.1716
Блаже Конески,НОЌНА ПЕСНА,10,темносино,0.1716
Блаже Конески,НОЖ,1,нож,0.244
Блаже Конески,НОЖ,2,сети,0.1946
Блаже Конески,НОЖ,3,бележан,0.1657
Блаже Конески,НОЖ,4,дволичност,0.1657
Блаже Конески,НОЖ,5,жабурлив,0.1657
Блаже Конески,НОЖ,6,засмее,0.1657
Блаже Конески,НОЖ,7,избран,0.1657
Блаже Конески,НОЖ,8,истради,0.1657
Блаже Конески,НОЖ,9,молчаливо,0.1657
Блаже Конески,НОЖ,10,невола,0.1657
Блаже Конески,Неизвесност,1,можеби,0.2575
Блаже Конески,Неизвесност,2,загорен,0.2285
Блаже Конески,Неизвесност,3,нејасно,0.2285
Блаже Конески,Неизвесност,4,откажување,0.2285
Блаже Конески,Неизвесност,5,довере,0.2159
Блаже Конески,Неизвесност,6,сач,0.2159
Блаже Конески,Неизвесност,7,слач,0.2159
Блаже Конески,Неизвесност,8,изгор,0.207
Блаже Конески,Неизвесност,9,заморен,0.2001
Блаже Конески,Неизвесност,10,очаен,0.2001
Блаже Конески,Немир,1,кошмарен,0.3503
Блаже Конески,Немир,2,нездраво,0.3503
Блаже Конески,Немир,3,главен,0.3173
Блаже Конески,Немир,4,сплет,0.3067
Блаже Конески,Немир,5,тишти,0.3067
Блаже Конески,Немир,6,мрзне,0.2907
Блаже Конески,Немир,7,старост,0.2788
Блаже Конески,Немир,8,личи,0.2693
Блаже Конески,Немир,9,причина,0.2486
Блаже Конески,Немир,10,болест,0.2409
Блаже Конески,ОД ВОЗОТ,1,плачи,0.5371
Блаже Конески,ОД ВОЗОТ,2,планина,0.4131
Блаже Конески,ОД ВОЗОТ,3,срете,0.1933
Блаже Конески,ОД ВОЗОТ,4,детинство,0.1827
Блаже Конески,ОД ВОЗОТ,5,ене,0.1827
Блаже Конески,ОД ВОЗОТ,6,падина,0.1827
Блаже Конески,ОД ВОЗОТ,7,приѕира,0.1827
Блаже Конески,ОД ВОЗОТ,8,другаде,0.1751
Блаже Конески,ОД ВОЗОТ,9,шамиче,0.1693
Блаже Конески,ОД ВОЗОТ,10,мавта,0.1645
Блаже Конески,ОХРИД,1,езеро,0.3285
Блаже Конески,ОХРИД,2,поле,0.2593
Блаже Конески,ОХРИД,3,сватовски,0.2335
Блаже Конески,ОХРИД,4,раззеленет,0.2257
Блаже Конески,ОХРИД,5,бел,0.2194
Блаже Конески,ОХРИД,6,сват,0.2194
Блаже Конески,ОХРИД,7,песна,0.204
Блаже Конески,ОХРИД,8,занес,0.1724
Блаже Конески,ОХРИД,9,широк,0.1709
Блаже Конески,ОХРИД,10,лета,0.1513
Блаже Конески,ОЧАЈ,1,потен,0.3238
Блаже Конески,ОЧАЈ,2,свитка,0.3238
Блаже Конески,ОЧАЈ,3,усвитил,0.3238
Блаже Конески,ОЧАЈ,4,жежок,0.2934
Блаже Конески,ОЧАЈ,5,склопи,0.2577
Блаже Конески,ОЧАЈ,6,ден,0.2499
Блаже Конески,ОЧАЈ,7,стопи,0.2489
Блаже Конески,ОЧАЈ,8,облак,0.1744
Блаже Конески,ОЧАЈ,9,арен,0.153
Блаже Конески,ОЧАЈ,10,пепелав,0.153
Блаже Конески,Одисеј,1,бродски,0.2355
Блаже Конески,Одисеј,2,клапа,0.2355
Блаже Конески,Одисеј,3,опит,0.2355
Блаже Конески,Одисеј,4,пилот,0.2355
Блаже Конески,Одисеј,5,благословен,0.2258
Блаже Конески,Одисеј,6,паун,0.2258
Блаже Конески,Одисеј,7,лаѓа,0.2182
Блаже Конески,Одисеј,8,смерен,0.2182
Блаже Конески,Одисеј,9,вилица,0.2069
Блаже Конески,Одисеј,10,кутар,0.2069
Блаже Конески,Осаменост,1,собеседник,0.4308
Блаже Конески,Осаменост,2,врекне,0.2154
Блаже Конески,Осаменост,3,доверува,0.2154
Блаже Конески,Осаменост,4,духовит,0.2154
Блаже Конески,Осаменост,5,обраќи,0.2154
Блаже Конески,Осаменост,6,сала,0.2154
Блаже Конески,Осаменост,7,свикнат,0.2154
Блаже Конески,Осаменост,8,готов,0.2036
Блаже Конески,Осаменост,9,здодеви,0.2036
Блаже Конески,Осаменост,10,прече,0.2036
Блаже Конески,ПАТНИК,1,гоне,0.2779
Блаже Конески,ПАТНИК,2,суров,0.2306
Блаже Конески,ПАТНИК,3,баздриѓан,0.1587
Блаже Конески,ПАТНИК,4,вземи,0.1587
Блаже Конески,ПАТНИК,5,млачно,0.1587
Блаже Конески,ПАТНИК,6,мусандар,0.1587
Блаже Конески,ПАТНИК,7,нервчик,0.1587
Блаже Конески,ПАТНИК,8,петрински,0.1587
Блаже Конески,ПАТНИК,9,подгрбен,0.1587
Блаже Конески,ПАТНИК,10,притеснет,0.1587
Блаже Конески,ПЕПЕЛАШКА,1,блиску,0.407
Блаже Конески,ПЕПЕЛАШКА,2,далеку,0.315
Блаже Конески,ПЕПЕЛАШКА,3,селски,0.2884
Блаже Конески,ПЕПЕЛАШКА,4,брест,0.1933
Блаже Конески,ПЕПЕЛАШКА,5,доен,0.1933
Блаже Конески,ПЕПЕЛАШКА,6,машти,0.1933
Блаже Конески,ПЕПЕЛАШКА,7,пепелашка,0.1933
Блаже Конески,ПЕПЕЛАШКА,8,ронк,0.1933
Блаже Конески,ПЕПЕЛАШКА,9,мој,0.1897
Блаже Конески,ПЕПЕЛАШКА,10,рулче,0.1826
Блаже Конески,ПЕСНА,1,песна,0.3481
Блаже Конески,ПЕСНА,2,скриј,0.2199
Блаже Конески,ПЕСНА,3,мини,0.2078
Блаже Конески,ПЕСНА,4,пеј,0.1992
Блаже Конески,ПЕСНА,5,лаже,0.1926
Блаже Конески,ПЕСНА,6,нејасен,0.1926
Блаже Конески,ПЕСНА,7,можен,0.1871
Блаже Конески,ПЕСНА,8,тага,0.1727
Блаже Конески,ПЕСНА,9,бесен,0.1664
Блаже Конески,ПЕСНА,10,срам,0.1664
Блаже Конески,ПЕСНА ЗА ЖИВОТОТ,1,бабуњава,0.2574
Блаже Конески,ПЕСНА ЗА ЖИВОТОТ,2,наваса,0.2574
Блаже Конески,ПЕСНА ЗА ЖИВОТОТ,3,пално,0.2574
Блаже Конески,ПЕСНА ЗА ЖИВОТОТ,4,задишен,0.2433
Блаже Конески,ПЕСНА ЗА ЖИВОТОТ,5,измачен,0.2433
Блаже Конески,ПЕСНА ЗА ЖИВОТОТ,6,каса,0.2433
Блаже Конески,ПЕСНА ЗА ЖИВОТОТ,7,пца,0.2433
Блаже Конески,ПЕСНА ЗА ЖИВОТОТ,8,темничиште,0.2433
Блаже Конески,ПЕСНА ЗА ЖИВОТОТ,9,мрша,0.2332
Блаже Конески,ПЕСНА ЗА ЖИВОТОТ,10,вјаса,0.2254
Блаже Конески,ПЕСНА ЗА МАСЛИНКИТЕ,1,маслинка,0.3868
Блаже Конески,ПЕСНА ЗА МАСЛИНКИТЕ,2,река,0.244
Блаже Конески,ПЕСНА ЗА МАСЛИНКИТЕ,3,болски,0.233
Блаже Конески,ПЕСНА ЗА МАСЛИНКИТЕ,4,општина,0.233
Блаже Конески,ПЕСНА ЗА МАСЛИНКИТЕ,5,задуман,0.2111
Блаже Конески,ПЕСНА ЗА МАСЛИНКИТЕ,6,исече,0.2111
Блаже Конески,ПЕСНА ЗА МАСЛИНКИТЕ,7,тиок,0.2111
Блаже Конески,ПЕСНА ЗА МАСЛИНКИТЕ,8,оздрави,0.204
Блаже Конески,ПЕСНА ЗА МАСЛИНКИТЕ,9,наведен,0.1982
Блаже Конески,ПЕСНА ЗА МАСЛИНКИТЕ,10,секне,0.1934
Блаже Конески,ПЕСНА НА ЛОЗИТЕ ВО ЛОЗЈАТА НА ВОДНО,1,убав,0.3861
Блаже Конески,ПЕСНА НА ЛОЗИТЕ ВО ЛОЗЈАТА НА ВОДНО,2,корен,0.2041
Блаже Конески,ПЕСНА НА ЛОЗИТЕ ВО ЛОЗЈАТА НА ВОДНО,3,жала,0.1829
Блаже Конески,ПЕСНА НА ЛОЗИТЕ ВО ЛОЗЈАТА НА ВОДНО,4,изненади,0.1829
Блаже Конески,ПЕСНА НА ЛОЗИТЕ ВО ЛОЗЈАТА НА ВОДНО,5,кастри,0.1829
Блаже Конески,ПЕСНА НА ЛОЗИТЕ ВО ЛОЗЈАТА НА ВОДНО,6,лозјар,0.1829
Блаже Конески,ПЕСНА НА ЛОЗИТЕ ВО ЛОЗЈАТА НА ВОДНО,7,нишаме,0.1829
Блаже Конески,ПЕСНА НА ЛОЗИТЕ ВО ЛОЗЈАТА НА ВОДНО,8,свитец,0.1829
Блаже Конески,ПЕСНА НА ЛОЗИТЕ ВО ЛОЗЈАТА НА ВОДНО,9,полазува,0.1728
Блаже Конески,ПЕСНА НА ЛОЗИТЕ ВО ЛОЗЈАТА НА ВОДНО,10,задува,0.1657
Блаже Конески,ПЕСНАТА,1,стојан,0.7449
Блаже Конески,ПЕСНАТА,2,запее,0.2424
Блаже Конески,ПЕСНАТА,3,песна,0.2184
Блаже Конески,ПЕСНАТА,4,загине,0.179
Блаже Конески,ПЕСНАТА,5,запеј,0.1576
Блаже Конески,ПЕСНАТА,6,заш,0.1576
Блаже Конески,ПЕСНАТА,7,мнуче,0.1576
Блаже Конески,ПЕСНАТА,8,стојанов,0.1576
Блаже Конески,ПЕСНАТА,9,загинат,0.1428
Блаже Конески,ПЕСНАТА,10,партизан,0.1381
Блаже Конески,ПЕСНАТА ЗА ЗАТВОРНИЦАТА,1,грепчи,0.3079
Блаже Конески,ПЕСНАТА ЗА ЗАТВОРНИЦАТА,2,гробна,0.3079
Блаже Конески,ПЕСНАТА ЗА ЗАТВОРНИЦАТА,3,трем,0.2789
Блаже Конески,ПЕСНАТА ЗА ЗАТВОРНИЦАТА,4,ѕидиште,0.2696
Блаже Конески,ПЕСНАТА ЗА ЗАТВОРНИЦАТА,5,нем,0.2406
Блаже Конески,ПЕСНАТА ЗА ЗАТВОРНИЦАТА,6,нокт,0.2297
Блаже Конески,ПЕСНАТА ЗА ЗАТВОРНИЦАТА,7,час,0.186
Блаже Конески,ПЕСНАТА ЗА ЗАТВОРНИЦАТА,8,засркне,0.1539
Блаже Конески,ПЕСНАТА ЗА ЗАТВОРНИЦАТА,9,немошен,0.1539
Блаже Конески,ПЕСНАТА ЗА ЗАТВОРНИЦАТА,10,уречен,0.1539
Блаже Конески,ПИСМО,1,другар,0.3006
Блаже Конески,ПИСМО,2,срета,0.2502
Блаже Конески,ПИСМО,3,светов,0.2035
Блаже Конески,ПИСМО,4,твој,0.1987
Блаже Конески,ПИСМО,5,често,0.1975
Блаже Конески,ПИСМО,6,писмо,0.1858
Блаже Конески,ПИСМО,7,еден,0.1643
Блаже Конески,ПИСМО,8,збор,0.1587
Блаже Конески,ПИСМО,9,сила,0.1506
Блаже Конески,ПИСМО,10,убав,0.1397
Блаже Конески,ПОЛНОЌ,1,самотен,0.3525
Блаже Конески,ПОЛНОЌ,2,вик,0.3404
Блаже Конески,ПОЛНОЌ,3,очајно,0.2214
Блаже Конески,ПОЛНОЌ,4,мрзне,0.1838
Блаже Конески,ПОЛНОЌ,5,мразен,0.1798
Блаже Конески,ПОЛНОЌ,6,гласи,0.163
Блаже Конески,ПОЛНОЌ,7,бескраен,0.1538
Блаже Конески,ПОЛНОЌ,8,бескрај,0.1481
Блаже Конески,ПОЛНОЌ,9,рака,0.1296
Блаже Конески,ПОЛНОЌ,10,крева,0.123
Блаже Конески,ПОРТРЕТ,1,веѓа,0.4618
Блаже Конески,ПОРТРЕТ,2,торнадо,0.3095
Блаже Конески,ПОРТРЕТ,3,понор,0.271
Блаже Конески,ПОРТРЕТ,4,вретен,0.2634
Блаже Конески,ПОРТРЕТ,5,темно,0.2569
Блаже Конески,ПОРТРЕТ,6,сон,0.2445
Блаже Конески,ПОРТРЕТ,7,заоѓа,0.2419
Блаже Конески,ПОРТРЕТ,8,меѓа,0.2419
Блаже Конески,ПОРТРЕТ,9,пад,0.2343
Блаже Конески,ПОРТРЕТ,10,стреа,0.2309
Блаже Конески,ПОСЛОВИЦА,1,право,0.6537
Блаже Конески,ПОСЛОВИЦА,2,довек,0.2288
Блаже Конески,ПОСЛОВИЦА,3,правда,0.2288
Блаже Конески,ПОСЛОВИЦА,4,умен,0.2288
Блаже Конески,ПОСЛОВИЦА,5,чемрее,0.2212
Блаже Конески,ПОСЛОВИЦА,6,човек,0.2207
Блаже Конески,ПОСЛОВИЦА,7,важен,0.215
Блаже Конески,ПОСЛОВИЦА,8,загуби,0.2097
Блаже Конески,ПОСЛОВИЦА,9,смеа,0.1737
Блаже Конески,ПОСЛОВИЦА,10,умира,0.1647
Блаже Конески,ПОЧИНКА,1,заморува,0.6946
Блаже Конески,ПОЧИНКА,2,веќе,0.2936
Блаже Конески,ПОЧИНКА,3,есенва,0.1737
Блаже Конески,ПОЧИНКА,4,смирност,0.1737
Блаже Конески,ПОЧИНКА,5,страсност,0.1737
Блаже Конески,ПОЧИНКА,6,просветлен,0.1641
Блаже Конески,ПОЧИНКА,7,глуп,0.1573
Блаже Конески,ПОЧИНКА,8,мудар,0.1521
Блаже Конески,ПОЧИНКА,9,клупа,0.1441
Блаже Конески,ПОЧИНКА,10,мирен,0.1382
Блаже Конески,ПРИСПИВНА,1,надвор,0.4702
Блаже Конески,ПРИСПИВНА,2,зокумон,0.2441
Блаже Конески,ПРИСПИВНА,3,спи,0.2212
Блаже Конески,ПРИСПИВНА,4,ветре,0.2026
Блаже Конески,ПРИСПИВНА,5,гушне,0.1982
Блаже Конески,ПРИСПИВНА,6,роси,0.1982
Блаже Конески,ПРИСПИВНА,7,дува,0.1943
Блаже Конески,ПРИСПИВНА,8,сон,0.1928
Блаже Конески,ПРИСПИВНА,9,рој,0.1908
Блаже Конески,ПРИСПИВНА,10,саноќ,0.1908
Блаже Конески,ПРОЛЕТ,1,врбов,0.2065
Блаже Конески,ПРОЛЕТ,2,донесли,0.2065
Блаже Конески,ПРОЛЕТ,3,присенува,0.2065
Блаже Конески,ПРОЛЕТ,4,седба,0.2065
Блаже Конески,ПРОЛЕТ,5,сончен,0.2065
Блаже Конески,ПРОЛЕТ,6,убога,0.2065
Блаже Конески,ПРОЛЕТ,7,бистри,0.1952
Блаже Конески,ПРОЛЕТ,8,зазеленува,0.1952
Блаже Конески,ПРОЛЕТ,9,ноќеска,0.1809
Блаже Конески,ПРОЛЕТ,10,очиве,0.1758
Блаже Конески,ПРОЛЕТНА ВЕЧЕР,1,кикирига,0.3931
Блаже Конески,ПРОЛЕТНА ВЕЧЕР,2,петел,0.3073
Блаже Конески,ПРОЛЕТНА ВЕЧЕР,3,скопски,0.2374
Блаже Конески,ПРОЛЕТНА ВЕЧЕР,4,двор,0.1768
Блаже Конески,ПРОЛЕТНА ВЕЧЕР,5,светол,0.1695
Блаже Конески,ПРОЛЕТНА ВЕЧЕР,6,небесен,0.1603
Блаже Конески,ПРОЛЕТНА ВЕЧЕР,7,златен,0.1547
Блаже Конески,ПРОЛЕТНА ВЕЧЕР,8,аа,0.131
Блаже Конески,ПРОЛЕТНА ВЕЧЕР,9,бандер,0.131
Блаже Конески,ПРОЛЕТНА ВЕЧЕР,10,гаќер,0.131
Блаже Конески,ПРОЛЕТНА ПЕСНА,1,твој,0.3013
Блаже Конески,ПРОЛЕТНА ПЕСНА,2,крилен,0.2173
Блаже Конески,ПРОЛЕТНА ПЕСНА,3,никне,0.2092
Блаже Конески,ПРОЛЕТНА ПЕСНА,4,сокол,0.2057
Блаже Конески,ПРОЛЕТНА ПЕСНА,5,буен,0.1944
Блаже Конески,ПРОЛЕТНА ПЕСНА,6,сив,0.1822
Блаже Конески,ПРОЛЕТНА ПЕСНА,7,народ,0.1647
Блаже Конески,ПРОЛЕТНА ПЕСНА,8,младост,0.1627
Блаже Конески,ПРОЛЕТНА ПЕСНА,9,расте,0.1588
Блаже Конески,ПРОЛЕТНА ПЕСНА,10,пролет,0.148
Блаже Конески,ПРОШЕТКА,1,фаусте,0.4381
Блаже Конески,ПРОШЕТКА,2,спас,0.3637
Блаже Конески,ПРОШЕТКА,3,пчел,0.3425
Блаже Конески,ПРОШЕТКА,4,доста,0.3184
Блаже Конески,ПРОШЕТКА,5,шета,0.293
Блаже Конески,ПРОШЕТКА,6,роса,0.2904
Блаже Конески,ПРОШЕТКА,7,назад,0.2834
Блаже Конески,ПРОШЕТКА,8,час,0.2647
Блаже Конески,ПРОШЕТКА,9,мисла,0.2243
Блаже Конески,ПРОШЕТКА,10,веќе,0.1852
Блаже Конески,ПРОШТАВАЊЕ ОД ПАРИЗ,1,олека,0.5336
Блаже Конески,ПРОШТАВАЊЕ ОД ПАРИЗ,2,збогум,0.485
Блаже Конески,ПРОШТАВАЊЕ ОД ПАРИЗ,3,рече,0.3179
Блаже Конески,ПРОШТАВАЊЕ ОД ПАРИЗ,4,умира,0.298
Блаже Конески,ПРОШТАВАЊЕ ОД ПАРИЗ,5,грапав,0.1523
Блаже Конески,ПРОШТАВАЊЕ ОД ПАРИЗ,6,зеленика,0.1523
Блаже Конески,ПРОШТАВАЊЕ ОД ПАРИЗ,7,кадрав,0.1523
Блаже Конески,ПРОШТАВАЊЕ ОД ПАРИЗ,8,ослепителен,0.1523
Блаже Конески,ПРОШТАВАЊЕ ОД ПАРИЗ,9,зачува,0.138
Блаже Конески,ПРОШТАВАЊЕ ОД ПАРИЗ,10,погали,0.138
Блаже Конески,ПРОШТАЛНА ПЕСНА,1,водје,0.6699
Блаже Конески,ПРОШТАЛНА ПЕСНА,2,стреја,0.2402
Блаже Конески,ПРОШТАЛНА ПЕСНА,3,шумоли,0.2312
Блаже Конески,ПРОШТАЛНА ПЕСНА,4,капи,0.2207
Блаже Конески,ПРОШТАЛНА ПЕСНА,5,пролетен,0.1809
Блаже Конески,ПРОШТАЛНА ПЕСНА,6,бездриѓан,0.1479
Блаже Конески,ПРОШТАЛНА ПЕСНА,7,другиден,0.1479
Блаже Конески,ПРОШТАЛНА ПЕСНА,8,сиротно,0.1479
Блаже Конески,ПРОШТАЛНА ПЕСНА,9,јужи,0.1479
Блаже Конески,ПРОШТАЛНА ПЕСНА,10,слуша,0.1458
Блаже Конески,ПУСТИНА,1,глува,0.3926
Блаже Конески,ПУСТИНА,2,тишина,0.2837
Блаже Конески,ПУСТИНА,3,само,0.2555
Блаже Конески,ПУСТИНА,4,изѕемница,0.2553
Блаже Конески,ПУСТИНА,5,немош,0.2553
Блаже Конески,ПУСТИНА,6,скаменување,0.2553
Блаже Конески,ПУСТИНА,7,прелетува,0.2413
Блаже Конески,ПУСТИНА,8,вишина,0.2313
Блаже Конески,ПУСТИНА,9,животе,0.2313
Блаже Конески,ПУСТИНА,10,безгласен,0.2236
Блаже Конески,ПЧЕЛАР,1,мој,0.2786
Блаже Конески,ПЧЕЛАР,2,зоврен,0.2128
Блаже Конески,ПЧЕЛАР,3,мат-мат-матице,0.2128
Блаже Конески,ПЧЕЛАР,4,матерка,0.2128
Блаже Конески,ПЧЕЛАР,5,надежен,0.2128
Блаже Конески,ПЧЕЛАР,6,пчелар,0.2128
Блаже Конески,ПЧЕЛАР,7,пчеларство,0.2128
Блаже Конески,ПЧЕЛАР,8,роен,0.2128
Блаже Конески,ПЧЕЛАР,9,сетува,0.2128
Блаже Конески,ПЧЕЛАР,10,детинство,0.2011
Блаже Конески,ПЧЕНИЦА,1,наднесува,0.2286
Блаже Конески,ПЧЕНИЦА,2,нажалува,0.2286
Блаже Конески,ПЧЕНИЦА,3,обгрне,0.2286
Блаже Конески,ПЧЕНИЦА,4,одушевува,0.2286
Блаже Конески,ПЧЕНИЦА,5,мислен,0.216
Блаже Конески,ПЧЕНИЦА,6,девојчински,0.2071
Блаже Конески,ПЧЕНИЦА,7,исправеност,0.2071
Блаже Конески,ПЧЕНИЦА,8,испружен,0.2071
Блаже Конески,ПЧЕНИЦА,9,талас,0.2071
Блаже Конески,ПЧЕНИЦА,10,сцена,0.1945
Блаже Конески,Пеперуга,1,углед,0.3944
Блаже Конески,Пеперуга,2,посебен,0.2521
Блаже Конески,Пеперуга,3,убавина,0.2374
Блаже Конески,Пеперуга,4,мој,0.1821
Блаже Конески,Пеперуга,5,сети,0.1633
Блаже Конески,Пеперуга,6,восприемање,0.1391
Блаже Конески,Пеперуга,7,загрижен,0.1391
Блаже Конески,Пеперуга,8,заниме,0.1391
Блаже Конески,Пеперуга,9,нажалост,0.1391
Блаже Конески,Пеперуга,10,обврзан,0.1391
Блаже Конески,Питачи,1,надеж,0.1989
Блаже Конески,Питачи,2,иасмевка,0.179
Блаже Конески,Питачи,3,илузорен,0.179
Блаже Конески,Питачи,4,интониран,0.179
Блаже Конески,Питачи,5,мачио,0.179
Блаже Конески,Питачи,6,надоваме,0.179
Блаже Конески,Питачи,7,наклоност,0.179
Блаже Конески,Питачи,8,питачои,0.179
Блаже Конески,Питачи,9,пршхадне,0.179
Блаже Конески,Питачи,10,сосле,0.179
Блаже Конески,Планина,1,еге,0.2275
Блаже Конески,Планина,2,здави,0.2275
Блаже Конески,Планина,3,преколи,0.2275
Блаже Конески,Планина,4,рудино,0.2275
Блаже Конески,Планина,5,скрама,0.2275
Блаже Конески,Планина,6,стружи,0.2275
Блаже Конески,Планина,7,лишај,0.215
Блаже Конески,Планина,8,планин,0.215
Блаже Конески,Планина,9,основен,0.2061
Блаже Конески,Планина,10,струга,0.2061
Блаже Конески,Поглед,1,матен,0.4228
Блаже Конески,Поглед,2,длаба,0.3972
Блаже Конески,Поглед,3,небо,0.3169
Блаже Конески,Поглед,4,натаму,0.2788
Блаже Конески,Поглед,5,сè,0.2339
Блаже Конески,Поглед,6,ист,0.2176
Блаже Конески,Поглед,7,поглед,0.2005
Блаже Конески,Поглед,8,забие,0.1986
Блаже Конески,Поглед,9,посока,0.1986
Блаже Конески,Поглед,10,проникне,0.1877
Блаже Конески,Порака,1,сојот,0.3824
Блаже Конески,Порака,2,умрен,0.3614
Блаже Конески,Порака,3,трпка,0.3254
Блаже Конески,Порака,4,уште,0.3089
Блаже Конески,Порака,5,умирање,0.2989
Блаже Конески,Порака,6,утроба,0.2604
Блаже Конески,Порака,7,трае,0.2325
Блаже Конески,Порака,8,туѓ,0.2296
Блаже Конески,Порака,9,плод,0.2134
Блаже Конески,Порака,10,дете,0.1832
Блаже Конески,Превалец,1,заблудани,0.2218
Блаже Конески,Превалец,2,превалец,0.2218
Блаже Конески,Превалец,3,силуета,0.2218
Блаже Конески,Превалец,4,бесповратно,0.2096
Блаже Конески,Превалец,5,дооден,0.2096
Блаже Конески,Превалец,6,попаѓа,0.2096
Блаже Конески,Превалец,7,постанат,0.2096
Блаже Конески,Превалец,8,прашиште,0.2096
Блаже Конески,Превалец,9,непца,0.2009
Блаже Конески,Превалец,10,вител,0.1887
Блаже Конески,Пред годишнината на татковата смрт,1,нива,0.3503
Блаже Конески,Пред годишнината на татковата смрт,2,мајка,0.2681
Блаже Конески,Пред годишнината на татковата смрт,3,зајачи,0.2468
Блаже Конески,Пред годишнината на татковата смрт,4,потресе,0.2468
Блаже Конески,Пред годишнината на татковата смрт,5,тажачка,0.2468
Блаже Конески,Пред годишнината на татковата смрт,6,покојник,0.2332
Блаже Конески,Пред годишнината на татковата смрт,7,бел,0.2101
Блаже Конески,Пред годишнината на татковата смрт,8,залуден,0.21
Блаже Конески,Пред годишнината на татковата смрт,9,наш,0.1998
Блаже Конески,Пред годишнината на татковата смрт,10,бајрак,0.1964
Блаже Конески,Преживување,1,некаков,0.6786
Блаже Конески,Преживување,2,каков,0.3714
Блаже Конески,Преживување,3,безрасудно,0.1868
Блаже Конески,Преживување,4,изртува,0.1868
Блаже Конески,Преживување,5,крепе,0.1868
Блаже Конески,Преживување,6,површност,0.1868
Блаже Конески,Преживување,7,поруга,0.1868
Блаже Конески,Преживување,8,помага,0.1636
Блаже Конески,Преживување,9,порази,0.1636
Блаже Конески,Преживување,10,свртува,0.1636
Блаже Конески,Претходница,1,нискост,0.3043
Блаже Конески,Претходница,2,гадост,0.2876
Блаже Конески,Претходница,3,лудост,0.2876
Блаже Конески,Претходница,4,блискост,0.2757
Блаже Конески,Претходница,5,предавство,0.2757
Блаже Конески,Претходница,6,доживее,0.2526
Блаже Конески,Претходница,7,пустош,0.2526
Блаже Конески,Претходница,8,плати,0.2422
Блаже Конески,Претходница,9,случува,0.2379
Блаже Конески,Претходница,10,бес,0.234
Блаже Конески,РАЗГОВОР,1,монолог,0.3718
Блаже Конески,РАЗГОВОР,2,жие,0.1859
Блаже Конески,РАЗГОВОР,3,заклае,0.1859
Блаже Конески,РАЗГОВОР,4,операција,0.1859
Блаже Конески,РАЗГОВОР,5,опита,0.1859
Блаже Конески,РАЗГОВОР,6,проде,0.1859
Блаже Конески,РАЗГОВОР,7,сра,0.1859
Блаже Конески,РАЗГОВОР,8,мота,0.1757
Блаже Конески,РАЗГОВОР,9,прашиште,0.1757
Блаже Конески,РАЗГОВОР,10,суштествува,0.1757
Блаже Конески,РАЗДЕЛБА,1,препречи,0.4717
Блаже Конески,РАЗДЕЛБА,2,види,0.2278
Блаже Конески,РАЗДЕЛБА,3,заборава,0.2266
Блаже Конески,РАЗДЕЛБА,4,пат,0.2225
Блаже Конески,РАЗДЕЛБА,5,тажен,0.2137
Блаже Конески,РАЗДЕЛБА,6,вели,0.1808
Блаже Конески,РАЗДЕЛБА,7,никогаш,0.1785
Блаже Конески,РАЗДЕЛБА,8,може,0.177
Блаже Конески,РАЗДЕЛБА,9,призрачје,0.1664
Блаже Конески,РАЗДЕЛБА,10,стварно,0.1664
Блаже Конески,РАМНИНА,1,жена,0.2228
Блаже Конески,РАМНИНА,2,замаглица,0.2077
Блаже Конески,РАМНИНА,3,истае,0.2077
Блаже Конески,РАМНИНА,4,напласти,0.2077
Блаже Конески,РАМНИНА,5,правје,0.2077
Блаже Конески,РАМНИНА,6,престегнат,0.2077
Блаже Конески,РАМНИНА,7,прпела,0.2077
Блаже Конески,РАМНИНА,8,раван,0.2077
Блаже Конески,РАМНИНА,9,рамнино,0.2077
Блаже Конески,РАМНИНА,10,рзак,0.2077
Блаже Конески,РЕКА,1,мојав,0.5049
Блаже Конески,РЕКА,2,река,0.3185
Блаже Конески,РЕКА,3,плавна,0.3041
Блаже Конески,РЕКА,4,мускул,0.2755
Блаже Конески,РЕКА,5,шиба,0.2663
Блаже Конески,РЕКА,6,нагоре,0.2469
Блаже Конески,РЕКА,7,надолу,0.2421
Блаже Конески,РЕКА,8,спушти,0.2377
Блаже Конески,РЕКА,9,спокоен,0.2338
Блаже Конески,РЕКА,10,благ,0.2016
Блаже Конески,РЕКИ,1,изрази,0.4349
Блаже Конески,РЕКИ,2,гласно,0.3898
Блаже Конески,РЕКИ,3,јасно,0.3582
Блаже Конески,РЕКИ,4,матен,0.3407
Блаже Конески,РЕКИ,5,пушти,0.2995
Блаже Конески,РЕКИ,6,тече,0.2731
Блаже Конески,РЕКИ,7,река,0.2514
Блаже Конески,РЕКИ,8,рече,0.2504
Блаже Конески,РЕКИ,9,мисли,0.2485
Блаже Конески,РЕКИ,10,знае,0.1835
Блаже Конески,РИБАР,1,богаташ,0.2646
Блаже Конески,РИБАР,2,кинисав,0.2646
Блаже Конески,РИБАР,3,парталав,0.2501
Блаже Конески,РИБАР,4,презре,0.2501
Блаже Конески,РИБАР,5,рибар,0.2501
Блаже Конески,РИБАР,6,сиромав,0.2501
Блаже Конески,РИБАР,7,однос,0.2397
Блаже Конески,РИБАР,8,притоа,0.2317
Блаже Конески,РИБАР,9,простува,0.2252
Блаже Конески,РИБАР,10,смешен,0.2197
Блаже Конески,РУЖА,1,ружо,0.4653
Блаже Конески,РУЖА,2,следа,0.3425
Блаже Конески,РУЖА,3,вечер,0.2747
Блаже Конески,РУЖА,4,дојде,0.2486
Блаже Конески,РУЖА,5,скрише,0.2327
Блаже Конески,РУЖА,6,девојченце,0.2199
Блаже Конески,РУЖА,7,цутен,0.2199
Блаже Конески,РУЖА,8,полјанка,0.2108
Блаже Конески,РУЖА,9,таи,0.2037
Блаже Конески,РУЖА,10,сака,0.1932
Блаже Конески,Разговор,1,некаков,0.3797
Блаже Конески,Разговор,2,измисли,0.2964
Блаже Конески,Разговор,3,можеби,0.2944
Блаже Конески,Разговор,4,разговор,0.242
Блаже Конески,Разговор,5,вклопи,0.1742
Блаже Конески,Разговор,6,малцине,0.1742
Блаже Конески,Разговор,7,објаснување,0.1742
Блаже Конески,Разговор,8,подем,0.1742
Блаже Конески,Разговор,9,правдање,0.1742
Блаже Конески,Разговор,10,прикладен,0.1742
Блаже Конески,Разговор со детенце,1,поточе,0.2525
Блаже Конески,Разговор со детенце,2,славејче,0.2525
Блаже Конески,Разговор со детенце,3,узводен,0.2525
Блаже Конески,Разговор со детенце,4,одвреме-навреме,0.2386
Блаже Конески,Разговор со детенце,5,спотне,0.2386
Блаже Конески,Разговор со детенце,6,грижен,0.2288
Блаже Конески,Разговор со детенце,7,стивнува,0.2149
Блаже Конески,Разговор со детенце,8,патник,0.201
Блаже Конески,Разговор со детенце,9,враќање,0.1941
Блаже Конески,Разговор со детенце,10,шуми,0.1911
Блаже Конески,Разделба,1,препречи,0.5398
Блаже Конески,Разделба,2,биди,0.3808
Блаже Конески,Разделба,3,заборава,0.2593
Блаже Конески,Разделба,4,пат,0.2546
Блаже Конески,Разделба,5,тажен,0.2445
Блаже Конески,Разделба,6,вели,0.2069
Блаже Конески,Разделба,7,никогаш,0.2043
Блаже Конески,Разделба,8,може,0.2025
Блаже Конески,Разделба,9,градој,0.1799
Блаже Конески,Разделба,10,мостој,0.1799
Блаже Конески,Распетие,1,лозо,0.5515
Блаже Конески,Распетие,2,оскверне,0.2758
Блаже Конески,Распетие,3,распетие,0.2758
Блаже Конески,Распетие,4,мизерен,0.2498
Блаже Конески,Распетие,5,одар,0.2415
Блаже Конески,Распетие,6,подарок,0.2415
Блаже Конески,Распетие,7,кутар,0.2289
Блаже Конески,Распетие,8,загубен,0.2087
Блаже Конески,Распетие,9,род,0.198
Блаже Конески,Распетие,10,кревет,0.1957
Блаже Конески,Ревматизам,1,удири,0.633
Блаже Конески,Ревматизам,2,анѓел,0.211
Блаже Конески,Ревматизам,3,глето,0.211
Блаже Конески,Ревматизам,4,заповедан,0.211
Блаже Конески,Ревматизам,5,мави,0.211
Блаже Конески,Ревматизам,6,закрепне,0.1994
Блаже Конески,Ревматизам,7,нареден,0.1912
Блаже Конески,Ревматизам,8,заморен,0.1848
Блаже Конески,Ревматизам,9,едноличен,0.1795
Блаже Конески,Ревматизам,10,десно,0.1751
Блаже Конески,Ризница,1,одвлекува,0.3643
Блаже Конески,Ризница,2,ризница,0.3643
Блаже Конески,Ризница,3,потаен,0.3442
Блаже Конески,Ризница,4,паричка,0.33
Блаже Конески,Ризница,5,лажен,0.28
Блаже Конески,Ризница,6,натаму,0.2557
Блаже Конески,Ризница,7,неколку,0.2458
Блаже Конески,Ризница,8,говор,0.2273
Блаже Конески,Ризница,9,остави,0.215
Блаже Конески,Ризница,10,гроб,0.2072
Блаже Конески,Ружа,1,цути,0.3752
Блаже Конески,Ружа,2,ружа,0.2179
Блаже Конески,Ружа,3,цвет,0.2039
Блаже Конески,Ружа,4,дал,0.16
Блаже Конески,Ружа,5,денеока,0.16
Блаже Конески,Ружа,6,длабак,0.16
Блаже Конески,Ружа,7,дрои,0.16
Блаже Конески,Ружа,8,извонредно,0.16
Блаже Конески,Ружа,9,ио,0.16
Блаже Конески,Ружа,10,месечарка,0.16
Блаже Конески,СКОПЈЕ,1,век,0.2161
Блаже Конески,СКОПЈЕ,2,водоскок,0.1945
Блаже Конески,СКОПЈЕ,3,газибаба,0.1945
Блаже Конески,СКОПЈЕ,4,ммел,0.1945
Блаже Конески,СКОПЈЕ,5,потомче,0.1945
Блаже Конески,СКОПЈЕ,6,премрежен,0.1945
Блаже Конески,СКОПЈЕ,7,единство,0.1838
Блаже Конески,СКОПЈЕ,8,кров,0.1838
Блаже Конески,СКОПЈЕ,9,малце,0.1838
Блаже Конески,СКОПЈЕ,10,видовит,0.1762
Блаже Конески,СЛУЖБА,1,ведно,0.315
Блаже Конески,СЛУЖБА,2,милозлива,0.315
Блаже Конески,СЛУЖБА,3,служба,0.2977
Блаже Конески,СЛУЖБА,4,дружба,0.2854
Блаже Конески,СЛУЖБА,5,нужен,0.2758
Блаже Конески,СЛУЖБА,6,чуда,0.2758
Блаже Конески,СЛУЖБА,7,дарува,0.2558
Блаже Конески,СЛУЖБА,8,доволен,0.2558
Блаже Конески,СЛУЖБА,9,руши,0.2318
Блаже Конески,СЛУЖБА,10,луд,0.2188
Блаже Конески,СМЕА,1,станат,0.3864
Блаже Конески,СМЕА,2,врволица,0.3652
Блаже Конески,СМЕА,3,песочен,0.3652
Блаже Конески,СМЕА,4,суводолица,0.3384
Блаже Конески,СМЕА,5,секне,0.3208
Блаже Конески,СМЕА,6,некако,0.3021
Блаже Конески,СМЕА,7,гине,0.2844
Блаже Конески,СМЕА,8,смеа,0.2657
Блаже Конески,СМЕА,9,жеден,0.2562
Блаже Конески,СМЕА,10,далечина,0.2411
Блаже Конески,СМРТНА ПЕСНА,1,надвор,0.3495
Блаже Конески,СМРТНА ПЕСНА,2,истинат,0.343
Блаже Конески,СМРТНА ПЕСНА,3,стресен,0.3288
Блаже Конески,СМРТНА ПЕСНА,4,нечуен,0.2889
Блаже Конески,СМРТНА ПЕСНА,5,вик,0.279
Блаже Конески,СМРТНА ПЕСНА,6,дој,0.1815
Блаже Конески,СМРТНА ПЕСНА,7,забóрај,0.1815
Блаже Конески,СМРТНА ПЕСНА,8,спомниш,0.1815
Блаже Конески,СМРТНА ПЕСНА,9,тура,0.1815
Блаже Конески,СМРТНА ПЕСНА,10,мрак,0.1723
Блаже Конески,СНЕГ,1,снег,0.3595
Блаже Конески,СНЕГ,2,бел,0.2792
Блаже Конески,СНЕГ,3,белокрил,0.2067
Блаже Конески,СНЕГ,4,мразна,0.2067
Блаже Конески,СНЕГ,5,осуда,0.2067
Блаже Конески,СНЕГ,6,привичен,0.2067
Блаже Конески,СНЕГ,7,спрема,0.2067
Блаже Конески,СНЕГ,8,завева,0.1981
Блаже Конески,СНЕГ,9,нозеве,0.1981
Блаже Конески,СНЕГ,10,едноличен,0.1861
Блаже Конески,СОН,1,коприна,0.3321
Блаже Конески,СОН,2,приказен,0.3321
Блаже Конески,СОН,3,ткам,0.3321
Блаже Конески,СОН,4,далечен,0.2924
Блаже Конески,СОН,5,проѕирен,0.2478
Блаже Конески,СОН,6,свила,0.2414
Блаже Конески,СОН,7,ѕвезден,0.2132
Блаже Конески,СОН,8,мил,0.2058
Блаже Конески,СОН,9,јасен,0.2019
Блаже Конески,СОН,10,мине,0.1677
Блаже Конески,СОНЧЕВА КОЛОНА,1,син,0.2135
Блаже Конески,СОНЧЕВА КОЛОНА,2,мајка,0.1758
Блаже Конески,СОНЧЕВА КОЛОНА,3,штик,0.1618
Блаже Конески,СОНЧЕВА КОЛОНА,4,таму,0.1575
Блаже Конески,СОНЧЕВА КОЛОНА,5,колона,0.1466
Блаже Конески,СОНЧЕВА КОЛОНА,6,ред.,0.1466
Блаже Конески,СОНЧЕВА КОЛОНА,7,стражар,0.1417
Блаже Конески,СОНЧЕВА КОЛОНА,8,строј,0.1417
Блаже Конески,СОНЧЕВА КОЛОНА,9,крвник,0.1377
Блаже Конески,СОНЧЕВА КОЛОНА,10,горски,0.1244
Блаже Конески,СПОМЕН ЗА СЛАВЕЈ,1,заден,0.2856
Блаже Конески,СПОМЕН ЗА СЛАВЕЈ,2,вишен,0.275
Блаже Конески,СПОМЕН ЗА СЛАВЕЈ,3,час,0.2125
Блаже Конески,СПОМЕН ЗА СЛАВЕЈ,4,цвеќе,0.2065
Блаже Конески,СПОМЕН ЗА СЛАВЕЈ,5,златас,0.1759
Блаже Конески,СПОМЕН ЗА СЛАВЕЈ,6,лака,0.1759
Блаже Конески,СПОМЕН ЗА СЛАВЕЈ,7,малесорка,0.1759
Блаже Конески,СПОМЕН ЗА СЛАВЕЈ,8,намерив,0.1759
Блаже Конески,СПОМЕН ЗА СЛАВЕЈ,9,рудина,0.1662
Блаже Конески,СПОМЕН ЗА СЛАВЕЈ,10,спомни,0.1662
Блаже Конески,СТАРАТА,1,сокаче,0.4869
Блаже Конески,СТАРАТА,2,кротко,0.4143
Блаже Конески,СТАРАТА,3,темница,0.3418
Блаже Конески,СТАРАТА,4,дише,0.3316
Блаже Конески,СТАРАТА,5,порта,0.2706
Блаже Конески,СТАРАТА,6,запира,0.155
Блаже Конески,СТАРАТА,7,збрае,0.0974
Блаже Конески,СТАРАТА,8,надвикува,0.0974
Блаже Конески,СТАРАТА,9,поседи,0.0974
Блаже Конески,СТАРАТА,10,прибраде,0.0974
Блаже Конески,СТЕБЛО,1,жолто-златен,0.2233
Блаже Конески,СТЕБЛО,2,обиколи,0.2233
Блаже Конески,СТЕБЛО,3,приземен,0.2233
Блаже Конески,СТЕБЛО,4,умреме,0.2233
Блаже Конески,СТЕБЛО,5,побегне,0.211
Блаже Конески,СТЕБЛО,6,скелет,0.211
Блаже Конески,СТЕБЛО,7,јагленосан,0.211
Блаже Конески,СТЕБЛО,8,пречекори,0.2023
Блаже Конески,СТЕБЛО,9,трепети,0.2023
Блаже Конески,СТЕБЛО,10,труп,0.1955
Блаже Конески,Саат,1,разбере,0.3071
Блаже Конески,Саат,2,идел,0.2164
Блаже Конески,Саат,3,коскива,0.2164
Блаже Конески,Саат,4,обрабува,0.2164
Блаже Конески,Саат,5,радио,0.2164
Блаже Конески,Саат,6,тавре,0.2164
Блаже Конески,Саат,7,чевре,0.2164
Блаже Конески,Саат,8,шивачки,0.2164
Блаже Конески,Саат,9,штракање,0.2164
Блаже Конески,Саат,10,џепче,0.2164
Блаже Конески,Себесоздавање,1,заемен,0.2312
Блаже Конески,Себесоздавање,2,наново,0.2312
Блаже Конески,Себесоздавање,3,призрачен,0.2312
Блаже Конески,Себесоздавање,4,притворство,0.2312
Блаже Конески,Себесоздавање,5,измислува,0.2185
Блаже Конески,Себесоздавање,6,виси,0.2095
Блаже Конески,Себесоздавање,7,зграда,0.2095
Блаже Конески,Себесоздавање,8,неоткриен,0.2095
Блаже Конески,Себесоздавање,9,неочекувано,0.2095
Блаже Конески,Себесоздавање,10,гради,0.2025
Блаже Конески,Снег,1,снег,0.3595
Блаже Конески,Снег,2,бел,0.2792
Блаже Конески,Снег,3,белокрил,0.2067
Блаже Конески,Снег,4,мразна,0.2067
Блаже Конески,Снег,5,осуда,0.2067
Блаже Конески,Снег,6,привичен,0.2067
Блаже Конески,Снег,7,спрема,0.2067
Блаже Конески,Снег,8,завева,0.1981
Блаже Конески,Снег,9,нозеве,0.1981
Блаже Конески,Снег,10,едноличен,0.1861
Блаже Конески,Сонот,1,варовник,0.389
Блаже Конески,Сонот,2,напрега,0.3676
Блаже Конески,Сонот,3,детински,0.3311
Блаже Конески,Сонот,4,тек,0.3097
Блаже Конески,Сонот,5,разбере,0.2761
Блаже Конески,Сонот,6,подземен,0.2601
Блаже Конески,Сонот,7,тешко,0.2601
Блаже Конески,Сонот,8,дна,0.2444
Блаже Конески,Сонот,9,далечен,0.2284
Блаже Конески,Сонот,10,извор,0.2113
Блаже Конески,Спомен,1,клапен,0.2799
Блаже Конески,Спомен,2,снага,0.2479
Блаже Конески,Спомен,3,сега,0.2256
Блаже Конески,Спомен,4,може,0.1985
Блаже Конески,Спомен,5,спомена,0.1965
Блаже Конески,Спомен,6,спомен,0.1681
Блаже Конески,Спомен,7,твој,0.1576
Блаже Конески,Спомен,8,впечаток,0.14
Блаже Конески,Спомен,9,зажали,0.14
Блаже Конески,Спомен,10,лозница,0.14
Блаже Конески,Спомен по многу години,1,мака,0.4228
Блаже Конески,Спомен по многу години,2,смачкан,0.3697
Блаже Конески,Спомен по многу години,3,рика,0.3238
Блаже Конески,Спомен по многу години,4,племе,0.3069
Блаже Конески,Спомен по многу години,5,роден,0.2291
Блаже Конески,Спомен по многу години,6,ист,0.2026
Блаже Конески,Спомен по многу години,7,искус,0.1849
Блаже Конески,Спомен по многу години,8,неполен,0.1849
Блаже Конески,Спомен по многу години,9,подложен,0.1849
Блаже Конески,Спомен по многу години,10,сејач,0.1849
Блаже Конески,Струмиче,1,струмиче,0.2955
Блаже Конески,Струмиче,2,есента,0.231
Блаже Конески,Струмиче,3,жолт,0.1976
Блаже Конески,Струмиче,4,мек,0.1754
Блаже Конески,Струмиче,5,влакнеце,0.1478
Блаже Конески,Струмиче,6,зачекори,0.1478
Блаже Конески,Струмиче,7,оцртува,0.1478
Блаже Конески,Струмиче,8,развие,0.1478
Блаже Конески,Струмиче,9,реса,0.1478
Блаже Конески,Струмиче,10,самосвесен,0.1478
Блаже Конески,Студ,1,мрзне,0.2966
Блаже Конески,Студ,2,сосем,0.2666
Блаже Конески,Студ,3,студ,0.2294
Блаже Конески,Студ,4,боти,0.1786
Блаже Конески,Студ,5,еадвор,0.1786
Блаже Конески,Студ,6,затоплен,0.1786
Блаже Конески,Студ,7,игличка,0.1786
Блаже Конески,Студ,8,меие,0.1786
Блаже Конески,Студ,9,мрзие,0.1786
Блаже Конески,Студ,10,писки,0.1786
Блаже Конески,Суша,1,пека,0.3362
Блаже Конески,Суша,2,поврага,0.2253
Блаже Конески,Суша,3,растенија,0.2253
Блаже Конески,Суша,4,туку-така,0.2253
Блаже Конески,Суша,5,пек,0.2129
Блаже Конески,Суша,6,показ,0.2129
Блаже Конески,Суша,7,спржен,0.2129
Блаже Конески,Суша,8,запуштен,0.2041
Блаже Конески,Суша,9,исцеди,0.2041
Блаже Конески,Суша,10,обилен,0.2041
Блаже Конески,ТАЈНА,1,гробно,0.5139
Блаже Конески,ТАЈНА,2,крије,0.4017
Блаже Конески,ТАЈНА,3,открие,0.3689
Блаже Конески,ТАЈНА,4,лесен,0.3275
Блаже Конески,ТАЈНА,5,тајна,0.2909
Блаже Конески,ТАЈНА,6,мал,0.2701
Блаже Конески,ТАЈНА,7,стане,0.2641
Блаже Конески,ТАЈНА,8,песна,0.2034
Блаже Конески,ТАЈНА,9,твој,0.1928
Блаже Конески,ТАЈНА,10,еден,0.1594
Блаже Конески,ТЕШКОТО,1,оро,0.2778
Блаже Конески,ТЕШКОТО,2,век,0.2198
Блаже Конески,ТЕШКОТО,3,тежок,0.2072
Блаже Конески,ТЕШКОТО,4,издржи,0.1547
Блаже Конески,ТЕШКОТО,5,залула,0.1319
Блаже Конески,ТЕШКОТО,6,сè,0.1295
Блаже Конески,ТЕШКОТО,7,чиниш,0.1195
Блаже Конески,ТЕШКОТО,8,чекор,0.1168
Блаже Конески,ТЕШКОТО,9,робја,0.1155
Блаже Конески,ТЕШКОТО,10,тапан,0.1095
Блаже Конески,ТИШИНА,1,склопи,0.3363
Блаже Конески,ТИШИНА,2,прост,0.3303
Блаже Конески,ТИШИНА,3,сек,0.3248
Блаже Конески,ТИШИНА,4,зошто,0.2336
Блаже Конески,ТИШИНА,5,толку,0.2118
Блаже Конески,ТИШИНА,6,птица,0.2063
Блаже Конески,ТИШИНА,7,збивање,0.1996
Блаже Конески,ТИШИНА,8,вис,0.1914
Блаже Конески,ТИШИНА,9,вишина,0.1914
Блаже Конески,ТИШИНА,10,заспивање,0.1914
Блаже Конески,ТОРЕАДОР,1,омразо,0.4557
Блаже Конески,ТОРЕАДОР,2,бик,0.3877
Блаже Конески,ТОРЕАДОР,3,годиње,0.2278
Блаже Конески,ТОРЕАДОР,4,натиск,0.2278
Блаже Конески,ТОРЕАДОР,5,потклекне,0.2278
Блаже Конески,ТОРЕАДОР,6,рамнодушност,0.2153
Блаже Конески,ТОРЕАДОР,7,извива,0.1995
Блаже Конески,ТОРЕАДОР,8,тап,0.1995
Блаже Конески,ТОРЕАДОР,9,копите,0.1813
Блаже Конески,ТОРЕАДОР,10,морен,0.1813
Блаже Конески,Татковина,1,белега,0.1943
Блаже Конески,Татковина,2,обилие,0.1943
Блаже Конески,Татковина,3,пазариште,0.1943
Блаже Конески,Татковина,4,проретчен,0.1943
Блаже Конески,Татковина,5,сведи,0.1943
Блаже Конески,Татковина,6,стратегиски,0.1943
Блаже Конески,Татковина,7,татовина,0.1943
Блаже Конески,Татковина,8,дотаму,0.1836
Блаже Конески,Татковина,9,означи,0.1836
Блаже Конески,Татковина,10,раскошен,0.1836
Блаже Конески,Три крупни жени,1,крупен,0.3417
Блаже Конески,Три крупни жени,2,нивен,0.3405
Блаже Конески,Три крупни жени,3,жена,0.2093
Блаже Конески,Три крупни жени,4,следа,0.1915
Блаже Конески,Три крупни жени,5,блесок,0.189
Блаже Конески,Три крупни жени,6,риба,0.1724
Блаже Конески,Три крупни жени,7,езеро,0.1658
Блаже Конески,Три крупни жени,8,вода,0.1506
Блаже Конески,Три крупни жени,9,бутина,0.1301
Блаже Конески,Три крупни жени,10,паринка,0.1301
Блаже Конески,УБАВИТЕ ЖЕНИ,1,набрзо,0.2811
Блаже Конески,УБАВИТЕ ЖЕНИ,2,прецутува,0.2811
Блаже Конески,УБАВИТЕ ЖЕНИ,3,кајсија,0.2656
Блаже Конески,УБАВИТЕ ЖЕНИ,4,јоргован,0.2546
Блаже Конески,УБАВИТЕ ЖЕНИ,5,брзо,0.2282
Блаже Конески,УБАВИТЕ ЖЕНИ,6,жена,0.2261
Блаже Конески,УБАВИТЕ ЖЕНИ,7,мајски,0.2237
Блаже Конески,УБАВИТЕ ЖЕНИ,8,нивен,0.2208
Блаже Конески,УБАВИТЕ ЖЕНИ,9,цут,0.2097
Блаже Конески,УБАВИТЕ ЖЕНИ,10,убав,0.1483
Блаже Конески,УРНАТИНА,1,урнатина,0.5159
Блаже Конески,УРНАТИНА,2,безразлично,0.3031
Блаже Конески,УРНАТИНА,3,длабнатина,0.3031
Блаже Конески,УРНАТИНА,4,домаќин,0.2865
Блаже Конески,УРНАТИНА,5,гуштер,0.2746
Блаже Конески,УРНАТИНА,6,ете,0.2746
Блаже Конески,УРНАТИНА,7,стамен,0.2746
Блаже Конески,УРНАТИНА,8,мов,0.258
Блаже Конески,УРНАТИНА,9,жолт,0.2027
Блаже Конески,УРНАТИНА,10,зелен,0.181
Блаже Конески,УСПИВАЊЕ НА БОЛНО ДЕТЕ,1,сине,0.3699
Блаже Конески,УСПИВАЊЕ НА БОЛНО ДЕТЕ,2,нани,0.3575
Блаже Конески,УСПИВАЊЕ НА БОЛНО ДЕТЕ,3,саноќ,0.3191
Блаже Конески,УСПИВАЊЕ НА БОЛНО ДЕТЕ,4,мајчица,0.2041
Блаже Конески,УСПИВАЊЕ НА БОЛНО ДЕТЕ,5,нанкај,0.2041
Блаже Конески,УСПИВАЊЕ НА БОЛНО ДЕТЕ,6,пајажинана,0.1929
Блаже Конески,УСПИВАЊЕ НА БОЛНО ДЕТЕ,7,види,0.1863
Блаже Конески,УСПИВАЊЕ НА БОЛНО ДЕТЕ,8,пајак,0.1849
Блаже Конески,УСПИВАЊЕ НА БОЛНО ДЕТЕ,9,болно,0.1788
Блаже Конески,УСПИВАЊЕ НА БОЛНО ДЕТЕ,10,смири,0.1694
Блаже Конески,УТРО,1,посетител,0.2718
Блаже Конески,УТРО,2,ѕида,0.2336
Блаже Конески,УТРО,3,мајстор,0.2249
Блаже Конески,УТРО,4,парк,0.2117
Блаже Конески,УТРО,5,утрински,0.2042
Блаже Конески,УТРО,6,зрње,0.1438
Блаже Конески,УТРО,7,куќава,0.1438
Блаже Конески,УТРО,8,порасен,0.1438
Блаже Конески,УТРО,9,поросил,0.1438
Блаже Конески,УТРО,10,предусети,0.1438
Блаже Конески,ЧЕКАЊЕ,1,маргарета,0.5374
Блаже Конески,ЧЕКАЊЕ,2,улица,0.345
Блаже Конески,ЧЕКАЊЕ,3,пуст,0.3331
Блаже Конески,ЧЕКАЊЕ,4,вечер,0.3172
Блаже Конески,ЧЕКАЊЕ,5,лета,0.3155
Блаже Конески,ЧЕКАЊЕ,6,пролет,0.2971
Блаже Конески,ЧЕКАЊЕ,7,мине,0.2713
Блаже Конески,ЧЕКАЊЕ,8,чека,0.2599
Блаже Конески,ЧЕКАЊЕ,9,веќе,0.2272
Блаже Конески,ШТИП,1,поживее,0.3052
Блаже Конески,ШТИП,2,стен,0.3052
Блаже Конески,ШТИП,3,сувост,0.3052
Блаже Конески,ШТИП,4,пладневен,0.2765
Блаже Конески,ШТИП,5,расправа,0.2765
Блаже Конески,ШТИП,6,риде,0.2765
Блаже Конески,ШТИП,7,усмевка,0.2765
Блаже Конески,ШТИП,8,раскаже,0.243
Блаже Конески,ШТИП,9,стиснат,0.243
Блаже Конески,ШТИП,10,сив,0.2079
Блаже Конески,ШУМ,1,есенски,0.4779
Блаже Конески,ШУМ,2,шум,0.3915
Блаже Конески,ШУМ,3,попаднат,0.3002
Блаже Конески,ШУМ,4,бледна,0.2837
Блаже Конески,ШУМ,5,душо,0.272
Блаже Конески,ШУМ,6,почини,0.272
Блаже Конески,ШУМ,7,блуди,0.2629
Блаже Конески,ШУМ,8,приквечер,0.2629
Блаже Конески,ШУМ,9,лист,0.2181
Блаже Конески,ШУМ,10,немирен,0.2064
Блаже Конески,Штурци,1,допре,0.237
Блаже Конески,Штурци,2,августовски,0.1859
Блаже Конески,Штурци,3,битен,0.1859
Блаже Конески,Штурци,4,обрне,0.1859
Блаже Конески,Штурци,5,побога,0.1859
Блаже Конески,Штурци,6,подвлекува,0.1859
Блаже Конески,Штурци,7,постига,0.1859
Блаже Конески,Штурци,8,рамниште,0.1859
Блаже Конески,Штурци,9,скрит,0.1859
Блаже Конески,Штурци,10,созвучје,0.1859
Блаже Конески,’РЖ,1,некаков,0.3086
Блаже Конески,’РЖ,2,мавтање,0.2124
Блаже Конески,’РЖ,3,нескладен,0.2124
Блаже Конески,’РЖ,4,подведен,0.2124
Блаже Конески,’РЖ,5,потресување,0.2124
Блаже Конески,’РЖ,6,спокојност,0.2124
Блаже Конески,’РЖ,7,длабински,0.2007
Блаже Конески,’РЖ,8,молитвен,0.2007
Блаже Конески,’РЖ,9,помиреност,0.2007
Блаже Конески,’РЖ,10,шепотен,0.2007
Богомил Ѓузел,"1, Lady Road, Edinburgh 9.",1,сé,0.4869
Богомил Ѓузел,"1, Lady Road, Edinburgh 9.",2,негов,0.2436
Богомил Ѓузел,"1, Lady Road, Edinburgh 9.",3,тука,0.171
Богомил Ѓузел,"1, Lady Road, Edinburgh 9.",4,море,0.1671
Богомил Ѓузел,"1, Lady Road, Edinburgh 9.",5,потем,0.166
Богомил Ѓузел,"1, Lady Road, Edinburgh 9.",6,посејдон,0.1617
Богомил Ѓузел,"1, Lady Road, Edinburgh 9.",7,морски,0.1456
Богомил Ѓузел,"1, Lady Road, Edinburgh 9.",8,уште,0.1382
Богомил Ѓузел,"1, Lady Road, Edinburgh 9.",9,клучив,0.1213
Богомил Ѓузел,"1, Lady Road, Edinburgh 9.",10,сениште,0.1124
Богомил Ѓузел,I,1,лулка,0.2148
Богомил Ѓузел,I,2,исфрли,0.196
Богомил Ѓузел,I,3,наш,0.1864
Богомил Ѓузел,I,4,врати,0.1744
Богомил Ѓузел,I,5,исфрлен,0.1727
Богомил Ѓузел,I,6,раѓање,0.154
Богомил Ѓузел,I,7,навистина,0.1479
Богомил Ѓузел,I,8,живот,0.1323
Богомил Ѓузел,I,9,срце,0.128
Богомил Ѓузел,I,10,многу,0.1225
Богомил Ѓузел,II,1,самне,0.2195
Богомил Ѓузел,II,2,понизен,0.2105
Богомил Ѓузел,II,3,свој,0.2006
Богомил Ѓузел,II,4,казни,0.1549
Богомил Ѓузел,II,5,корус,0.1549
Богомил Ѓузел,II,6,ден,0.1494
Богомил Ѓузел,II,7,живот,0.1483
Богомил Ѓузел,II,8,бич,0.1464
Богомил Ѓузел,II,9,поранешен,0.1356
Богомил Ѓузел,II,10,сонце,0.127
Богомил Ѓузел,III,1,наш,0.236
Богомил Ѓузел,III,2,светлина,0.2208
Богомил Ѓузел,III,3,фасада,0.2204
Богомил Ѓузел,III,4,непознат,0.1886
Богомил Ѓузел,III,5,може,0.1861
Богомил Ѓузел,III,6,камен,0.1527
Богомил Ѓузел,III,7,навистина,0.1497
Богомил Ѓузел,III,8,живот,0.134
Богомил Ѓузел,III,9,зрак,0.1284
Богомил Ѓузел,III,10,прости,0.1228
Богомил Ѓузел,IV,1,момент,0.2751
Богомил Ѓузел,IV,2,непознат,0.2236
Богомил Ѓузел,IV,3,смрт,0.1739
Богомил Ѓузел,IV,4,воздух,0.1477
Богомил Ѓузел,IV,5,дојде,0.1477
Богомил Ѓузел,IV,6,воздржување,0.1383
Богомил Ѓузел,IV,7,неизарчлив,0.1383
Богомил Ѓузел,IV,8,поминливост,0.1383
Богомил Ѓузел,IV,9,управен,0.1383
Богомил Ѓузел,IV,10,крик,0.1363
Богомил Ѓузел,IX,1,назад,0.2777
Богомил Ѓузел,IX,2,веќе,0.1815
Богомил Ѓузел,IX,3,кајшто,0.156
Богомил Ѓузел,IX,4,пеење,0.141
Богомил Ѓузел,IX,5,напушта,0.1307
Богомил Ѓузел,IX,6,рно,0.1281
Богомил Ѓузел,IX,7,океан,0.1218
Богомил Ѓузел,IX,8,постоење,0.113
Богомил Ѓузел,IX,9,наш,0.1086
Богомил Ѓузел,IX,10,загризем,0.1073
Богомил Ѓузел,V,1,нашт,0.1624
Богомил Ѓузел,V,2,тогаш,0.1515
Богомил Ѓузел,V,3,карта,0.1467
Богомил Ѓузел,V,4,зиме,0.1444
Богомил Ѓузел,V,5,можеби,0.1433
Богомил Ѓузел,V,6,грозен,0.1424
Богомил Ѓузел,V,7,срце,0.1414
Богомил Ѓузел,V,8,залез,0.137
Богомил Ѓузел,V,9,секогаш,0.1327
Богомил Ѓузел,V,10,неправ,0.1272
Богомил Ѓузел,VI,1,годишен,0.2112
Богомил Ѓузел,VI,2,многу,0.1781
Богомил Ѓузел,VI,3,близу,0.1737
Богомил Ѓузел,VI,4,добие,0.1608
Богомил Ѓузел,VI,5,кацне,0.1395
Богомил Ѓузел,VI,6,сал,0.1375
Богомил Ѓузел,VI,7,лето,0.1364
Богомил Ѓузел,VI,8,птица,0.1362
Богомил Ѓузел,VI,9,променет,0.1318
Богомил Ѓузел,VI,10,пат,0.1243
Богомил Ѓузел,VII,1,потем,0.3006
Богомил Ѓузел,VII,2,збор,0.1592
Богомил Ѓузел,VII,3,можеби,0.1496
Богомил Ѓузел,VII,4,дави,0.1486
Богомил Ѓузел,VII,5,толку,0.1331
Богомил Ѓузел,VII,6,поарчи,0.1255
Богомил Ѓузел,VII,7,испразни,0.1203
Богомил Ѓузел,VII,8,континент,0.1203
Богомил Ѓузел,VII,9,човештина,0.1203
Богомил Ѓузел,VII,10,човек,0.116
Богомил Ѓузел,VIII,1,стапка,0.3436
Богомил Ѓузел,VIII,2,камен,0.156
Богомил Ѓузел,VIII,3,врв,0.1556
Богомил Ѓузел,VIII,4,завршува,0.1546
Богомил Ѓузел,VIII,5,растење,0.1546
Богомил Ѓузел,VIII,6,рид,0.1539
Богомил Ѓузел,VIII,7,може,0.132
Богомил Ѓузел,VIII,8,постоење,0.1307
Богомил Ѓузел,VIII,9,недела,0.1236
Богомил Ѓузел,VIII,10,потем,0.1205
Богомил Ѓузел,Бдеење,1,затвора,0.3069
Богомил Ѓузел,Бдеење,2,магнетисува,0.2085
Богомил Ѓузел,Бдеење,3,чкрип,0.2085
Богомил Ѓузел,Бдеење,4,слуша,0.2055
Богомил Ѓузел,Бдеење,5,запалува,0.197
Богомил Ѓузел,Бдеење,6,лебец,0.197
Богомил Ѓузел,Бдеење,7,предвреме,0.197
Богомил Ѓузел,Бдеење,8,алкохол,0.1825
Богомил Ѓузел,Бдеење,9,бессоница,0.1825
Богомил Ѓузел,Бдеење,10,дуќан,0.1825
Богомил Ѓузел,Во глуво доба од ноќта,1,врата,0.2757
Богомил Ѓузел,Во глуво доба од ноќта,2,инкубација,0.2267
Богомил Ѓузел,Во глуво доба од ноќта,3,чудовишно,0.2267
Богомил Ѓузел,Во глуво доба од ноќта,4,променет,0.2143
Богомил Ѓузел,Во глуво доба од ноќта,5,топ,0.2143
Богомил Ѓузел,Во глуво доба од ноќта,6,чукање,0.2054
Богомил Ѓузел,Во глуво доба од ноќта,7,брмчи,0.1985
Богомил Ѓузел,Во глуво доба од ноќта,8,спремен,0.1929
Богомил Ѓузел,Во глуво доба од ноќта,9,управува,0.1929
Богомил Ѓузел,Во глуво доба од ноќта,10,друг,0.1866
Богомил Ѓузел,Како горе така доле,1,озгора,0.2961
Богомил Ѓузел,Како горе така доле,2,знае,0.2585
Богомил Ѓузел,Како горе така доле,3,надоле,0.2254
Богомил Ѓузел,Како горе така доле,4,горе,0.2139
Богомил Ѓузел,Како горе така доле,5,оздола,0.1918
Богомил Ѓузел,Како горе така доле,6,гасне,0.1482
Богомил Ѓузел,Како горе така доле,7,прави,0.1176
Богомил Ѓузел,Како горе така доле,8,болсне,0.1127
Богомил Ѓузел,Како горе така доле,9,душите-светулка,0.1127
Богомил Ѓузел,Како горе така доле,10,засади,0.1127
Богомил Ѓузел,"Лондон, Hова година 1965",1,нашт,0.2434
Богомил Ѓузел,"Лондон, Hова година 1965",2,наш,0.2315
Богомил Ѓузел,"Лондон, Hова година 1965",3,четка,0.2162
Богомил Ѓузел,"Лондон, Hова година 1965",4,заб,0.2134
Богомил Ѓузел,"Лондон, Hова година 1965",5,сé,0.2003
Богомил Ѓузел,"Лондон, Hова година 1965",6,јазик,0.1889
Богомил Ѓузел,"Лондон, Hова година 1965",7,уште,0.1617
Богомил Ѓузел,"Лондон, Hова година 1965",8,чини,0.1589
Богомил Ѓузел,"Лондон, Hова година 1965",9,крв,0.1379
Богомил Ѓузел,"Лондон, Hова година 1965",10,природа,0.1218
Богомил Ѓузел,"Лондон, Нова година 1965",1,живее,0.2692
Богомил Ѓузел,"Лондон, Нова година 1965",2,живеачка,0.1834
Богомил Ѓузел,"Лондон, Нова година 1965",3,мошне,0.1834
Богомил Ѓузел,"Лондон, Нова година 1965",4,отаде,0.1834
Богомил Ѓузел,"Лондон, Нова година 1965",5,фали,0.1722
Богомил Ѓузел,"Лондон, Нова година 1965",6,ил,0.168
Богомил Ѓузел,"Лондон, Нова година 1965",7,бесконечен,0.1643
Богомил Ѓузел,"Лондон, Нова година 1965",8,најде,0.1622
Богомил Ѓузел,"Лондон, Нова година 1965",9,скршен,0.1406
Богомил Ѓузел,"Лондон, Нова година 1965",10,само,0.135
Богомил Ѓузел,Пролет во апокалипса,1,војна,0.2561
Богомил Ѓузел,Пролет во апокалипса,2,сонце,0.2436
Богомил Ѓузел,Пролет во апокалипса,3,поле,0.1196
Богомил Ѓузел,Пролет во апокалипса,4,апокалипса,0.1189
Богомил Ѓузел,Пролет во апокалипса,5,блудница,0.1189
Богомил Ѓузел,Пролет во апокалипса,6,вичен,0.1189
Богомил Ѓузел,Пролет во апокалипса,7,двоен,0.1189
Богомил Ѓузел,Пролет во апокалипса,8,засемен,0.1189
Богомил Ѓузел,Пролет во апокалипса,9,здивила,0.1189
Богомил Ѓузел,Пролет во апокалипса,10,значка,0.1189
Богомил Ѓузел,Твоите пет минути,1,излезе,0.3121
Богомил Ѓузел,Твоите пет минути,2,час,0.2892
Богомил Ѓузел,Твоите пет минути,3,вреска,0.2891
Богомил Ѓузел,Твоите пет минути,4,минута,0.2715
Богомил Ѓузел,Твоите пет минути,5,цигара,0.254
Богомил Ѓузел,Твоите пет минути,6,смее,0.2115
Богомил Ѓузел,Твоите пет минути,7,итн.,0.1596
Богомил Ѓузел,Твоите пет минути,8,кабина,0.1596
Богомил Ѓузел,Твоите пет минути,9,грицка,0.1508
Богомил Ѓузел,Твоите пет минути,10,маршира,0.1508
Богомил Ѓузел,Х,1,растење,0.3135
Богомил Ѓузел,Х,2,метал,0.1879
Богомил Ѓузел,Х,3,длето,0.1784
Богомил Ѓузел,Х,4,камен,0.173
Богомил Ѓузел,Х,5,планина,0.1513
Богомил Ѓузел,Х,6,збор,0.151
Богомил Ѓузел,Х,7,даде,0.1444
Богомил Ѓузел,Х,8,сигурно,0.1372
Богомил Ѓузел,Х,9,ерозија,0.1338
Богомил Ѓузел,Х,10,месо,0.1286
Богомил Ѓузел,Хаос,1,уста,0.257
Богомил Ѓузел,Хаос,2,извик,0.2549
Богомил Ѓузел,Хаос,3,затвори,0.1986
Богомил Ѓузел,Хаос,4,ликување,0.1535
Богомил Ѓузел,Хаос,5,последичен,0.1535
Богомил Ѓузел,Хаос,6,потеме,0.1535
Богомил Ѓузел,Хаос,7,татон,0.1535
Богомил Ѓузел,Хаос,8,тенк,0.1535
Богомил Ѓузел,Хаос,9,мноштво,0.1451
Богомил Ѓузел,Хаос,10,осветли,0.1451
Бранко Цветкоски,FIX,1,ееееее,0.3762
Бранко Цветкоски,FIX,2,молскавично,0.3762
Бранко Цветкоски,FIX,3,строителки,0.3762
Бранко Цветкоски,FIX,4,искон,0.3294
Бранко Цветкоски,FIX,5,одминува,0.3201
Бранко Цветкоски,FIX,6,привид,0.294
Бранко Цветкоски,FIX,7,мугра,0.2892
Бранко Цветкоски,FIX,8,бега,0.2316
Бранко Цветкоски,FIX,9,мисла,0.1926
Бранко Цветкоски,FIX,10,година,0.1905
Бранко Цветкоски,SAECULUM,1,змев,0.3156
Бранко Цветкоски,SAECULUM,2,дече,0.2924
Бранко Цветкоски,SAECULUM,3,запишан,0.2924
Бранко Цветкоски,SAECULUM,4,отклучи,0.2924
Бранко Цветкоски,SAECULUM,5,топка,0.2924
Бранко Цветкоски,SAECULUM,6,височина,0.2567
Бранко Цветкоски,SAECULUM,7,исто,0.2397
Бранко Цветкоски,SAECULUM,8,зор,0.2113
Бранко Цветкоски,SAECULUM,9,пушти,0.2083
Бранко Цветкоски,SAECULUM,10,дрво,0.2005
Бранко Цветкоски,ЈАВКА,1,желада,0.3705
Бранко Цветкоски,ЈАВКА,2,менеди,0.3705
Бранко Цветкоски,ЈАВКА,3,пладнува,0.3502
Бранко Цветкоски,ЈАВКА,4,огон,0.3357
Бранко Цветкоски,ЈАВКА,5,ледина,0.3245
Бранко Цветкоски,ЈАВКА,6,даб,0.3009
Бранко Цветкоски,ЈАВКА,7,сè,0.291
Бранко Цветкоски,ЈАВКА,8,демне,0.2601
Бранко Цветкоски,ЈАВКА,9,патиште,0.2548
Бранко Цветкоски,ЈАВКА,10,следи,0.2344
Бранко Цветкоски,АКАТИСТ,1,одежда,0.3326
Бранко Цветкоски,АКАТИСТ,2,крене,0.2245
Бранко Цветкоски,АКАТИСТ,3,ноќен,0.2245
Бранко Цветкоски,АКАТИСТ,4,ависага,0.1835
Бранко Цветкоски,АКАТИСТ,5,знајно,0.1835
Бранко Цветкоски,АКАТИСТ,6,кедров,0.1835
Бранко Цветкоски,АКАТИСТ,7,ноќнина,0.1835
Бранко Цветкоски,АКАТИСТ,8,сунамитка,0.1835
Бранко Цветкоски,АКАТИСТ,9,раздипли,0.1734
Бранко Цветкоски,АКАТИСТ,10,шатор,0.1734
Бранко Цветкоски,АПОРИЈА. ЗЕМНА,1,кајшто,0.2758
Бранко Цветкоски,АПОРИЈА. ЗЕМНА,2,негов,0.1965
Бранко Цветкоски,АПОРИЈА. ЗЕМНА,3,безименост,0.1898
Бранко Цветкоски,АПОРИЈА. ЗЕМНА,4,взор,0.1898
Бранко Цветкоски,АПОРИЈА. ЗЕМНА,5,обитува,0.1898
Бранко Цветкоски,АПОРИЈА. ЗЕМНА,6,олеснет,0.1898
Бранко Цветкоски,АПОРИЈА. ЗЕМНА,7,предводник,0.1898
Бранко Цветкоски,АПОРИЈА. ЗЕМНА,8,штурне,0.1898
Бранко Цветкоски,АПОРИЈА. ЗЕМНА,9,беседи,0.1793
Бранко Цветкоски,АПОРИЈА. ЗЕМНА,10,кусовечен,0.1793
Бранко Цветкоски,БОГИНКИ,1,измиен,0.2235
Бранко Цветкоски,БОГИНКИ,2,козја,0.2235
Бранко Цветкоски,БОГИНКИ,3,крепоста,0.2235
Бранко Цветкоски,БОГИНКИ,4,вали,0.2112
Бранко Цветкоски,БОГИНКИ,5,трпне,0.2112
Бранко Цветкоски,БОГИНКИ,6,визба,0.2025
Бранко Цветкоски,БОГИНКИ,7,средиште,0.2025
Бранко Цветкоски,БОГИНКИ,8,ѕвечи,0.2025
Бранко Цветкоски,БОГИНКИ,9,црна,0.1957
Бранко Цветкоски,БОГИНКИ,10,рѓа,0.1902
Бранко Цветкоски,ВОДОДЕЛНИЦА,1,капка,0.228
Бранко Цветкоски,ВОДОДЕЛНИЦА,2,докинува,0.2004
Бранко Цветкоски,ВОДОДЕЛНИЦА,3,залојам,0.2004
Бранко Цветкоски,ВОДОДЕЛНИЦА,4,испишува,0.2004
Бранко Цветкоски,ВОДОДЕЛНИЦА,5,напредува,0.2004
Бранко Цветкоски,ВОДОДЕЛНИЦА,6,неприсутност,0.2004
Бранко Цветкоски,ВОДОДЕЛНИЦА,7,делта,0.1893
Бранко Цветкоски,ВОДОДЕЛНИЦА,8,краснопис,0.1893
Бранко Цветкоски,ВОДОДЕЛНИЦА,9,пладнува,0.1893
Бранко Цветкоски,ВОДОДЕЛНИЦА,10,изброен,0.1815
Бранко Цветкоски,ГЛАСНИК,1,пристига,0.3634
Бранко Цветкоски,ГЛАСНИК,2,вкопан,0.2135
Бранко Цветкоски,ГЛАСНИК,3,незапишан,0.2135
Бранко Цветкоски,ГЛАСНИК,4,прескокнува,0.2135
Бранко Цветкоски,ГЛАСНИК,5,кус,0.2018
Бранко Цветкоски,ГЛАСНИК,6,недоспан,0.2018
Бранко Цветкоски,ГЛАСНИК,7,немилосрден,0.2018
Бранко Цветкоски,ГЛАСНИК,8,прекутрупа,0.2018
Бранко Цветкоски,ГЛАСНИК,9,стивнат,0.2018
Бранко Цветкоски,ГЛАСНИК,10,копито,0.1934
Бранко Цветкоски,ГРАМОТА,1,твој,0.1912
Бранко Цветкоски,ГРАМОТА,2,гракнал,0.1698
Бранко Цветкоски,ГРАМОТА,3,граматик,0.1698
Бранко Цветкоски,ГРАМОТА,4,жест,0.1698
Бранко Цветкоски,ГРАМОТА,5,замесен,0.1698
Бранко Цветкоски,ГРАМОТА,6,наблегалка,0.1698
Бранко Цветкоски,ГРАМОТА,7,препне,0.1698
Бранко Цветкоски,ГРАМОТА,8,сматна,0.1698
Бранко Цветкоски,ГРАМОТА,9,сочинение,0.1698
Бранко Цветкоски,ГРАМОТА,10,бегло,0.1605
Бранко Цветкоски,ДВЕ ОЧИ. ДВА ДОЛА,1,сложува,0.2643
Бранко Цветкоски,ДВЕ ОЧИ. ДВА ДОЛА,2,дола,0.2498
Бранко Цветкоски,ДВЕ ОЧИ. ДВА ДОЛА,3,непријател,0.2498
Бранко Цветкоски,ДВЕ ОЧИ. ДВА ДОЛА,4,жичка,0.2395
Бранко Цветкоски,ДВЕ ОЧИ. ДВА ДОЛА,5,череп,0.2395
Бранко Цветкоски,ДВЕ ОЧИ. ДВА ДОЛА,6,чмае,0.2249
Бранко Цветкоски,ДВЕ ОЧИ. ДВА ДОЛА,7,безмилосно,0.2146
Бранко Цветкоски,ДВЕ ОЧИ. ДВА ДОЛА,8,самотен,0.2104
Бранко Цветкоски,ДВЕ ОЧИ. ДВА ДОЛА,9,свод,0.2066
Бранко Цветкоски,ДВЕ ОЧИ. ДВА ДОЛА,10,копје,0.2032
Бранко Цветкоски,ДЕНОТ ШТО ЗАВЛЕКУВА,1,бездетен,0.2267
Бранко Цветкоски,ДЕНОТ ШТО ЗАВЛЕКУВА,2,ветрушка,0.2267
Бранко Цветкоски,ДЕНОТ ШТО ЗАВЛЕКУВА,3,видение,0.2267
Бранко Цветкоски,ДЕНОТ ШТО ЗАВЛЕКУВА,4,камарка,0.2267
Бранко Цветкоски,ДЕНОТ ШТО ЗАВЛЕКУВА,5,насет,0.2267
Бранко Цветкоски,ДЕНОТ ШТО ЗАВЛЕКУВА,6,предвестен,0.2267
Бранко Цветкоски,ДЕНОТ ШТО ЗАВЛЕКУВА,7,прокуден,0.2267
Бранко Цветкоски,ДЕНОТ ШТО ЗАВЛЕКУВА,8,завлекува,0.2143
Бранко Цветкоски,ДЕНОТ ШТО ЗАВЛЕКУВА,9,неовдешен,0.2143
Бранко Цветкоски,ДЕНОТ ШТО ЗАВЛЕКУВА,10,подготви,0.2143
Бранко Цветкоски,ДОЈКИ НАД ЖИТАТА,1,замавне,0.1545
Бранко Цветкоски,ДОЈКИ НАД ЖИТАТА,2,исполин,0.1545
Бранко Цветкоски,ДОЈКИ НАД ЖИТАТА,3,намисла,0.1545
Бранко Цветкоски,ДОЈКИ НАД ЖИТАТА,4,нестасан,0.1545
Бранко Цветкоски,ДОЈКИ НАД ЖИТАТА,5,плип,0.1545
Бранко Цветкоски,ДОЈКИ НАД ЖИТАТА,6,причесна,0.1545
Бранко Цветкоски,ДОЈКИ НАД ЖИТАТА,7,развртува,0.1545
Бранко Цветкоски,ДОЈКИ НАД ЖИТАТА,8,свидност,0.1545
Бранко Цветкоски,ДОЈКИ НАД ЖИТАТА,9,скрепен,0.1545
Бранко Цветкоски,ДОЈКИ НАД ЖИТАТА,10,слачен,0.1545
Бранко Цветкоски,ЗЕМЈА. ПРИЧЕСНА. ЗОБ,1,ваган,0.3315
Бранко Цветкоски,ЗЕМЈА. ПРИЧЕСНА. ЗОБ,2,стори,0.2144
Бранко Цветкоски,ЗЕМЈА. ПРИЧЕСНА. ЗОБ,3,божјо,0.1657
Бранко Цветкоски,ЗЕМЈА. ПРИЧЕСНА. ЗОБ,4,голтен,0.1657
Бранко Цветкоски,ЗЕМЈА. ПРИЧЕСНА. ЗОБ,5,земјописец,0.1657
Бранко Цветкоски,ЗЕМЈА. ПРИЧЕСНА. ЗОБ,6,зобање,0.1657
Бранко Цветкоски,ЗЕМЈА. ПРИЧЕСНА. ЗОБ,7,молви,0.1657
Бранко Цветкоски,ЗЕМЈА. ПРИЧЕСНА. ЗОБ,8,мрцнат,0.1657
Бранко Цветкоски,ЗЕМЈА. ПРИЧЕСНА. ЗОБ,9,откоснат,0.1657
Бранко Цветкоски,ЗЕМЈА. ПРИЧЕСНА. ЗОБ,10,пепел-бела,0.1657
Бранко Цветкоски,МАРТОВСКИ СНЕГ,1,троа,0.3413
Бранко Цветкоски,МАРТОВСКИ СНЕГ,2,мели,0.2102
Бранко Цветкоски,МАРТОВСКИ СНЕГ,3,навјасува,0.2102
Бранко Цветкоски,МАРТОВСКИ СНЕГ,4,недоверлив,0.2102
Бранко Цветкоски,МАРТОВСКИ СНЕГ,5,ѕев,0.2102
Бранко Цветкоски,МАРТОВСКИ СНЕГ,6,скуден,0.1986
Бранко Цветкоски,МАРТОВСКИ СНЕГ,7,ламтеж,0.1904
Бранко Цветкоски,МАРТОВСКИ СНЕГ,8,срчен,0.1904
Бранко Цветкоски,МАРТОВСКИ СНЕГ,9,наметка,0.1841
Бранко Цветкоски,МАРТОВСКИ СНЕГ,10,стежне,0.1841
Бранко Цветкоски,МОЛИТВЕН ВЕЈ,1,демону,0.2032
Бранко Цветкоски,МОЛИТВЕН ВЕЈ,2,запишувач,0.2032
Бранко Цветкоски,МОЛИТВЕН ВЕЈ,3,коронка,0.2032
Бранко Цветкоски,МОЛИТВЕН ВЕЈ,4,ладнина,0.2032
Бранко Цветкоски,МОЛИТВЕН ВЕЈ,5,лику,0.2032
Бранко Цветкоски,МОЛИТВЕН ВЕЈ,6,молк-виделина,0.2032
Бранко Цветкоски,МОЛИТВЕН ВЕЈ,7,овојпат,0.2032
Бранко Цветкоски,МОЛИТВЕН ВЕЈ,8,откорни,0.2032
Бранко Цветкоски,МОЛИТВЕН ВЕЈ,9,остане,0.1997
Бранко Цветкоски,МОЛИТВЕН ВЕЈ,10,размине,0.192
Бранко Цветкоски,НЕБЦЕ ВО ОБЛАКОТ,1,земен,0.2362
Бранко Цветкоски,НЕБЦЕ ВО ОБЛАКОТ,2,бега,0.2175
Бранко Цветкоски,НЕБЦЕ ВО ОБЛАКОТ,3,глуво,0.1766
Бранко Цветкоски,НЕБЦЕ ВО ОБЛАКОТ,4,зговорнички,0.1766
Бранко Цветкоски,НЕБЦЕ ВО ОБЛАКОТ,5,здоболи,0.1766
Бранко Цветкоски,НЕБЦЕ ВО ОБЛАКОТ,6,злочест,0.1766
Бранко Цветкоски,НЕБЦЕ ВО ОБЛАКОТ,7,мишка,0.1766
Бранко Цветкоски,НЕБЦЕ ВО ОБЛАКОТ,8,наежени,0.1766
Бранко Цветкоски,НЕБЦЕ ВО ОБЛАКОТ,9,приме,0.1766
Бранко Цветкоски,НЕБЦЕ ВО ОБЛАКОТ,10,рождество,0.1766
Бранко Цветкоски,ОМАЈ,1,беспорочен,0.1715
Бранко Цветкоски,ОМАЈ,2,гасеница,0.1715
Бранко Цветкоски,ОМАЈ,3,грамотник,0.1715
Бранко Цветкоски,ОМАЈ,4,затапкува,0.1715
Бранко Цветкоски,ОМАЈ,5,заточение,0.1715
Бранко Цветкоски,ОМАЈ,6,калпав,0.1715
Бранко Цветкоски,ОМАЈ,7,милта,0.1715
Бранко Цветкоски,ОМАЈ,8,наречение,0.1715
Бранко Цветкоски,ОМАЈ,9,ненавист,0.1715
Бранко Цветкоски,ОМАЈ,10,неовдешност,0.1715
Бранко Цветкоски,ПЛАДНЕВНА МОЛИТВА,1,глаток,0.2367
Бранко Цветкоски,ПЛАДНЕВНА МОЛИТВА,2,кремен-роза,0.2367
Бранко Цветкоски,ПЛАДНЕВНА МОЛИТВА,3,блок,0.2237
Бранко Цветкоски,ПЛАДНЕВНА МОЛИТВА,4,веј,0.2237
Бранко Цветкоски,ПЛАДНЕВНА МОЛИТВА,5,молитвен,0.2237
Бранко Цветкоски,ПЛАДНЕВНА МОЛИТВА,6,орлик,0.2237
Бранко Цветкоски,ПЛАДНЕВНА МОЛИТВА,7,склопен,0.2145
Бранко Цветкоски,ПЛАДНЕВНА МОЛИТВА,8,задава,0.2073
Бранко Цветкоски,ПЛАДНЕВНА МОЛИТВА,9,слези,0.2073
Бранко Цветкоски,ПЛАДНЕВНА МОЛИТВА,10,вазна,0.2014
Бранко Цветкоски,ПЛОТ,1,заградува,0.3949
Бранко Цветкоски,ПЛОТ,2,име,0.2225
Бранко Цветкоски,ПЛОТ,3,здушен,0.1975
Бранко Цветкоски,ПЛОТ,4,исчезнес,0.1975
Бранко Цветкоски,ПЛОТ,5,кошка,0.1975
Бранко Цветкоски,ПЛОТ,6,плотност,0.1975
Бранко Цветкоски,ПЛОТ,7,сводест,0.1975
Бранко Цветкоски,ПЛОТ,8,плет,0.1866
Бранко Цветкоски,ПЛОТ,9,поколени,0.1866
Бранко Цветкоски,ПЛОТ,10,сфера,0.1866
Бранко Цветкоски,ПРЕКОР,1,корона,0.2734
Бранко Цветкоски,ПРЕКОР,2,жичка,0.2621
Бранко Цветкоски,ПРЕКОР,3,ветр,0.2224
Бранко Цветкоски,ПРЕКОР,4,заборава,0.1971
Бранко Цветкоски,ПРЕКОР,5,седи,0.1872
Бранко Цветкоски,ПРЕКОР,6,станува,0.1663
Бранко Цветкоски,ПРЕКОР,7,свој,0.1606
Бранко Цветкоски,ПРЕКОР,8,затегнува,0.1447
Бранко Цветкоски,ПРЕКОР,9,коронисан,0.1447
Бранко Цветкоски,ПРЕКОР,10,моќно,0.1447
Бранко Цветкоски,РЕКАМ,1,рекам,0.5246
Бранко Цветкоски,РЕКАМ,2,син,0.1846
Бранко Цветкоски,РЕКАМ,3,гргорлив,0.1749
Бранко Цветкоски,РЕКАМ,4,молеж,0.1749
Бранко Цветкоски,РЕКАМ,5,мрест,0.1749
Бранко Цветкоски,РЕКАМ,6,намовен,0.1749
Бранко Цветкоски,РЕКАМ,7,нарачан,0.1749
Бранко Цветкоски,РЕКАМ,8,одрон,0.1749
Бранко Цветкоски,РЕКАМ,9,поарчен,0.1749
Бранко Цветкоски,РЕКАМ,10,преклопен,0.1749
Бранко Цветкоски,СЕ ВРАЌА НОЌТА,1,полжав,0.2929
Бранко Цветкоски,СЕ ВРАЌА НОЌТА,2,отпушта,0.2832
Бранко Цветкоски,СЕ ВРАЌА НОЌТА,3,качува,0.2448
Бранко Цветкоски,СЕ ВРАЌА НОЌТА,4,стега,0.238
Бранко Цветкоски,СЕ ВРАЌА НОЌТА,5,студен,0.1954
Бранко Цветкоски,СЕ ВРАЌА НОЌТА,6,враќа,0.1796
Бранко Цветкоски,СЕ ВРАЌА НОЌТА,7,дамкав,0.1617
Бранко Цветкоски,СЕ ВРАЌА НОЌТА,8,клепе,0.1617
Бранко Цветкоски,СЕ ВРАЌА НОЌТА,9,окото-рога,0.1617
Бранко Цветкоски,СЕ ВРАЌА НОЌТА,10,среда,0.1617
Бранко Цветкоски,СЕВЕРЕН ТАНЦ 1.,1,засркнат,0.2058
Бранко Цветкоски,СЕВЕРЕН ТАНЦ 1.,2,зборови-кристал,0.2058
Бранко Цветкоски,СЕВЕРЕН ТАНЦ 1.,3,одлостен,0.2058
Бранко Цветкоски,СЕВЕРЕН ТАНЦ 1.,4,откршен,0.2058
Бранко Цветкоски,СЕВЕРЕН ТАНЦ 1.,5,претсмртен,0.2058
Бранко Цветкоски,СЕВЕРЕН ТАНЦ 1.,6,шунат,0.2058
Бранко Цветкоски,СЕВЕРЕН ТАНЦ 1.,7,глас,0.2016
Бранко Цветкоски,СЕВЕРЕН ТАНЦ 1.,8,екватор,0.1945
Бранко Цветкоски,СЕВЕРЕН ТАНЦ 1.,9,наближува,0.1865
Бранко Цветкоски,СЕВЕРЕН ТАНЦ 1.,10,пулс,0.1803
Бранко Цветкоски,СЕВЕРЕН ТАНЦ 2.,1,март,0.3096
Бранко Цветкоски,СЕВЕРЕН ТАНЦ 2.,2,смекнат,0.2993
Бранко Цветкоски,СЕВЕРЕН ТАНЦ 2.,3,северен,0.2908
Бранко Цветкоски,СЕВЕРЕН ТАНЦ 2.,4,длабоко,0.2132
Бранко Цветкоски,СЕВЕРЕН ТАНЦ 2.,5,нажежена,0.1709
Бранко Цветкоски,СЕВЕРЕН ТАНЦ 2.,6,неумоливо,0.1709
Бранко Цветкоски,СЕВЕРЕН ТАНЦ 2.,7,пресади,0.1709
Бранко Цветкоски,СЕВЕРЕН ТАНЦ 2.,8,тресет,0.1709
Бранко Цветкоски,СЕВЕРЕН ТАНЦ 2.,9,баботи,0.1615
Бранко Цветкоски,СЕВЕРЕН ТАНЦ 2.,10,изнуркува,0.1615
Бранко Цветкоски,СЕВЕРЕН ТАНЦ 3.,1,срицај,0.4012
Бранко Цветкоски,СЕВЕРЕН ТАНЦ 3.,2,шум,0.2616
Бранко Цветкоски,СЕВЕРЕН ТАНЦ 3.,3,глог,0.2006
Бранко Цветкоски,СЕВЕРЕН ТАНЦ 3.,4,заледи,0.2006
Бранко Цветкоски,СЕВЕРЕН ТАНЦ 3.,5,заутене,0.2006
Бранко Цветкоски,СЕВЕРЕН ТАНЦ 3.,6,пребара,0.2006
Бранко Цветкоски,СЕВЕРЕН ТАНЦ 3.,7,стракче,0.2006
Бранко Цветкоски,СЕВЕРЕН ТАНЦ 3.,8,строгост,0.2006
Бранко Цветкоски,СЕВЕРЕН ТАНЦ 3.,9,вечерница,0.1895
Бранко Цветкоски,СЕВЕРЕН ТАНЦ 3.,10,забоди,0.1895
Бранко Цветкоски,СЕВЕРЕН ТАНЦ 4.,1,замавен,0.2675
Бранко Цветкоски,СЕВЕРЕН ТАНЦ 4.,2,лес,0.2675
Бранко Цветкоски,СЕВЕРЕН ТАНЦ 4.,3,елен,0.2424
Бранко Цветкоски,СЕВЕРЕН ТАНЦ 4.,4,виор,0.2343
Бранко Цветкоски,СЕВЕРЕН ТАНЦ 4.,5,варди,0.2172
Бранко Цветкоски,СЕВЕРЕН ТАНЦ 4.,6,глужд,0.2172
Бранко Цветкоски,СЕВЕРЕН ТАНЦ 4.,7,нема,0.2091
Бранко Цветкоски,СЕВЕРЕН ТАНЦ 4.,8,рака,0.2088
Бранко Цветкоски,СЕВЕРЕН ТАНЦ 4.,9,бес,0.2057
Бранко Цветкоски,СЕВЕРЕН ТАНЦ 4.,10,воден,0.2025
Бранко Цветкоски,СЕВЕРЕН ТАНЦ 5.(2),1,безветрие,0.2035
Бранко Цветкоски,СЕВЕРЕН ТАНЦ 5.(2),2,геометар,0.2035
Бранко Цветкоски,СЕВЕРЕН ТАНЦ 5.(2),3,заринкува,0.2035
Бранко Цветкоски,СЕВЕРЕН ТАНЦ 5.(2),4,навестен,0.2035
Бранко Цветкоски,СЕВЕРЕН ТАНЦ 5.(2),5,растовари,0.2035
Бранко Цветкоски,СЕВЕРЕН ТАНЦ 5.(2),6,хоризонту,0.2035
Бранко Цветкоски,СЕВЕРЕН ТАНЦ 5.(2),7,ад,0.1923
Бранко Цветкоски,СЕВЕРЕН ТАНЦ 5.(2),8,леснина,0.1923
Бранко Цветкоски,СЕВЕРЕН ТАНЦ 5.(2),9,меура,0.1923
Бранко Цветкоски,СЕВЕРЕН ТАНЦ 5.(2),10,свиок,0.1923
Бранко Цветкоски,СЕВЕРЕН ТАНЦ 6. (4),1,житие,0.2567
Бранко Цветкоски,СЕВЕРЕН ТАНЦ 6. (4),2,источно,0.2567
Бранко Цветкоски,СЕВЕРЕН ТАНЦ 6. (4),3,неодменет,0.2567
Бранко Цветкоски,СЕВЕРЕН ТАНЦ 6. (4),4,нод,0.2567
Бранко Цветкоски,СЕВЕРЕН ТАНЦ 6. (4),5,прелистува,0.2567
Бранко Цветкоски,СЕВЕРЕН ТАНЦ 6. (4),6,родственик,0.2567
Бранко Цветкоски,СЕВЕРЕН ТАНЦ 6. (4),7,трап,0.2567
Бранко Цветкоски,СЕВЕРЕН ТАНЦ 6. (4),8,завлекува,0.2426
Бранко Цветкоски,СЕВЕРЕН ТАНЦ 6. (4),9,грешник,0.2248
Бранко Цветкоски,СЕВЕРЕН ТАНЦ 6. (4),10,меша,0.2007
Бранко Цветкоски,СЕВЕРЕН ТАНЦ 7. (6),1,презимува,0.4527
Бранко Цветкоски,СЕВЕРЕН ТАНЦ 7. (6),2,брут,0.2263
Бранко Цветкоски,СЕВЕРЕН ТАНЦ 7. (6),3,добромисленик,0.2263
Бранко Цветкоски,СЕВЕРЕН ТАНЦ 7. (6),4,бумбар,0.2139
Бранко Цветкоски,СЕВЕРЕН ТАНЦ 7. (6),5,источен,0.2139
Бранко Цветкоски,СЕВЕРЕН ТАНЦ 7. (6),6,резе,0.2139
Бранко Цветкоски,СЕВЕРЕН ТАНЦ 7. (6),7,арарат,0.2051
Бранко Цветкоски,СЕВЕРЕН ТАНЦ 7. (6),8,наречник,0.2051
Бранко Цветкоски,СЕВЕРЕН ТАНЦ 7. (6),9,тревожен,0.2051
Бранко Цветкоски,СЕВЕРЕН ТАНЦ 7. (6),10,штама,0.1879
Бранко Цветкоски,СЕВЕРЕН ТАНЦ 8. (7),1,молебен,0.3891
Бранко Цветкоски,СЕВЕРЕН ТАНЦ 8. (7),2,собира,0.2761
Бранко Цветкоски,СЕВЕРЕН ТАНЦ 8. (7),3,книга,0.2224
Бранко Цветкоски,СЕВЕРЕН ТАНЦ 8. (7),4,спие,0.2113
Бранко Цветкоски,СЕВЕРЕН ТАНЦ 8. (7),5,бендер,0.1945
Бранко Цветкоски,СЕВЕРЕН ТАНЦ 8. (7),6,леса,0.1945
Бранко Цветкоски,СЕВЕРЕН ТАНЦ 8. (7),7,сплинка,0.1945
Бранко Цветкоски,СЕВЕРЕН ТАНЦ 8. (7),8,џбарка,0.1945
Бранко Цветкоски,СЕВЕРЕН ТАНЦ 8. (7),9,тело,0.1842
Бранко Цветкоски,СЕВЕРЕН ТАНЦ 8. (7),10,зашилен,0.1838
Бранко Цветкоски,СЕВЕРНА КВАЧКА,1,писнува,0.2468
Бранко Цветкоски,СЕВЕРНА КВАЧКА,2,помети,0.2468
Бранко Цветкоски,СЕВЕРНА КВАЧКА,3,размавен,0.2468
Бранко Цветкоски,СЕВЕРНА КВАЧКА,4,стиски,0.2468
Бранко Цветкоски,СЕВЕРНА КВАЧКА,5,јачмен,0.2468
Бранко Цветкоски,СЕВЕРНА КВАЧКА,6,зачисти,0.2332
Бранко Цветкоски,СЕВЕРНА КВАЧКА,7,квачка,0.2332
Бранко Цветкоски,СЕВЕРНА КВАЧКА,8,склопен,0.2236
Бранко Цветкоски,СЕВЕРНА КВАЧКА,9,амбар,0.2161
Бранко Цветкоски,СЕВЕРНА КВАЧКА,10,северен,0.21
Бранко Цветкоски,СНАИТЕ ОД ЗЕМЈА,1,мермер,0.2579
Бранко Цветкоски,СНАИТЕ ОД ЗЕМЈА,2,предел,0.2116
Бранко Цветкоски,СНАИТЕ ОД ЗЕМЈА,3,година,0.1574
Бранко Цветкоски,СНАИТЕ ОД ЗЕМЈА,4,боготвори,0.1553
Бранко Цветкоски,СНАИТЕ ОД ЗЕМЈА,5,вдовец,0.1553
Бранко Цветкоски,СНАИТЕ ОД ЗЕМЈА,6,елипса,0.1553
Бранко Цветкоски,СНАИТЕ ОД ЗЕМЈА,7,издлабен,0.1553
Бранко Цветкоски,СНАИТЕ ОД ЗЕМЈА,8,издлаби,0.1553
Бранко Цветкоски,СНАИТЕ ОД ЗЕМЈА,9,печал,0.1553
Бранко Цветкоски,СНАИТЕ ОД ЗЕМЈА,10,повтеж,0.1553
Бранко Цветкоски,СОНОТ НА СЕМИЊАТА,1,семе,0.2248
Бранко Цветкоски,СОНОТ НА СЕМИЊАТА,2,толку,0.1794
Бранко Цветкоски,СОНОТ НА СЕМИЊАТА,3,зоврива,0.179
Бранко Цветкоски,СОНОТ НА СЕМИЊАТА,4,осилк,0.179
Бранко Цветкоски,СОНОТ НА СЕМИЊАТА,5,расповива,0.179
Бранко Цветкоски,СОНОТ НА СЕМИЊАТА,6,растерува,0.179
Бранко Цветкоски,СОНОТ НА СЕМИЊАТА,7,фенер,0.179
Бранко Цветкоски,СОНОТ НА СЕМИЊАТА,8,бисага,0.1691
Бранко Цветкоски,СОНОТ НА СЕМИЊАТА,9,веј,0.1691
Бранко Цветкоски,СОНОТ НА СЕМИЊАТА,10,мафта,0.1691
Бранко Цветкоски,СТАПАЛКИ. БИБЛИСКИ МОЛК,1,остар,0.2434
Бранко Цветкоски,СТАПАЛКИ. БИБЛИСКИ МОЛК,2,нејзин,0.1919
Бранко Цветкоски,СТАПАЛКИ. БИБЛИСКИ МОЛК,3,глаголи-алат,0.1804
Бранко Цветкоски,СТАПАЛКИ. БИБЛИСКИ МОЛК,4,засрамен,0.1804
Бранко Цветкоски,СТАПАЛКИ. БИБЛИСКИ МОЛК,5,нажежен,0.1804
Бранко Цветкоски,СТАПАЛКИ. БИБЛИСКИ МОЛК,6,натоварен,0.1804
Бранко Цветкоски,СТАПАЛКИ. БИБЛИСКИ МОЛК,7,недорек,0.1804
Бранко Цветкоски,СТАПАЛКИ. БИБЛИСКИ МОЛК,8,огреан,0.1804
Бранко Цветкоски,СТАПАЛКИ. БИБЛИСКИ МОЛК,9,прелестна,0.1804
Бранко Цветкоски,СТАПАЛКИ. БИБЛИСКИ МОЛК,10,свештен,0.1804
Бранко Цветкоски,СТАРОСТАВНА,1,водоврик,0.1891
Бранко Цветкоски,СТАРОСТАВНА,2,врату,0.1891
Бранко Цветкоски,СТАРОСТАВНА,3,гиба,0.1891
Бранко Цветкоски,СТАРОСТАВНА,4,израил,0.1891
Бранко Цветкоски,СТАРОСТАВНА,5,однемај,0.1891
Бранко Цветкоски,СТАРОСТАВНА,6,пеперуго,0.1891
Бранко Цветкоски,СТАРОСТАВНА,7,поразмавни,0.1891
Бранко Цветкоски,СТАРОСТАВНА,8,пресуши,0.1891
Бранко Цветкоски,СТАРОСТАВНА,9,рази,0.1891
Бранко Цветкоски,СТАРОСТАВНА,10,соблече,0.1891
Бранко Цветкоски,ЦЕЛОСТА,1,оглавник,0.4413
Бранко Цветкоски,ЦЕЛОСТА,2,фати,0.2717
Бранко Цветкоски,ЦЕЛОСТА,3,глава,0.2227
Бранко Цветкоски,ЦЕЛОСТА,4,непожелен,0.2085
Бранко Цветкоски,ЦЕЛОСТА,5,проѕива,0.2085
Бранко Цветкоски,ЦЕЛОСТА,6,сфера,0.2085
Бранко Цветкоски,ЦЕЛОСТА,7,заграден,0.1999
Бранко Цветкоски,ЦЕЛОСТА,8,тропот,0.1999
Бранко Цветкоски,ЦЕЛОСТА,9,пат,0.1967
Бранко Цветкоски,ЦЕЛОСТА,10,течен,0.1932
Бранко Цветкоски,ЧЕШМА ПОКРАЈ ПАТОТ 1.,1,локов,0.2393
Бранко Цветкоски,ЧЕШМА ПОКРАЈ ПАТОТ 1.,2,октавио,0.2393
Бранко Цветкоски,ЧЕШМА ПОКРАЈ ПАТОТ 1.,3,пас,0.2393
Бранко Цветкоски,ЧЕШМА ПОКРАЈ ПАТОТ 1.,4,прежален,0.2393
Бранко Цветкоски,ЧЕШМА ПОКРАЈ ПАТОТ 1.,5,сконче,0.2393
Бранко Цветкоски,ЧЕШМА ПОКРАЈ ПАТОТ 1.,6,извиди,0.2261
Бранко Цветкоски,ЧЕШМА ПОКРАЈ ПАТОТ 1.,7,пепелишта,0.2261
Бранко Цветкоски,ЧЕШМА ПОКРАЈ ПАТОТ 1.,8,презрен,0.2261
Бранко Цветкоски,ЧЕШМА ПОКРАЈ ПАТОТ 1.,9,проголтан,0.2261
Бранко Цветкоски,ЧЕШМА ПОКРАЈ ПАТОТ 1.,10,занеме,0.2168
Бранко Цветкоски,ЧЕШМА ПОКРАЈ ПАТОТ 2.,1,колибки,0.3669
Бранко Цветкоски,ЧЕШМА ПОКРАЈ ПАТОТ 2.,2,прибра,0.3669
Бранко Цветкоски,ЧЕШМА ПОКРАЈ ПАТОТ 2.,3,вршник,0.3324
Бранко Цветкоски,ЧЕШМА ПОКРАЈ ПАТОТ 2.,4,внесе,0.3213
Бранко Цветкоски,ЧЕШМА ПОКРАЈ ПАТОТ 2.,5,небиднина,0.3122
Бранко Цветкоски,ЧЕШМА ПОКРАЈ ПАТОТ 2.,6,снема,0.2738
Бранко Цветкоски,ЧЕШМА ПОКРАЈ ПАТОТ 2.,7,дух,0.2634
Бранко Цветкоски,ЧЕШМА ПОКРАЈ ПАТОТ 2.,8,земен,0.2454
Бранко Цветкоски,ЧЕШМА ПОКРАЈ ПАТОТ 2.,9,светол,0.2374
Бранко Цветкоски,ЧЕШМА ПОКРАЈ ПАТОТ 2.,10,навистина,0.2356
Бранко Цветкоски,ЧЕШМА ПОКРАЈ ПАТОТ 3.,1,гргор,0.2661
Бранко Цветкоски,ЧЕШМА ПОКРАЈ ПАТОТ 3.,2,расточува,0.2661
Бранко Цветкоски,ЧЕШМА ПОКРАЈ ПАТОТ 3.,3,дулец,0.2515
Бранко Цветкоски,ЧЕШМА ПОКРАЈ ПАТОТ 3.,4,опашка,0.2515
Бранко Цветкоски,ЧЕШМА ПОКРАЈ ПАТОТ 3.,5,погибел,0.2515
Бранко Цветкоски,ЧЕШМА ПОКРАЈ ПАТОТ 3.,6,сенка,0.2463
Бранко Цветкоски,ЧЕШМА ПОКРАЈ ПАТОТ 3.,7,мена,0.2331
Бранко Цветкоски,ЧЕШМА ПОКРАЈ ПАТОТ 3.,8,новина,0.2331
Бранко Цветкоски,ЧЕШМА ПОКРАЈ ПАТОТ 3.,9,пресушен,0.2265
Бранко Цветкоски,ЧЕШМА ПОКРАЈ ПАТОТ 3.,10,пристига,0.2265
Бранко Цветкоски,ЧЕШМА ПОКРАЈ ПАТОТ 3.(6),1,безочно,0.1968
Бранко Цветкоски,ЧЕШМА ПОКРАЈ ПАТОТ 3.(6),2,дувла,0.1968
Бранко Цветкоски,ЧЕШМА ПОКРАЈ ПАТОТ 3.(6),3,понорник,0.1968
Бранко Цветкоски,ЧЕШМА ПОКРАЈ ПАТОТ 3.(6),4,првни,0.1968
Бранко Цветкоски,ЧЕШМА ПОКРАЈ ПАТОТ 3.(6),5,препраќа,0.1968
Бранко Цветкоски,ЧЕШМА ПОКРАЈ ПАТОТ 3.(6),6,струеж,0.1968
Бранко Цветкоски,ЧЕШМА ПОКРАЈ ПАТОТ 3.(6),7,глас,0.1927
Бранко Цветкоски,ЧЕШМА ПОКРАЈ ПАТОТ 3.(6),8,окен,0.1859
Бранко Цветкоски,ЧЕШМА ПОКРАЈ ПАТОТ 3.(6),9,унижува,0.1859
Бранко Цветкоски,ЧЕШМА ПОКРАЈ ПАТОТ 3.(6),10,безгласно,0.1783
Бранко Цветкоски,ЧЕШМА ПОКРАЈ ПАТОТ 3.(7),1,вода,0.2283
Бранко Цветкоски,ЧЕШМА ПОКРАЈ ПАТОТ 3.(7),2,вкочанува,0.1972
Бранко Цветкоски,ЧЕШМА ПОКРАЈ ПАТОТ 3.(7),3,неначен,0.1972
Бранко Цветкоски,ЧЕШМА ПОКРАЈ ПАТОТ 3.(7),4,обликувач,0.1972
Бранко Цветкоски,ЧЕШМА ПОКРАЈ ПАТОТ 3.(7),5,опачност,0.1972
Бранко Цветкоски,ЧЕШМА ПОКРАЈ ПАТОТ 3.(7),6,опушта,0.1972
Бранко Цветкоски,ЧЕШМА ПОКРАЈ ПАТОТ 3.(7),7,тело,0.1867
Бранко Цветкоски,ЧЕШМА ПОКРАЈ ПАТОТ 3.(7),8,здогледува,0.1787
Бранко Цветкоски,ЧЕШМА ПОКРАЈ ПАТОТ 3.(7),9,непца,0.1787
Бранко Цветкоски,ЧЕШМА ПОКРАЈ ПАТОТ 3.(7),10,порева,0.1787
Братислав Ташковски,Јас и Ти во овој живот,1,прогресија,0.3172
Братислав Ташковски,Јас и Ти во овој живот,2,демонски,0.2778
Братислав Ташковски,Јас и Ти во овој живот,3,добрина,0.2633
Братислав Ташковски,Јас и Ти во овој живот,4,сè,0.2491
Братислав Ташковски,Јас и Ти во овој живот,5,глува,0.2439
Братислав Ташковски,Јас и Ти во овој живот,6,храбар,0.2401
Братислав Ташковски,Јас и Ти во овој живот,7,досега,0.2367
Братислав Ташковски,Јас и Ти во овој живот,8,однесе,0.2335
Братислав Ташковски,Јас и Ти во овој живот,9,почеток,0.2251
Братислав Ташковски,Јас и Ти во овој живот,10,тежина,0.2203
Братислав Ташковски,Јас и само јас,1,енигма,0.4108
Братислав Ташковски,Јас и само јас,2,италија,0.2173
Братислав Ташковски,Јас и само јас,3,месија,0.2173
Братислав Ташковски,Јас и само јас,4,потковува,0.2173
Братислав Ташковски,Јас и само јас,5,сонет,0.2173
Братислав Ташковски,Јас и само јас,6,мој,0.2134
Братислав Ташковски,Јас и само јас,7,мириси,0.2054
Братислав Ташковски,Јас и само јас,8,започнат,0.1969
Братислав Ташковски,Јас и само јас,9,мастило,0.1969
Братислав Ташковски,Јас и само јас,10,познави,0.1969
Братислав Ташковски,Јас сум билка,1,твој,0.2924
Братислав Ташковски,Јас сум билка,2,мал,0.273
Братислав Ташковски,Јас сум билка,3,секогаш,0.2709
Братислав Ташковски,Јас сум билка,4,вљубеник,0.2597
Братислав Ташковски,Јас сум билка,5,креација,0.2597
Братислав Ташковски,Јас сум билка,6,малост,0.2454
Братислав Ташковски,Јас сум билка,7,вбав,0.2353
Братислав Ташковски,Јас сум билка,8,слично,0.2353
Братислав Ташковски,Јас сум билка,9,многу,0.2211
Братислав Ташковски,Јас сум билка,10,сака,0.2157
Братислав Ташковски,"Јас, мајсторот",1,икар,0.1999
Братислав Ташковски,"Јас, мајсторот",2,мести,0.1999
Братислав Ташковски,"Јас, мајсторот",3,одметник,0.1999
Братислав Ташковски,"Јас, мајсторот",4,поет-научник,0.1999
Братислав Ташковски,"Јас, мајсторот",5,јака,0.1999
Братислав Ташковски,"Јас, мајсторот",6,докаже,0.1889
Братислав Ташковски,"Јас, мајсторот",7,заклучува,0.1889
Братислав Ташковски,"Јас, мајсторот",8,нацртан,0.1889
Братислав Ташковски,"Јас, мајсторот",9,шал,0.1889
Братислав Ташковски,"Јас, мајсторот",10,оловен,0.1811
Братислав Ташковски,Љубовта и законите,1,заедница,0.2717
Братислав Ташковски,Љубовта и законите,2,формулирал,0.2717
Братислав Ташковски,Љубовта и законите,3,брачен,0.2461
Братислав Ташковски,Љубовта и законите,4,почитува,0.2461
Братислав Ташковски,Љубовта и законите,5,потпис,0.2379
Братислав Ташковски,Љубовта и законите,6,правило,0.2379
Братислав Ташковски,Љубовта и законите,7,државен,0.2312
Братислав Ташковски,Љубовта и законите,8,ветува,0.2255
Братислав Ташковски,Љубовта и законите,9,врска,0.2255
Братислав Ташковски,Љубовта и законите,10,лебди,0.2124
Братислав Ташковски,Бела книга за љубовта,1,сака,0.2984
Братислав Ташковски,Бела книга за љубовта,2,секогаш,0.2812
Братислав Ташковски,Бела книга за љубовта,3,никогаш,0.1927
Братислав Ташковски,Бела книга за љубовта,4,вбројува,0.1797
Братислав Ташковски,Бела книга за љубовта,5,лесноскршлив,0.1797
Братислав Ташковски,Бела книга за љубовта,6,материја,0.1797
Братислав Ташковски,Бела книга за љубовта,7,позитивен,0.1797
Братислав Ташковски,Бела книга за љубовта,8,ролнотија,0.1797
Братислав Ташковски,Бела книга за љубовта,9,мој,0.1764
Братислав Ташковски,Бела книга за љубовта,10,докаже,0.1698
Братислав Ташковски,Вечера,1,појадува,0.3328
Братислав Ташковски,Вечера,2,замирисува,0.3145
Братислав Ташковски,Вечера,3,темјан,0.2832
Братислав Ташковски,Вечера,4,вечера,0.2601
Братислав Ташковски,Вечера,5,љубов,0.2593
Братислав Ташковски,Вечера,6,боже,0.2558
Братислав Ташковски,Вечера,7,вчера,0.2558
Братислав Ташковски,Вечера,8,крши,0.2519
Братислав Ташковски,Вечера,9,маса,0.2336
Братислав Ташковски,Вечера,10,леб,0.2136
Братислав Ташковски,Вечност,1,наш,0.3566
Братислав Ташковски,Вечност,2,куќа,0.3263
Братислав Ташковски,Вечност,3,прашалник,0.2937
Братислав Ташковски,Вечност,4,доказ,0.2438
Братислав Ташковски,Вечност,5,единствено,0.2438
Братислав Ташковски,Вечност,6,лекува,0.2338
Братислав Ташковски,Вечност,7,онака,0.2223
Братислав Ташковски,Вечност,8,трепери,0.2109
Братислав Ташковски,Вечност,9,музика,0.202
Братислав Ташковски,Вечност,10,вечност,0.1931
Братислав Ташковски,Во љубовта секогаш воин,1,витез,0.3311
Братислав Ташковски,Во љубовта секогаш воин,2,оклоп,0.3
Братислав Ташковски,Во љубовта секогаш воин,3,поинаку,0.2688
Братислав Ташковски,Во љубовта секогаш воин,4,забранет,0.2545
Братислав Ташковски,Во љубовта секогаш воин,5,слушне,0.2506
Братислав Ташковски,Во љубовта секогаш воин,6,бори,0.2437
Братислав Ташковски,Во љубовта секогаш воин,7,љуба,0.2406
Братислав Ташковски,Во љубовта секогаш воин,8,празник,0.2377
Братислав Ташковски,Во љубовта секогаш воин,9,дише,0.2255
Братислав Ташковски,Во љубовта секогаш воин,10,значи,0.2214
Братислав Ташковски,Големата песна,1,коледе,0.2338
Братислав Ташковски,Големата песна,2,налеј,0.2338
Братислав Ташковски,Големата песна,3,чукне,0.2338
Братислав Ташковски,Големата песна,4,кове,0.2119
Братислав Ташковски,Големата песна,5,нов,0.2112
Братислав Ташковски,Големата песна,6,слама,0.2048
Братислав Ташковски,Големата песна,7,наскоро,0.1941
Братислав Ташковски,Големата песна,8,чуд,0.1899
Братислав Ташковски,Големата песна,9,победа,0.1798
Братислав Ташковски,Големата песна,10,воин,0.177
Братислав Ташковски,Големата љубовна песна 1.море,1,мора,0.2519
Братислав Ташковски,Големата љубовна песна 1.море,2,navigare,0.2145
Братислав Ташковски,Големата љубовна песна 1.море,3,necesse,0.2145
Братислав Ташковски,Големата љубовна песна 1.море,4,благодарен,0.2145
Братислав Ташковски,Големата љубовна песна 1.море,5,инфинитум,0.2145
Братислав Ташковски,Големата љубовна песна 1.море,6,магелан,0.2145
Братислав Ташковски,Големата љубовна песна 1.море,7,разби,0.2145
Братислав Ташковски,Големата љубовна песна 1.море,8,море,0.2095
Братислав Ташковски,Големата љубовна песна 1.море,9,анатема,0.2027
Братислав Ташковски,Големата љубовна песна 1.море,10,освојување,0.2027
Братислав Ташковски,Големата љубовна песна 10.стратегија,1,картичка,0.2473
Братислав Ташковски,Големата љубовна песна 10.стратегија,2,магдалена,0.2473
Братислав Ташковски,Големата љубовна песна 10.стратегија,3,маневар,0.2473
Братислав Ташковски,Големата љубовна песна 10.стратегија,4,непромислен,0.2473
Братислав Ташковски,Големата љубовна песна 10.стратегија,5,сепнува,0.2473
Братислав Ташковски,Големата љубовна песна 10.стратегија,6,стратег,0.2473
Братислав Ташковски,Големата љубовна песна 10.стратегија,7,поштенски,0.2337
Братислав Ташковски,Големата љубовна песна 10.стратегија,8,повреди,0.224
Братислав Ташковски,Големата љубовна песна 10.стратегија,9,слично,0.224
Братислав Ташковски,Големата љубовна песна 10.стратегија,10,марија,0.2165
Братислав Ташковски,Големата љубовна песна 11.страв,1,измори,0.2818
Братислав Ташковски,Големата љубовна песна 11.страв,2,песноградител,0.2818
Братислав Ташковски,Големата љубовна песна 11.страв,3,албум,0.2553
Братислав Ташковски,Големата љубовна песна 11.страв,4,наслика,0.2553
Братислав Ташковски,Големата љубовна песна 11.страв,5,стаси,0.2468
Братислав Ташковски,Големата љубовна песна 11.страв,6,нацрта,0.2398
Братислав Ташковски,Големата љубовна песна 11.страв,7,побара,0.2398
Братислав Ташковски,Големата љубовна песна 11.страв,8,удави,0.2288
Братислав Ташковски,Големата љубовна песна 11.страв,9,повлекува,0.2243
Братислав Ташковски,Големата љубовна песна 11.страв,10,разбере,0.2
Братислав Ташковски,Големата љубовна песна 12. уште малку малост,1,прави,0.2625
Братислав Ташковски,Големата љубовна песна 12. уште малку малост,2,пресвлекува,0.2516
Братислав Ташковски,Големата љубовна песна 12. уште малку малост,3,разгали,0.2516
Братислав Ташковски,Големата љубовна песна 12. уште малку малост,4,воспева,0.2378
Братислав Ташковски,Големата љубовна песна 12. уште малку малост,5,поклонува,0.2378
Братислав Ташковски,Големата љубовна песна 12. уште малку малост,6,вбав,0.2279
Братислав Ташковски,Големата љубовна песна 12. уште малку малост,7,сопира,0.2279
Братислав Ташковски,Големата љубовна песна 12. уште малку малост,8,икона,0.2203
Братислав Ташковски,Големата љубовна песна 12. уште малку малост,9,простува,0.2141
Братислав Ташковски,Големата љубовна песна 12. уште малку малост,10,секако,0.1967
Братислав Ташковски,Големата љубовна песна 13. јас во тишината,1,никаков,0.3232
Братислав Ташковски,Големата љубовна песна 13. јас во тишината,2,почеток,0.3157
Братислав Ташковски,Големата љубовна песна 13. јас во тишината,3,цвет,0.2834
Братислав Ташковски,Големата љубовна песна 13. јас во тишината,4,ангел,0.2775
Братислав Ташковски,Големата љубовна песна 13. јас во тишината,5,пишува,0.2756
Братислав Ташковски,Големата љубовна песна 13. јас во тишината,6,тајна,0.2518
Братислав Ташковски,Големата љубовна песна 13. јас во тишината,7,тишина,0.2471
Братислав Ташковски,Големата љубовна песна 13. јас во тишината,8,секогаш,0.232
Братислав Ташковски,Големата љубовна песна 13. јас во тишината,9,толку,0.223
Братислав Ташковски,Големата љубовна песна 13. јас во тишината,10,тука,0.2222
Братислав Ташковски,Големата љубовна песна 2.муза,1,врисне,0.2538
Братислав Ташковски,Големата љубовна песна 2.муза,2,запрета,0.2538
Братислав Ташковски,Големата љубовна песна 2.муза,3,ислужен,0.2538
Братислав Ташковски,Големата љубовна песна 2.муза,4,разгален,0.2538
Братислав Ташковски,Големата љубовна песна 2.муза,5,повика,0.23
Братислав Ташковски,Големата љубовна песна 2.муза,6,казнет,0.2223
Братислав Ташковски,Големата љубовна песна 2.муза,7,бик,0.216
Братислав Ташковски,Големата љубовна песна 2.муза,8,студено,0.216
Братислав Ташковски,Големата љубовна песна 2.муза,9,реши,0.2107
Братислав Ташковски,Големата љубовна песна 2.муза,10,збор,0.2029
Братислав Ташковски,Големата љубовна песна 3.оган,1,наводенам,0.2497
Братислав Ташковски,Големата љубовна песна 3.оган,2,налее,0.2497
Братислав Ташковски,Големата љубовна песна 3.оган,3,попат,0.2497
Братислав Ташковски,Големата љубовна песна 3.оган,4,сенко,0.2262
Братислав Ташковски,Големата љубовна песна 3.оган,5,странец,0.2262
Братислав Ташковски,Големата љубовна песна 3.оган,6,дарува,0.2028
Братислав Ташковски,Големата љубовна песна 3.оган,7,женски,0.2028
Братислав Ташковски,Големата љубовна песна 3.оган,8,лекува,0.1988
Братислав Ташковски,Големата љубовна песна 3.оган,9,вљубен,0.192
Братислав Ташковски,Големата љубовна песна 3.оган,10,песно,0.1863
Братислав Ташковски,Големата љубовна песна 4.зрнце,1,татниш,0.3144
Братислав Ташковски,Големата љубовна песна 4.зрнце,2,фраза,0.2848
Братислав Ташковски,Големата љубовна песна 4.зрнце,3,метафора,0.2675
Братислав Ташковски,Големата љубовна песна 4.зрнце,4,девојко,0.261
Братислав Ташковски,Големата љубовна песна 4.зрнце,5,зрнце,0.2458
Братислав Ташковски,Големата љубовна песна 4.зрнце,6,љубов,0.245
Братислав Ташковски,Големата љубовна песна 4.зрнце,7,сеедно,0.2417
Братислав Ташковски,Големата љубовна песна 4.зрнце,8,создаден,0.238
Братислав Ташковски,Големата љубовна песна 4.зрнце,9,стих,0.2285
Братислав Ташковски,Големата љубовна песна 4.зрнце,10,заборавен,0.2121
Братислав Ташковски,Големата љубовна песна 5.ангелот,1,блаженство,0.2919
Братислав Ташковски,Големата љубовна песна 5.ангелот,2,одбере,0.2799
Братислав Ташковски,Големата љубовна песна 5.ангелот,3,тркало,0.2799
Братислав Ташковски,Големата љубовна песна 5.ангелот,4,грешник,0.2705
Братислав Ташковски,Големата љубовна песна 5.ангелот,5,немоќен,0.2564
Братислав Ташковски,Големата љубовна песна 5.ангелот,6,љубов,0.2407
Братислав Ташковски,Големата љубовна песна 5.ангелот,7,заврши,0.2274
Братислав Ташковски,Големата љубовна песна 5.ангелот,8,собере,0.2124
Братислав Ташковски,Големата љубовна песна 5.ангелот,9,направи,0.2048
Братислав Ташковски,Големата љубовна песна 5.ангелот,10,замине,0.1969
Братислав Ташковски,Големата љубовна песна 6.патување,1,девојка,0.2335
Братислав Ташковски,Големата љубовна песна 6.патување,2,толку,0.1781
Братислав Ташковски,Големата љубовна песна 6.патување,3,ангелче,0.1776
Братислав Ташковски,Големата љубовна песна 6.патување,4,венер,0.1776
Братислав Ташковски,Големата љубовна песна 6.патување,5,надменост,0.1776
Братислав Ташковски,Големата љубовна песна 6.патување,6,очигледно,0.1776
Братислав Ташковски,Големата љубовна песна 6.патување,7,постоечки,0.1776
Братислав Ташковски,Големата љубовна песна 6.патување,8,простодушен,0.1776
Братислав Ташковски,Големата љубовна песна 6.патување,9,строфа,0.1776
Братислав Ташковски,Големата љубовна песна 6.патување,10,одвојува,0.1678
Братислав Ташковски,Големата љубовна песна 7.бегство,1,поле,0.2358
Братислав Ташковски,Големата љубовна песна 7.бегство,2,освои,0.2343
Братислав Ташковски,Големата љубовна песна 7.бегство,3,создавач,0.2343
Братислав Ташковски,Големата љубовна песна 7.бегство,4,јавнат,0.2343
Братислав Ташковски,Големата љубовна песна 7.бегство,5,таму,0.2281
Братислав Ташковски,Големата љубовна песна 7.бегство,6,пронајде,0.2123
Братислав Ташковски,Големата љубовна песна 7.бегство,7,бегство,0.2052
Братислав Ташковски,Големата љубовна песна 7.бегство,8,седало,0.2052
Братислав Ташковски,Големата љубовна песна 7.бегство,9,глагол,0.1994
Братислав Ташковски,Големата љубовна песна 7.бегство,10,нацрта,0.1994
Братислав Ташковски,Големата љубовна песна 8.малост,1,замрази,0.2808
Братислав Ташковски,Големата љубовна песна 8.малост,2,расонет,0.2808
Братислав Ташковски,Големата љубовна песна 8.малост,3,должина,0.2653
Братислав Ташковски,Големата љубовна песна 8.малост,4,малост,0.2653
Братислав Ташковски,Големата љубовна песна 8.малост,5,поверува,0.228
Братислав Ташковски,Големата љубовна песна 8.малост,6,машина,0.2235
Братислав Ташковски,Големата љубовна песна 8.малост,7,стапало,0.2158
Братислав Ташковски,Големата љубовна песна 8.малост,8,бакне,0.2066
Братислав Ташковски,Големата љубовна песна 8.малост,9,заминува,0.204
Братислав Ташковски,Големата љубовна песна 8.малост,10,илјада,0.1912
Братислав Ташковски,Големата љубовна песна 9.немир,1,ангел,0.3405
Братислав Ташковски,Големата љубовна песна 9.немир,2,полета,0.2729
Братислав Ташковски,Големата љубовна песна 9.немир,3,расправија,0.2729
Братислав Ташковски,Големата љубовна песна 9.немир,4,христов,0.2729
Братислав Ташковски,Големата љубовна песна 9.немир,5,посаки,0.2579
Братислав Ташковски,Големата љубовна песна 9.немир,6,близу,0.2265
Братислав Ташковски,Големата љубовна песна 9.немир,7,зар,0.2216
Братислав Ташковски,Големата љубовна песна 9.немир,8,дознае,0.2133
Братислав Ташковски,Големата љубовна песна 9.немир,9,легло,0.2098
Братислав Ташковски,Големата љубовна песна 9.немир,10,немир,0.2066
Братислав Ташковски,Да ги заборавиме пророците 2.,1,бов,0.2095
Братислав Ташковски,Да ги заборавиме пророците 2.,2,девственик,0.2095
Братислав Ташковски,Да ги заборавиме пророците 2.,3,дилема,0.2095
Братислав Ташковски,Да ги заборавиме пророците 2.,4,ерес,0.2095
Братислав Ташковски,Да ги заборавиме пророците 2.,5,нетипичен,0.2095
Братислав Ташковски,Да ги заборавиме пророците 2.,6,потврди,0.2095
Братислав Ташковски,Да ги заборавиме пророците 2.,7,тогаш,0.1995
Братислав Ташковски,Да ги заборавиме пророците 2.,8,аскета,0.1979
Братислав Ташковски,Да ги заборавиме пророците 2.,9,група,0.1979
Братислав Ташковски,Да ги заборавиме пророците 2.,10,однесување,0.1979
Братислав Ташковски,Да ги заборавиме пророците 3.,1,надополнување,0.2262
Братислав Ташковски,Да ги заборавиме пророците 3.,2,недокажан,0.2262
Братислав Ташковски,Да ги заборавиме пророците 3.,3,ослободеникако,0.2262
Братислав Ташковски,Да ги заборавиме пророците 3.,4,составувач,0.2262
Братислав Ташковски,Да ги заборавиме пророците 3.,5,триумф,0.2262
Братислав Ташковски,Да ги заборавиме пророците 3.,6,философија,0.2138
Братислав Ташковски,Да ги заборавиме пророците 3.,7,започнат,0.2049
Братислав Ташковски,Да ги заборавиме пророците 3.,8,поинаков,0.2049
Братислав Ташковски,Да ги заборавиме пророците 3.,9,толкување,0.2049
Братислав Ташковски,Да ги заборавиме пророците 3.,10,суштество,0.1981
Братислав Ташковски,Да ги заборавиме пророците 4.,1,грев,0.2977
Братислав Ташковски,Да ги заборавиме пророците 4.,2,евангелист,0.2434
Братислав Ташковски,Да ги заборавиме пророците 4.,3,одбрана,0.2434
Братислав Ташковски,Да ги заборавиме пророците 4.,4,ѕимвал,0.2434
Братислав Ташковски,Да ги заборавиме пророците 4.,5,простување,0.23
Братислав Ташковски,Да ги заборавиме пророците 4.,6,псалм,0.23
Братислав Ташковски,Да ги заборавиме пророците 4.,7,дозволува,0.2131
Братислав Ташковски,Да ги заборавиме пророците 4.,8,ечи,0.2131
Братислав Ташковски,Да ги заборавиме пророците 4.,9,измисли,0.2071
Братислав Ташковски,Да ги заборавиме пророците 4.,10,прошка,0.2071
Братислав Ташковски,Да ги заборавиме пророците(есеј во стихови),1,љуби,0.4142
Братислав Ташковски,Да ги заборавиме пророците(есеј во стихови),2,земски,0.2183
Братислав Ташковски,Да ги заборавиме пророците(есеј во стихови),3,знаа,0.2183
Братислав Ташковски,Да ги заборавиме пророците(есеј во стихови),4,испеан,0.2183
Братислав Ташковски,Да ги заборавиме пророците(есеј во стихови),5,философија,0.2063
Братислав Ташковски,Да ги заборавиме пророците(есеј во стихови),6,шише,0.2063
Братислав Ташковски,Да ги заборавиме пророците(есеј во стихови),7,замисли,0.1812
Братислав Ташковски,Да ги заборавиме пророците(есеј во стихови),8,доволно,0.1737
Братислав Ташковски,Да ги заборавиме пророците(есеј во стихови),9,изгорен,0.1737
Братислав Ташковски,Да ги заборавиме пророците(есеј во стихови),10,останат,0.1737
Братислав Ташковски,"Да, така е!",1,благодари,0.3752
Братислав Ташковски,"Да, така е!",2,чувствува,0.2722
Братислав Ташковски,"Да, така е!",3,природо,0.2071
Братислав Ташковски,"Да, така е!",4,решавачки,0.2071
Братислав Ташковски,"Да, така е!",5,скрои,0.2071
Братислав Ташковски,"Да, така е!",6,создателу,0.2071
Братислав Ташковски,"Да, така е!",7,недостаток,0.1957
Братислав Ташковски,"Да, така е!",8,посебно,0.1957
Братислав Ташковски,"Да, така е!",9,понизен,0.1876
Братислав Ташковски,"Да, така е!",10,посакува,0.1876
Братислав Ташковски,Далечина,1,дома,0.3788
Братислав Ташковски,Далечина,2,вонвременски,0.295
Братислав Ташковски,Далечина,3,припаѓи,0.295
Братислав Ташковски,Далечина,4,состојба,0.2583
Братислав Ташковски,Далечина,5,наскоро,0.2449
Братислав Ташковски,Далечина,6,легло,0.2268
Братислав Ташковски,Далечина,7,дел,0.2144
Братислав Ташковски,Далечина,8,заминува,0.2144
Братислав Ташковски,Далечина,9,сигурно,0.2144
Братислав Ташковски,Далечина,10,бакнува,0.2094
Братислав Ташковски,До крај,1,крај,0.3336
Братислав Ташковски,До крај,2,истере,0.2482
Братислав Ташковски,До крај,3,черепница,0.2482
Братислав Ташковски,До крај,4,дотогаш,0.2248
Братислав Ташковски,До крај,5,нацрта,0.2112
Братислав Ташковски,До крај,6,правец,0.2112
Братислав Ташковски,До крај,7,започнува,0.2015
Братислав Ташковски,До крај,8,песно,0.1852
Братислав Ташковски,До крај,9,љуба,0.1803
Братислав Ташковски,До крај,10,дух,0.1782
Братислав Ташковски,Еден ден,1,борилиште,0.2757
Братислав Ташковски,Еден ден,2,злобник,0.2757
Братислав Ташковски,Еден ден,3,инспирација,0.2757
Братислав Ташковски,Еден ден,4,оруди,0.2757
Братислав Ташковски,Еден ден,5,победува,0.2605
Братислав Ташковски,Еден ден,6,сешки,0.2605
Братислав Ташковски,Еден ден,7,тема,0.2605
Братислав Ташковски,Еден ден,8,спротивен,0.2414
Братислав Ташковски,Еден ден,9,замисли,0.2288
Братислав Ташковски,Еден ден,10,ден,0.2127
Братислав Ташковски,Ефтинија,1,внимава,0.2132
Братислав Ташковски,Ефтинија,2,гранап,0.2132
Братислав Ташковски,Ефтинија,3,ефтин,0.2132
Братислав Ташковски,Ефтинија,4,искубан,0.2132
Братислав Ташковски,Ефтинија,5,лебот-бае,0.2132
Братислав Ташковски,Ефтинија,6,случајник,0.2132
Братислав Ташковски,Ефтинија,7,беседи,0.2015
Братислав Ташковски,Ефтинија,8,даскал,0.2015
Братислав Ташковски,Ефтинија,9,министер,0.2015
Братислав Ташковски,Ефтинија,10,продавачка,0.2015
Братислав Ташковски,Жолтите ѕвездички во нашата соба,1,малку,0.2019
Братислав Ташковски,Жолтите ѕвездички во нашата соба,2,аспирин,0.1842
Братислав Ташковски,Жолтите ѕвездички во нашата соба,3,грицкање,0.1842
Братислав Ташковски,Жолтите ѕвездички во нашата соба,4,димензија,0.1842
Братислав Ташковски,Жолтите ѕвездички во нашата соба,5,кофеин,0.1842
Братислав Ташковски,Жолтите ѕвездички во нашата соба,6,локум,0.1842
Братислав Ташковски,Жолтите ѕвездички во нашата соба,7,печка,0.1842
Братислав Ташковски,Жолтите ѕвездички во нашата соба,8,рецитира,0.1842
Братислав Ташковски,Жолтите ѕвездички во нашата соба,9,свенато,0.1842
Братислав Ташковски,Жолтите ѕвездички во нашата соба,10,теснотија,0.1842
Братислав Ташковски,За апокрифите,1,треба,0.3269
Братислав Ташковски,За апокрифите,2,таму,0.3216
Братислав Ташковски,За апокрифите,3,вистина,0.2545
Братислав Ташковски,За апокрифите,4,противприроден,0.2203
Братислав Ташковски,За апокрифите,5,растурач,0.2203
Братислав Ташковски,За апокрифите,6,догма,0.2082
Братислав Ташковски,За апокрифите,7,поведение,0.2082
Братислав Ташковски,За апокрифите,8,многумина,0.1996
Братислав Ташковски,За апокрифите,9,спротивност,0.1996
Братислав Ташковски,За апокрифите,10,смена,0.1929
Братислав Ташковски,За предметите и вечноста,1,доаѓање,0.2622
Братислав Ташковски,За предметите и вечноста,2,докажува,0.2622
Братислав Ташковски,За предметите и вечноста,3,мирување,0.2622
Братислав Ташковски,За предметите и вечноста,4,оправди,0.2622
Братислав Ташковски,За предметите и вечноста,5,помрдне,0.2622
Братислав Ташковски,За предметите и вечноста,6,њутнов,0.2622
Братислав Ташковски,За предметите и вечноста,7,тука,0.262
Братислав Ташковски,За предметите и вечноста,8,премести,0.2375
Братислав Ташковски,За предметите и вечноста,9,напише,0.2015
Братислав Ташковски,За предметите и вечноста,10,закон,0.1956
Братислав Ташковски,За сега толку,1,напише,0.6821
Братислав Ташковски,За сега толку,2,верува,0.5267
Братислав Ташковски,За сега толку,3,книга,0.5073
Братислав Ташковски,За сите небиднати љубови,1,сладострастие,0.3632
Братислав Ташковски,За сите небиднати љубови,2,муза,0.3432
Братислав Ташковски,За сите небиднати љубови,3,сторен,0.2949
Братислав Ташковски,За сите небиднати љубови,4,стих,0.2639
Братислав Ташковски,За сите небиднати љубови,5,може,0.2576
Братислав Ташковски,За сите небиднати љубови,6,исчезнува,0.2549
Братислав Ташковски,За сите небиднати љубови,7,прегратка,0.2451
Братислав Ташковски,За сите небиднати љубови,8,заборави,0.2429
Братислав Ташковски,За сите небиднати љубови,9,само,0.2423
Братислав Ташковски,За сите небиднати љубови,10,полека,0.2368
Братислав Ташковски,Зад зборовите,1,добар,0.2693
Братислав Ташковски,Зад зборовите,2,спие,0.2391
Братислав Ташковски,Зад зборовите,3,таму,0.2142
Братислав Ташковски,Зад зборовите,4,освојување,0.208
Братислав Ташковски,Зад зборовите,5,вардач,0.1994
Братислав Ташковски,Зад зборовите,6,еднорог,0.1994
Братислав Ташковски,Зад зборовите,7,лира,0.1994
Братислав Ташковски,Зад зборовите,8,продава,0.1928
Братислав Ташковски,Зад зборовите,9,рожба,0.1928
Братислав Ташковски,Зад зборовите,10,азбука,0.1787
Братислав Ташковски,"Заедно, само така!",1,секогаш,0.2684
Братислав Ташковски,"Заедно, само така!",2,трофеј,0.2573
Братислав Ташковски,"Заедно, само така!",3,неизгубен,0.2431
Братислав Ташковски,"Заедно, само така!",4,поинаков,0.2331
Братислав Ташковски,"Заедно, само така!",5,пронајде,0.2331
Братислав Ташковски,"Заедно, само така!",6,дозволува,0.2253
Братислав Ташковски,"Заедно, само така!",7,предавник,0.219
Братислав Ташковски,"Заедно, само така!",8,сака,0.2137
Братислав Ташковски,"Заедно, само така!",9,немоќ,0.2136
Братислав Ташковски,"Заедно, само така!",10,чин,0.2048
Братислав Ташковски,И тогаш..,1,наоѓање,0.3082
Братислав Ташковски,И тогаш..,2,недостига,0.2913
Братислав Ташковски,И тогаш..,3,барање,0.2793
Братислав Ташковски,И тогаш..,4,најден,0.2699
Братислав Ташковски,И тогаш..,5,минлив,0.2503
Братислав Ташковски,И тогаш..,6,поверува,0.2503
Братислав Ташковски,И тогаш..,7,бори,0.2269
Братислав Ташковски,И тогаш..,8,заврши,0.2269
Братислав Ташковски,И тогаш..,9,стега,0.2269
Братислав Ташковски,И тогаш..,10,затворен,0.201
Братислав Ташковски,Искрено!,1,греши,0.7439
Братислав Ташковски,Искрено!,2,знае,0.6683
Братислав Ташковски,Како птиците,1,гнезда,0.2084
Братислав Ташковски,Како птиците,2,гука,0.2084
Братислав Ташковски,Како птиците,3,додворува,0.2084
Братислав Ташковски,Како птиците,4,перфекциостист,0.2084
Братислав Ташковски,Како птиците,5,тескобност,0.2084
Братислав Ташковски,Како птиците,6,поправа,0.1969
Братислав Ташковски,Како птиците,7,препознатлив,0.1969
Братислав Ташковски,Како птиците,8,вдахнува,0.1888
Братислав Ташковски,Како птиците,9,сламка,0.1888
Братислав Ташковски,Како птиците,10,ритуал,0.1825
Братислав Ташковски,Миг,1,миг,0.3345
Братислав Ташковски,Миг,2,дебељанов,0.3119
Братислав Ташковски,Миг,3,вапцаров,0.2947
Братислав Ташковски,Миг,4,поинаку,0.2532
Братислав Ташковски,Миг,5,помне,0.2397
Братислав Ташковски,Миг,6,погледне,0.2239
Братислав Ташковски,Миг,7,лош,0.2166
Братислав Ташковски,Миг,8,вечно,0.2085
Братислав Ташковски,Миг,9,мој,0.2041
Братислав Ташковски,Миг,10,добро,0.2017
Братислав Ташковски,Ноќва,1,оплочи,0.2132
Братислав Ташковски,Ноќва,2,повики,0.2132
Братислав Ташковски,Ноќва,3,формула,0.2132
Братислав Ташковски,Ноќва,4,црнило,0.2132
Братислав Ташковски,Ноќва,5,атлас,0.2015
Братислав Ташковски,Ноќва,6,престорува,0.2015
Братислав Ташковски,Ноќва,7,лост,0.1867
Братислав Ташковски,Ноќва,8,нубав,0.1867
Братислав Ташковски,Ноќва,9,хор,0.1814
Братислав Ташковски,Ноќва,10,ангела,0.177
Братислав Ташковски,Пијанство,1,акварел,0.3766
Братислав Ташковски,Пијанство,2,нацрта,0.3392
Братислав Ташковски,Пијанство,3,вели,0.2165
Братислав Ташковски,Пијанство,4,може,0.212
Братислав Ташковски,Пијанство,5,сл.,0.1993
Братислав Ташковски,Пијанство,6,таму,0.194
Братислав Ташковски,Пијанство,7,кутре,0.1883
Братислав Ташковски,Пијанство,8,препознатлив,0.1883
Братислав Ташковски,Пијанство,9,буре,0.1805
Братислав Ташковски,Пијанство,10,обратно,0.1805
Братислав Ташковски,После толку години,1,толку,0.2473
Братислав Ташковски,После толку години,2,разголи,0.2467
Братислав Ташковски,После толку години,3,испее,0.2235
Братислав Ташковски,После толку години,4,ненапишан,0.2235
Братислав Ташковски,После толку години,5,пишување,0.2235
Братислав Ташковски,После толку години,6,распознава,0.2235
Братислав Ташковски,После толку години,7,плен,0.216
Братислав Ташковски,После толку години,8,роман,0.216
Братислав Ташковски,После толку години,9,чуда,0.216
Братислав Ташковски,После толку години,10,потпира,0.2099
Братислав Ташковски,Сам,1,дуња,0.3125
Братислав Ташковски,Сам,2,ловец,0.2962
Братислав Ташковски,Сам,3,храброст,0.2898
Братислав Ташковски,Сам,4,битка,0.279
Братислав Ташковски,Сам,5,зрнце,0.279
Братислав Ташковски,Сам,6,стреа,0.2663
Братислав Ташковски,Сам,7,заминува,0.2593
Братислав Ташковски,Сам,8,стигне,0.243
Братислав Ташковски,Сам,9,овде,0.2309
Братислав Ташковски,Сам,10,затоа,0.2156
Братислав Ташковски,Се може ли без тоа,1,може,0.3074
Братислав Ташковски,Се може ли без тоа,2,прерасне,0.289
Братислав Ташковски,Се може ли без тоа,3,прочитан,0.2619
Братислав Ташковски,Се може ли без тоа,4,лебде,0.2531
Братислав Ташковски,Се може ли без тоа,5,неми,0.2531
Братислав Ташковски,Се може ли без тоа,6,поинаку,0.2347
Братислав Ташковски,Се може ли без тоа,7,љуб,0.2156
Братислав Ташковски,Се може ли без тоа,8,празник,0.2075
Братислав Ташковски,Се може ли без тоа,9,натаму,0.2029
Братислав Ташковски,Се може ли без тоа,10,вечно,0.1933
Братислав Ташковски,Се предавам,1,завештува,0.2927
Братислав Ташковски,Се предавам,2,прикаже,0.2927
Братислав Ташковски,Се предавам,3,забележи,0.2563
Братислав Ташковски,Се предавам,4,пренесе,0.2491
Братислав Ташковски,Се предавам,5,изморен,0.243
Братислав Ташковски,Се предавам,6,разделба,0.243
Братислав Ташковски,Се предавам,7,легнува,0.225
Братислав Ташковски,Се предавам,8,предава,0.2216
Братислав Ташковски,Се предавам,9,дави,0.2184
Братислав Ташковски,Се предавам,10,досега,0.2184
Братислав Ташковски,Сега,1,сè,0.3157
Братислав Ташковски,Сега,2,неверојатен,0.2533
Братислав Ташковски,Сега,3,непредвидлив,0.2428
Братислав Ташковски,Сега,4,отиде,0.2428
Братислав Ташковски,Сега,5,многу,0.2281
Братислав Ташковски,Сега,6,близу,0.2225
Братислав Ташковски,Сега,7,азбука,0.2176
Братислав Ташковски,Сега,8,објаснува,0.2133
Братислав Ташковски,Сега,9,прочита,0.2133
Братислав Ташковски,Сега,10,половина,0.2029
Братислав Ташковски,Сонце мое,1,пишува,0.3489
Братислав Ташковски,Сонце мое,2,дефинири,0.2815
Братислав Ташковски,Сонце мое,3,свенал,0.2815
Братислав Ташковски,Сонце мое,4,спречува,0.2815
Братислав Ташковски,Сонце мое,5,сивило,0.2551
Братислав Ташковски,Сонце мое,6,поинаку,0.2286
Братислав Ташковски,Сонце мое,7,издржи,0.2201
Братислав Ташковски,Сонце мое,8,спокоен,0.2164
Братислав Ташковски,Сонце мое,9,исчезне,0.21
Братислав Ташковски,Сонце мое,10,буен,0.2046
Братислав Ташковски,Ти реков тогаш,1,круниса,0.3791
Братислав Ташковски,Ти реков тогаш,2,издише,0.3435
Братислав Ташковски,Ти реков тогаш,3,дело,0.2914
Братислав Ташковски,Ти реков тогаш,4,воин,0.287
Братислав Ташковски,Ти реков тогаш,5,исто,0.2722
Братислав Ташковски,Ти реков тогаш,6,бргу,0.2661
Братислав Ташковски,Ти реков тогаш,7,борба,0.2607
Братислав Ташковски,Ти реков тогаш,8,води,0.2264
Братислав Ташковски,Ти реков тогаш,9,верува,0.225
Братислав Ташковски,Ти реков тогаш,10,рече,0.1978
Братислав Ташковски,Тогаш,1,ист,0.2762
Братислав Ташковски,Тогаш,2,динамика,0.252
Братислав Ташковски,Тогаш,3,фуга,0.252
Братислав Ташковски,Тогаш,4,стар,0.2484
Братислав Ташковски,Тогаш,5,глуми,0.2381
Братислав Ташковски,Тогаш,6,одговора,0.2381
Братислав Ташковски,Тогаш,7,животе,0.2283
Братислав Ташковски,Тогаш,8,плете,0.2207
Братислав Ташковски,Тогаш,9,небо,0.2011
Братислав Ташковски,Тогаш,10,прашање,0.1907
Братислав Ташковски,Филозофско решавање на малата утринска расправија,1,аматер,0.2826
Братислав Ташковски,Филозофско решавање на малата утринска расправија,2,заслужува,0.2826
Братислав Ташковски,Филозофско решавање на малата утринска расправија,3,констатира,0.2826
Братислав Ташковски,Филозофско решавање на малата утринска расправија,4,прогласен,0.2826
Братислав Ташковски,Филозофско решавање на малата утринска расправија,5,туркач,0.2826
Братислав Ташковски,Филозофско решавање на малата утринска расправија,6,туркање,0.2826
Братислав Ташковски,Филозофско решавање на малата утринска расправија,7,почетник,0.267
Братислав Ташковски,Филозофско решавање на малата утринска расправија,8,убеден,0.267
Братислав Ташковски,Филозофско решавање на малата утринска расправија,9,угорнина,0.267
Братислав Ташковски,Филозофско решавање на малата утринска расправија,10,сабота,0.256
Братислав Ташковски,Цвеќето,1,синтеза,0.3687
Братислав Ташковски,Цвеќето,2,катмер,0.1844
Братислав Ташковски,Цвеќето,3,нерасонета,0.1844
Братислав Ташковски,Цвеќето,4,предиспозиција,0.1844
Братислав Ташковски,Цвеќето,5,распарталавен,0.1844
Братислав Ташковски,Цвеќето,6,цвеќен,0.1844
Братислав Ташковски,Цвеќето,7,пресадува,0.1742
Братислав Ташковски,Цвеќето,8,отсече,0.167
Братислав Ташковски,Цвеќето,9,поетски,0.167
Братислав Ташковски,Цвеќето,10,вари,0.1615
Братислав Ташковски,Што е љубовта?,1,одговор,0.2426
Братислав Ташковски,Што е љубовта?,2,беспредметен,0.1648
Братислав Ташковски,Што е љубовта?,3,бодлер,0.1648
Братислав Ташковски,Што е љубовта?,4,забавено,0.1648
Братислав Ташковски,Што е љубовта?,5,инерција,0.1648
Братислав Ташковски,Што е љубовта?,6,курва,0.1648
Братислав Ташковски,Што е љубовта?,7,мега-настан,0.1648
Братислав Ташковски,Што е љубовта?,8,надв,0.1648
Братислав Ташковски,Што е љубовта?,9,олга,0.1648
Братислав Ташковски,Што е љубовта?,10,пастернак,0.1648
Веле Смилевски,Алтернативна книга,1,конечно,0.5307
Веле Смилевски,Алтернативна книга,2,открие,0.2823
Веле Смилевски,Алтернативна книга,3,планина,0.2101
Веле Смилевски,Алтернативна книга,4,изопаченост,0.1966
Веле Смилевски,Алтернативна книга,5,распукне,0.1966
Веле Смилевски,Алтернативна книга,6,сеткриеме,0.1966
Веле Смилевски,Алтернативна книга,7,сродство,0.1966
Веле Смилевски,Алтернативна книга,8,раска,0.1858
Веле Смилевски,Алтернативна книга,9,спонтано,0.1858
Веле Смилевски,Алтернативна книга,10,нужен,0.1722
Веле Смилевски,Бекграунд на книгата,1,литература,0.4202
Веле Смилевски,Бекграунд на книгата,2,сигнатура,0.4202
Веле Смилевски,Бекграунд на книгата,3,негува,0.2208
Веле Смилевски,Бекграунд на книгата,4,сега,0.1694
Веле Смилевски,Бекграунд на книгата,5,место,0.0843
Веле Смилевски,Бекграунд на книгата,6,атлантида,0.084
Веле Смилевски,Бекграунд на книгата,7,беспоговорно,0.084
Веле Смилевски,Бекграунд на книгата,8,галопја,0.084
Веле Смилевски,Бекграунд на книгата,9,глогов,0.084
Веле Смилевски,Бекграунд на книгата,10,допишува,0.084
Веле Смилевски,Белата книга на Маноли Аанагностаки,1,аплауз,0.3993
Веле Смилевски,Белата книга на Маноли Аанагностаки,2,засед,0.3774
Веле Смилевски,Белата книга на Маноли Аанагностаки,3,потонува,0.3398
Веле Смилевски,Белата книга на Маноли Аанагностаки,4,бел,0.2549
Веле Смилевски,Белата книга на Маноли Аанагностаки,5,знае,0.229
Веле Смилевски,Белата книга на Маноли Аанагностаки,6,само,0.1998
Веле Смилевски,Белата книга на Маноли Аанагностаки,7,анагностака,0.1997
Веле Смилевски,Белата книга на Маноли Аанагностаки,8,истрел,0.1997
Веле Смилевски,Белата книга на Маноли Аанагностаки,9,маноли,0.1997
Веле Смилевски,Белата книга на Маноли Аанагностаки,10,облека,0.1809
Веле Смилевски,Болестите на книгата,1,приватен,0.8447
Веле Смилевски,Болестите на книгата,2,потреба,0.2262
Веле Смилевски,Болестите на книгата,3,апетит,0.0965
Веле Смилевски,Болестите на книгата,4,болница,0.0965
Веле Смилевски,Болестите на книгата,5,грача,0.0965
Веле Смилевски,Болестите на книгата,6,деривата,0.0965
Веле Смилевски,Болестите на книгата,7,згуснување,0.0965
Веле Смилевски,Болестите на книгата,8,консумиран,0.0965
Веле Смилевски,Болестите на книгата,9,мокрење,0.0965
Веле Смилевски,Болестите на книгата,10,поцинкување,0.0965
Веле Смилевски,Времето на книгата,1,живее,0.2495
Веле Смилевски,Времето на книгата,2,раѓа,0.2129
Веле Смилевски,Времето на книгата,3,умира,0.2039
Веле Смилевски,Времето на книгата,4,искре,0.1563
Веле Смилевски,Времето на книгата,5,ложа,0.1563
Веле Смилевски,Времето на книгата,6,наверојатен,0.1563
Веле Смилевски,Времето на книгата,7,неименуван,0.1563
Веле Смилевски,Времето на книгата,8,партитура,0.1563
Веле Смилевски,Времето на книгата,9,распетлан,0.1563
Веле Смилевски,Времето на книгата,10,растителки,0.1563
Веле Смилевски,Гола книга,1,топол,0.266
Веле Смилевски,Гола книга,2,изоранат,0.2578
Веле Смилевски,Гола книга,3,модифицира,0.2578
Веле Смилевски,Гола книга,4,проодува,0.2578
Веле Смилевски,Гола книга,5,фетус,0.2436
Веле Смилевски,Гола книга,6,одвнатре,0.2258
Веле Смилевски,Гола книга,7,почва,0.2194
Веле Смилевски,Гола книга,8,срамен,0.2194
Веле Смилевски,Гола книга,9,прочита,0.2052
Веле Смилевски,Гола книга,10,црта,0.2052
Веле Смилевски,Едноставна книга,1,реплика,0.3086
Веле Смилевски,Едноставна книга,2,четиво,0.3086
Веле Смилевски,Едноставна книга,3,баналност,0.2916
Веле Смилевски,Едноставна книга,4,препушта,0.2916
Веле Смилевски,Едноставна книга,5,едноставен,0.2626
Веле Смилевски,Едноставна книга,6,слекува,0.2626
Веле Смилевски,Едноставна книга,7,подготвува,0.2505
Веле Смилевски,Едноставна книга,8,заседа,0.2456
Веле Смилевски,Едноставна книга,9,ден.,0.2412
Веле Смилевски,Едноставна книга,10,открива,0.219
Веле Смилевски,Еротска книга,1,петел,0.2453
Веле Смилевски,Еротска книга,2,поглед,0.1584
Веле Смилевски,Еротска книга,3,аметист,0.1569
Веле Смилевски,Еротска книга,4,вивна,0.1569
Веле Смилевски,Еротска книга,5,гриз,0.1569
Веле Смилевски,Еротска книга,6,заклан,0.1569
Веле Смилевски,Еротска книга,7,крвоскок,0.1569
Веле Смилевски,Еротска книга,8,маларме,0.1569
Веле Смилевски,Еротска книга,9,мушнат,0.1569
Веле Смилевски,Еротска книга,10,ношница,0.1569
Веле Смилевски,Заборавена книга,1,книга,0.6655
Веле Смилевски,Заборавена книга,2,заборавен,0.5049
Веле Смилевски,Заборавена книга,3,крај,0.1863
Веле Смилевски,Заборавена книга,4,предмет,0.1112
Веле Смилевски,Заборавена книга,5,биро,0.0831
Веле Смилевски,Заборавена книга,6,гулабарник,0.0831
Веле Смилевски,Заборавена книга,7,едвард,0.0831
Веле Смилевски,Заборавена книга,8,коцбек,0.0831
Веле Смилевски,Заборавена книга,9,месарница,0.0831
Веле Смилевски,Заборавена книга,10,микроскоп,0.0831
Веле Смилевски,Забранета книга,1,забранет,0.974
Веле Смилевски,Забранета книга,2,гракање,0.0633
Веле Смилевски,Забранета книга,3,отворен,0.041
Веле Смилевски,Забранета книга,4,копање,0.0399
Веле Смилевски,Забранета книга,5,книга,0.0362
Веле Смилевски,Забранета книга,6,ширум,0.0351
Веле Смилевски,Забранета книга,7,глужд,0.0343
Веле Смилевски,Забранета книга,8,мисла,0.0324
Веле Смилевски,Забранета книга,9,јаве,0.0315
Веле Смилевски,Забранета книга,10,ветар,0.0303
Веле Смилевски,Заробена книга (1.),1,ηа,0.2344
Веле Смилевски,Заробена книга (1.),2,грне,0.2344
Веле Смилевски,Заробена книга (1.),3,жолтица,0.2344
Веле Смилевски,Заробена книга (1.),4,посев,0.2344
Веле Смилевски,Заробена книга (1.),5,колеблив,0.2215
Веле Смилевски,Заробена книга (1.),6,обединување,0.2215
Веле Смилевски,Заробена книга (1.),7,однегуван,0.2215
Веле Смилевски,Заробена книга (1.),8,стареење,0.2215
Веле Смилевски,Заробена книга (1.),9,читање,0.2215
Веле Смилевски,Заробена книга (1.),10,коцка,0.2124
Веле Смилевски,Заробена книга (2.),1,дише,0.3269
Веле Смилевски,Заробена книга (2.),2,зинува,0.24
Веле Смилевски,Заробена книга (2.),3,сослушува,0.24
Веле Смилевски,Заробена книга (2.),4,лежење,0.2268
Веле Смилевски,Заробена книга (2.),5,преселба,0.2268
Веле Смилевски,Заробена книга (2.),6,тегла,0.2268
Веле Смилевски,Заробена книга (2.),7,шешира,0.2268
Веле Смилевски,Заробена книга (2.),8,ќелија,0.2268
Веле Смилевски,Заробена книга (2.),9,будилник,0.2174
Веле Смилевски,Заробена книга (2.),10,згура,0.2174
Веле Смилевски,Заробена книга (3.),1,празен,0.2606
Веле Смилевски,Заробена книга (3.),2,глава,0.2324
Веле Смилевски,Заробена книга (3.),3,архива,0.2302
Веле Смилевски,Заробена книга (3.),4,одгледан,0.2302
Веле Смилевски,Заробена книга (3.),5,самогласки,0.2302
Веле Смилевски,Заробена книга (3.),6,симбола,0.2302
Веле Смилевски,Заробена книга (3.),7,бесилка,0.2175
Веле Смилевски,Заробена книга (3.),8,пресликан,0.2175
Веле Смилевски,Заробена книга (3.),9,шифра,0.2175
Веле Смилевски,Заробена книга (3.),10,џвака,0.2175
Веле Смилевски,Идеална книга,1,поета,0.3396
Веле Смилевски,Идеална книга,2,заведен,0.1939
Веле Смилевски,Идеална книга,3,камила,0.1939
Веле Смилевски,Идеална книга,4,копија,0.1939
Веле Смилевски,Идеална книга,5,предградие,0.1939
Веле Смилевски,Идеална книга,6,разрушен,0.1939
Веле Смилевски,Идеална книга,7,реновира,0.1939
Веле Смилевски,Идеална книга,8,остане,0.1905
Веле Смилевски,Идеална книга,9,манифест,0.1832
Веле Смилевски,Идеална книга,10,препушта,0.1832
Веле Смилевски,КНнигата театар,1,аплаудира,0.3602
Веле Смилевски,КНнигата театар,2,публика,0.3404
Веле Смилевски,КНнигата театар,3,безмилосно,0.2924
Веле Смилевски,КНнигата театар,4,завеса,0.2924
Веле Смилевски,КНнигата театар,5,рефлектор,0.2269
Веле Смилевски,КНнигата театар,6,страна,0.2039
Веле Смилевски,КНнигата театар,7,десен,0.195
Веле Смилевски,КНнигата театар,8,крцка,0.195
Веле Смилевски,КНнигата театар,9,лев,0.1791
Веле Смилевски,КНнигата театар,10,образ,0.1724
Веле Смилевски,Книга за сослушување,1,молк,0.3299
Веле Смилевски,Книга за сослушување,2,влегува,0.3057
Веле Смилевски,Книга за сослушување,3,засушен,0.1599
Веле Смилевски,Книга за сослушување,4,најава,0.1599
Веле Смилевски,Книга за сослушување,5,пандорина,0.1599
Веле Смилевски,Книга за сослушување,6,дамнешен,0.1511
Веле Смилевски,Книга за сослушување,7,дојденец,0.1511
Веле Смилевски,Книга за сослушување,8,измет,0.1511
Веле Смилевски,Книга за сослушување,9,клопче,0.1511
Веле Смилевски,Книга за сослушување,10,неподнослив,0.1511
Веле Смилевски,Книга на Епигоните,1,брифиран,0.1897
Веле Смилевски,Книга на Епигоните,2,внатрина,0.1897
Веле Смилевски,Книга на Епигоните,3,воздигнат,0.1897
Веле Смилевски,Книга на Епигоните,4,катарзичен,0.1897
Веле Смилевски,Книга на Епигоните,5,ковачник,0.1897
Веле Смилевски,Книга на Епигоните,6,набраде,0.1897
Веле Смилевски,Книга на Епигоните,7,наковални,0.1897
Веле Смилевски,Книга на Епигоните,8,нужно,0.1897
Веле Смилевски,Книга на Епигоните,9,очиглед,0.1897
Веле Смилевски,Книга на Епигоните,10,потпалува,0.1897
Веле Смилевски,Книга на животот,1,живот,0.3643
Веле Смилевски,Книга на животот,2,книга,0.2719
Веле Смилевски,Книга на животот,3,аквариум,0.1585
Веле Смилевски,Книга на животот,4,бујат,0.1585
Веле Смилевски,Книга на животот,5,вдишување,0.1585
Веле Смилевски,Книга на животот,6,интермецо,0.1585
Веле Смилевски,Книга на животот,7,монитор,0.1585
Веле Смилевски,Книга на животот,8,оспорува,0.1585
Веле Смилевски,Книга на животот,9,претпоставен,0.1585
Веле Смилевски,Книга на животот,10,узурпација,0.1585
Веле Смилевски,Книга на слободата,1,благословува,0.8743
Веле Смилевски,Книга на слободата,2,благослов,0.1536
Веле Смилевски,Книга на слободата,3,апсолут,0.0925
Веле Смилевски,Книга на слободата,4,вибрација,0.0925
Веле Смилевски,Книга на слободата,5,гавранов,0.0925
Веле Смилевски,Книга на слободата,6,гинзберг,0.0925
Веле Смилевски,Книга на слободата,7,дланкива,0.0925
Веле Смилевски,Книга на слободата,8,лекција,0.0925
Веле Смилевски,Книга на слободата,9,мистички,0.0925
Веле Смилевски,Книга на слободата,10,ален,0.0874
Веле Смилевски,Книга на смртта,1,книга,0.2808
Веле Смилевски,Книга на смртта,2,живее,0.2613
Веле Смилевски,Книга на смртта,3,смрт,0.2471
Веле Смилевски,Книга на смртта,4,итае,0.1637
Веле Смилевски,Книга на смртта,5,навиен,0.1637
Веле Смилевски,Книга на смртта,6,обликуван,0.1637
Веле Смилевски,Книга на смртта,7,осо,0.1637
Веле Смилевски,Книга на смртта,8,папарак,0.1637
Веле Смилевски,Книга на смртта,9,темјанушка,0.1637
Веле Смилевски,Книга на смртта,10,феникси,0.1637
Веле Смилевски,Книга на стравот,1,кремирање,0.323
Веле Смилевски,Книга на стравот,2,ролетен,0.323
Веле Смилевски,Книга на стравот,3,влез,0.3052
Веле Смилевски,Книга на стравот,4,голем,0.3006
Веле Смилевски,Книга на стравот,5,клучалка,0.2926
Веле Смилевски,Книга на стравот,6,одвнатре,0.2828
Веле Смилевски,Книга на стравот,7,спуштен,0.2681
Веле Смилевски,Книга на стравот,8,гледа,0.2593
Веле Смилевски,Книга на стравот,9,упорно,0.241
Веле Смилевски,Книга на стравот,10,буква,0.2347
Веле Смилевски,Книгата НИЕ,1,илегален,0.3735
Веле Смилевски,Книгата НИЕ,2,формира,0.3735
Веле Смилевски,Книгата НИЕ,3,единица,0.353
Веле Смилевски,Книгата НИЕ,4,независен,0.3384
Веле Смилевски,Книгата НИЕ,5,пророк,0.3033
Веле Смилевски,Книгата НИЕ,6,дете,0.179
Веле Смилевски,Книгата НИЕ,7,владетел,0.1245
Веле Смилевски,Книгата НИЕ,8,громобран,0.1245
Веле Смилевски,Книгата НИЕ,9,избоден,0.1245
Веле Смилевски,Книгата НИЕ,10,развлечен,0.1245
Веле Смилевски,Книгата Одглас,1,издишува,0.2311
Веле Смилевски,Книгата Одглас,2,пророштво,0.1793
Веле Смилевски,Книгата Одглас,3,одглас,0.1661
Веле Смилевски,Книгата Одглас,4,слуша,0.1403
Веле Смилевски,Книгата Одглас,5,праг,0.1332
Веле Смилевски,Книгата Одглас,6,граница,0.1269
Веле Смилевски,Книгата Одглас,7,благ,0.1258
Веле Смилевски,Книгата Одглас,8,час,0.1146
Веле Смилевски,Книгата Одглас,9,блејк,0.0949
Веле Смилевски,Книгата Одглас,10,бонфоа,0.0949
Веле Смилевски,Книгата есеј,1,банално,0.2501
Веле Смилевски,Книгата есеј,2,метален,0.2501
Веле Смилевски,Книгата есеј,3,овенчан,0.2501
Веле Смилевски,Книгата есеј,4,одѕвонува,0.2501
Веле Смилевски,Книгата есеј,5,спирално,0.2501
Веле Смилевски,Книгата есеј,6,сталожен,0.2501
Веле Смилевски,Книгата есеј,7,заробува,0.2363
Веле Смилевски,Книгата есеј,8,локомотива,0.2363
Веле Смилевски,Книгата есеј,9,посветен,0.2266
Веле Смилевски,Книгата есеј,10,фуснота,0.2266
Веле Смилевски,Книгата идеја,1,твој,0.5128
Веле Смилевски,Книгата идеја,2,светлина,0.5031
Веле Смилевски,Книгата идеја,3,доаѓа,0.3626
Веле Смилевски,Книгата идеја,4,заминува,0.2206
Веле Смилевски,Книгата идеја,5,крај,0.204
Веле Смилевски,Книгата идеја,6,екстаза,0.1518
Веле Смилевски,Книгата идеја,7,поведува,0.1518
Веле Смилевски,Книгата идеја,8,симетрија,0.1518
Веле Смилевски,Книгата идеја,9,гаѓа,0.1435
Веле Смилевски,Книгата идеја,10,заслепен,0.1435
Веле Смилевски,Книгата кафез,1,ѕвер,0.8326
Веле Смилевски,Книгата кафез,2,препознае,0.1876
Веле Смилевски,Книгата кафез,3,кафез,0.1407
Веле Смилевски,Книгата кафез,4,клучалка,0.1155
Веле Смилевски,Книгата кафез,5,слобода,0.1104
Веле Смилевски,Книгата кафез,6,метал,0.1015
Веле Смилевски,Книгата кафез,7,чита,0.098
Веле Смилевски,Книгата кафез,8,книга,0.0729
Веле Смилевски,Книгата кафез,9,тече,0.0725
Веле Смилевски,Книгата кафез,10,архитектура,0.0637
Веле Смилевски,Книгата куќа,1,збор,0.6213
Веле Смилевски,Книгата куќа,2,голиштарец,0.1727
Веле Смилевски,Книгата куќа,3,доѕидував,0.1727
Веле Смилевски,Книгата куќа,4,згустен,0.1727
Веле Смилевски,Книгата куќа,5,куфер,0.1727
Веле Смилевски,Книгата куќа,6,раскуќува,0.1727
Веле Смилевски,Книгата куќа,7,сачма,0.1632
Веле Смилевски,Книгата куќа,8,лече,0.1565
Веле Смилевски,Книгата куќа,9,јадење,0.1565
Веле Смилевски,Книгата куќа,10,малтер,0.1402
Веле Смилевски,Книгата планина,1,вели,0.3851
Веле Смилевски,Книгата планина,2,прениски,0.3544
Веле Смилевски,Книгата планина,3,поместува,0.3104
Веле Смилевски,Книгата планина,4,место,0.2665
Веле Смилевски,Книгата планина,5,грутка,0.2576
Веле Смилевски,Книгата планина,6,стигне,0.2414
Веле Смилевски,Книгата планина,7,почне,0.2275
Веле Смилевски,Книгата планина,8,планина,0.1893
Веле Смилевски,Книгата планина,9,земено,0.1772
Веле Смилевски,Книгата планина,10,прегори,0.1772
Веле Смилевски,Книгата поттекст,1,нијанса,0.3579
Веле Смилевски,Книгата поттекст,2,плод,0.3307
Веле Смилевски,Книгата поттекст,3,молња,0.2744
Веле Смилевски,Книгата поттекст,4,убав,0.2085
Веле Смилевски,Книгата поттекст,5,желудник,0.1975
Веле Смилевски,Книгата поттекст,6,олади,0.1975
Веле Смилевски,Книгата поттекст,7,поттекст,0.1975
Веле Смилевски,Книгата поттекст,8,раздроби,0.1975
Веле Смилевски,Книгата поттекст,9,бери,0.1867
Веле Смилевски,Книгата поттекст,10,костур,0.1867
Веле Смилевски,Книгата препознавање,1,бог,0.2372
Веле Смилевски,Книгата препознавање,2,гологлав,0.2126
Веле Смилевски,Книгата препознавање,3,избричен,0.2126
Веле Смилевски,Книгата препознавање,4,испишан,0.2126
Веле Смилевски,Книгата препознавање,5,исповеде,0.2126
Веле Смилевски,Книгата препознавање,6,играчка,0.2009
Веле Смилевски,Книгата препознавање,7,мафта,0.2009
Веле Смилевски,Книгата препознавање,8,овдека,0.2009
Веле Смилевски,Книгата препознавање,9,збунува,0.1926
Веле Смилевски,Книгата препознавање,10,предупреда,0.1926
Веле Смилевски,Книгата репродукција,1,прогонство,0.4612
Веле Смилевски,Книгата репродукција,2,вели,0.2651
Веле Смилевски,Книгата репродукција,3,ернесто,0.244
Веле Смилевски,Книгата репродукција,4,карденал,0.244
Веле Смилевски,Книгата репродукција,5,копнеевме,0.244
Веле Смилевски,Книгата репродукција,6,репродукција,0.244
Веле Смилевски,Книгата репродукција,7,манастир,0.2306
Веле Смилевски,Книгата репродукција,8,отфрлен,0.2306
Веле Смилевски,Книгата репродукција,9,пијанство,0.2137
Веле Смилевски,Книгата репродукција,10,благо,0.1981
Веле Смилевски,Книгата фрагмент,1,куп,0.718
Веле Смилевски,Книгата фрагмент,2,камење,0.545
Веле Смилевски,Книгата фрагмент,3,еден,0.2459
Веле Смилевски,Книгата фрагмент,4,смрт,0.1139
Веле Смилевски,Книгата фрагмент,5,завирува,0.1132
Веле Смилевски,Книгата фрагмент,6,избиструва,0.1132
Веле Смилевски,Книгата фрагмент,7,расправа,0.1026
Веле Смилевски,Книгата фрагмент,8,тревка,0.0901
Веле Смилевски,Книгата фрагмент,9,очај,0.0885
Веле Смилевски,Книгата фрагмент,10,бесен,0.0857
Веле Смилевски,Книгата ѕид,1,ѕид,0.9623
Веле Смилевски,Книгата ѕид,2,страна,0.1859
Веле Смилевски,Книгата ѕид,3,алтернативен,0.0411
Веле Смилевски,Книгата ѕид,4,берлински,0.0411
Веле Смилевски,Книгата ѕид,5,графит,0.0411
Веле Смилевски,Книгата ѕид,6,кршење,0.0411
Веле Смилевски,Книгата ѕид,7,курвин,0.0411
Веле Смилевски,Книгата ѕид,8,мочање,0.0411
Веле Смилевски,Книгата ѕид,9,палета,0.0411
Веле Смилевски,Книгата ѕид,10,повод,0.0411
Веле Смилевски,Концепт за книга,1,книга,0.4602
Веле Смилевски,Концепт за книга,2,забранет,0.3094
Веле Смилевски,Концепт за книга,3,ε,0.2012
Веле Смилевски,Концепт за книга,4,вжештување,0.2012
Веле Смилевски,Концепт за книга,5,постепено,0.2012
Веле Смилевски,Концепт за книга,6,тестамент,0.2012
Веле Смилевски,Концепт за книга,7,слегување,0.1902
Веле Смилевски,Концепт за книга,8,читање,0.1902
Веле Смилевски,Концепт за книга,9,забрана,0.1823
Веле Смилевски,Концепт за книга,10,исклучи,0.1823
Веле Смилевски,Коњите на книгата,1,тупоти,0.4452
Веле Смилевски,Коњите на книгата,2,копите,0.3544
Веле Смилевски,Коњите на книгата,3,удира,0.3277
Веле Смилевски,Коњите на книгата,4,одмори,0.2805
Веле Смилевски,Коњите на книгата,5,вјавнат,0.1484
Веле Смилевски,Коњите на книгата,6,контраст,0.1484
Веле Смилевски,Коњите на книгата,7,осветување,0.1484
Веле Смилевски,Коњите на книгата,8,ракува,0.1484
Веле Смилевски,Коњите на книгата,9,заведува,0.1402
Веле Смилевски,Коњите на книгата,10,откопан,0.1402
Веле Смилевски,Митска книга (Втора),1,тритон,0.3014
Веле Смилевски,Митска книга (Втора),2,посејдон,0.2848
Веле Смилевски,Митска книга (Втора),3,бура,0.2115
Веле Смилевски,Митска книга (Втора),4,морски,0.2052
Веле Смилевски,Митска книга (Втора),5,страшен,0.1907
Веле Смилевски,Митска книга (Втора),6,син,0.1591
Веле Смилевски,Митска книга (Втора),7,амфитри,0.1507
Веле Смилевски,Митска книга (Втора),8,злосут,0.1507
Веле Смилевски,Митска книга (Втора),9,нереј,0.1507
Веле Смилевски,Митска книга (Втора),10,пелена,0.1507
Веле Смилевски,Митска книга (Прва),1,зевс,0.2737
Веле Смилевски,Митска книга (Прва),2,ателје,0.1511
Веле Смилевски,Митска книга (Прва),3,делал,0.1511
Веле Смилевски,Митска книга (Прва),4,дионис,0.1511
Веле Смилевски,Митска книга (Прва),5,епир,0.1511
Веле Смилевски,Митска книга (Прва),6,одиси,0.1511
Веле Смилевски,Митска книга (Прва),7,орфеја,0.1511
Веле Смилевски,Митска книга (Прва),8,скулптура,0.1511
Веле Смилевски,Митска книга (Прва),9,танат,0.1511
Веле Смилевски,Митска книга (Прва),10,харон,0.1511
Веле Смилевски,Митска книга (Трета),1,персефона,0.3361
Веле Смилевски,Митска книга (Трета),2,подземје,0.3361
Веле Смилевски,Митска книга (Трета),3,воскреснат,0.1778
Веле Смилевски,Митска книга (Трета),4,громовник,0.1778
Веле Смилевски,Митска книга (Трета),5,деметра,0.1778
Веле Смилевски,Митска книга (Трета),6,закрилник,0.1778
Веле Смилевски,Митска книга (Трета),7,потсилува,0.1778
Веле Смилевски,Митска книга (Трета),8,цветање,0.1778
Веле Смилевски,Митска книга (Трета),9,гоблен,0.168
Веле Смилевски,Митска книга (Трета),10,скапоцен,0.168
Веле Смилевски,Напуштена книга,1,заминува,0.2883
Веле Смилевски,Напуштена книга,2,модар,0.2493
Веле Смилевски,Напуштена книга,3,вкусно,0.1984
Веле Смилевски,Напуштена книга,4,габриела,0.1984
Веле Смилевски,Напуштена книга,5,гарниран,0.1984
Веле Смилевски,Напуштена книга,6,кулминација,0.1984
Веле Смилевски,Напуштена книга,7,мистрал,0.1984
Веле Смилевски,Напуштена книга,8,фабула,0.1984
Веле Смилевски,Напуштена книга,9,хармоника,0.1984
Веле Смилевски,Напуштена книга,10,перуника,0.1797
Веле Смилевски,Огнена книга,1,жар,0.309
Веле Смилевски,Огнена книга,2,глобален,0.229
Веле Смилевски,Огнена книга,3,парнас,0.229
Веле Смилевски,Огнена книга,4,дувло,0.2164
Веле Смилевски,Огнена книга,5,затоплување,0.2164
Веле Смилевски,Огнена книга,6,препушти,0.2164
Веле Смилевски,Огнена книга,7,метеор,0.2075
Веле Смилевски,Огнена книга,8,разгорува,0.2075
Веле Смилевски,Огнена книга,9,залуден,0.1949
Веле Смилевски,Огнена книга,10,усвитен,0.1949
Веле Смилевски,Одаите на книгата,1,одаја,0.6634
Веле Смилевски,Одаите на книгата,2,испит,0.154
Веле Смилевски,Одаите на книгата,3,полага,0.154
Веле Смилевски,Одаите на книгата,4,ротирачки,0.154
Веле Смилевски,Одаите на книгата,5,клучар,0.1456
Веле Смилевски,Одаите на книгата,6,лаеж,0.1456
Веле Смилевски,Одаите на книгата,7,приказ,0.1456
Веле Смилевски,Одаите на книгата,8,слив,0.1456
Веле Смилевски,Одаите на книгата,9,спор,0.1456
Веле Смилевски,Одаите на книгата,10,ѕиден,0.1456
Веле Смилевски,Првата книга Мојсеева,1,земја,0.2839
Веле Смилевски,Првата книга Мојсеева,2,небо,0.2828
Веле Смилевски,Првата книга Мојсеева,3,тело,0.2517
Веле Смилевски,Првата книга Мојсеева,4,грев,0.2168
Веле Смилевски,Првата книга Мојсеева,5,дрво,0.2129
Веле Смилевски,Првата книга Мојсеева,6,авел,0.1772
Веле Смилевски,Првата книга Мојсеева,7,арена,0.1772
Веле Смилевски,Првата книга Мојсеева,8,доселеник,0.1772
Веле Смилевски,Првата книга Мојсеева,9,еденски,0.1772
Веле Смилевски,Првата книга Мојсеева,10,каин,0.1772
Веле Смилевски,Предметите на книгата,1,допира,0.5143
Веле Смилевски,Предметите на книгата,2,изговара,0.2541
Веле Смилевски,Предметите на книгата,3,опкружен,0.2541
Веле Смилевски,Предметите на книгата,4,голгота,0.2401
Веле Смилевски,Предметите на книгата,5,состојка,0.2401
Веле Смилевски,Предметите на книгата,6,камин,0.2302
Веле Смилевски,Предметите на книгата,7,покуќнина,0.2302
Веле Смилевски,Предметите на книгата,8,редок,0.2022
Веле Смилевски,Предметите на книгата,9,трпеза,0.2022
Веле Смилевски,Предметите на книгата,10,умирање,0.1986
Веле Смилевски,Римувана книга,1,ат,0.2079
Веле Смилевски,Римувана книга,2,непрегор,0.2079
Веле Смилевски,Римувана книга,3,стивен,0.2079
Веле Смилевски,Римувана книга,4,вивен,0.1965
Веле Смилевски,Римувана книга,5,засенет,0.1965
Веле Смилевски,Римувана книга,6,налуничав,0.1965
Веле Смилевски,Римувана книга,7,створ,0.1965
Веле Смилевски,Римувана книга,8,страстен,0.1965
Веле Смилевски,Римувана книга,9,нескротлив,0.1884
Веле Смилевски,Римувана книга,10,плен,0.1821
Веле Смилевски,Свечена книга,1,идеален,0.2919
Веле Смилевски,Свечена книга,2,прогласува,0.2919
Веле Смилевски,Свечена книга,3,свечено,0.2919
Веле Смилевски,Свечена книга,4,плачење,0.2742
Веле Смилевски,Свечена книга,5,прогонет,0.2742
Веле Смилевски,Свечена книга,6,процеп,0.2675
Веле Смилевски,Свечена книга,7,држава,0.2616
Веле Смилевски,Свечена книга,8,свечен,0.2565
Веле Смилевски,Свечена книга,9,доцна,0.2519
Веле Смилевски,Свечена книга,10,поет,0.2118
Веле Смилевски,Студена книга,1,врне,0.3928
Веле Смилевски,Студена книга,2,куќа,0.3504
Веле Смилевски,Студена книга,3,снег,0.3457
Веле Смилевски,Студена книга,4,замрзнат,0.3155
Веле Смилевски,Студена книга,5,светол,0.2041
Веле Смилевски,Студена книга,6,зима,0.2025
Веле Смилевски,Студена книга,7,горештино,0.1577
Веле Смилевски,Студена книга,8,дочитува,0.1577
Веле Смилевски,Студена книга,9,прежеднет,0.1577
Веле Смилевски,Студена книга,10,фурна,0.1577
Веле Смилевски,Т.н. книга,1,книга,0.2882
Веле Смилевски,Т.н. книга,2,алосана,0.252
Веле Смилевски,Т.н. книга,3,гакен,0.252
Веле Смилевски,Т.н. книга,4,гинка,0.252
Веле Смилевски,Т.н. книга,5,грдосана,0.252
Веле Смилевски,Т.н. книга,6,инкаге,0.252
Веле Смилевски,Т.н. книга,7,кинга,0.252
Веле Смилевски,Т.н. книга,8,книжен,0.252
Веле Смилевски,Т.н. книга,9,кудена,0.252
Веле Смилевски,Т.н. книга,10,нудена,0.252
Веле Смилевски,Телото на книгата,1,допири,0.4123
Веле Смилевски,Телото на книгата,2,сака,0.4024
Веле Смилевски,Телото на книгата,3,твој,0.2425
Веле Смилевски,Телото на книгата,4,коскенат,0.1615
Веле Смилевски,Телото на книгата,5,наѕвезден,0.1615
Веле Смилевски,Телото на книгата,6,растрчува,0.1615
Веле Смилевски,Телото на книгата,7,вграде,0.1526
Веле Смилевски,Телото на книгата,8,втисне,0.1526
Веле Смилевски,Телото на книгата,9,ненадеен,0.1526
Веле Смилевски,Телото на книгата,10,атом,0.1463
Веле Смилевски,Хаику книга,1,направен,0.4729
Веле Смилевски,Хаику книга,2,корица,0.4333
Веле Смилевски,Хаику книга,3,мерка,0.4155
Веле Смилевски,Хаику книга,4,идеја,0.3894
Веле Смилевски,Хаику книга,5,отвора,0.3135
Веле Смилевски,Хаику книга,6,книга,0.2984
Веле Смилевски,Хаику книга,7,нејзин,0.2777
Влада Урошевиќ,Κако доаѓа пролетта,1,нуркач,0.303
Влада Урошевиќ,Κако доаѓа пролетта,2,воздушен,0.2662
Влада Урошевиќ,Κако доаѓа пролетта,3,град,0.17
Влада Урошевиќ,Κако доаѓа пролетта,4,безбожнички,0.1672
Влада Урошевиќ,Κако доаѓа пролетта,5,гледач,0.1672
Влада Урошевиќ,Κако доаѓа пролетта,6,молзе,0.1672
Влада Урошевиќ,Κако доаѓа пролетта,7,необврзен,0.1672
Влада Урошевиќ,Κако доаѓа пролетта,8,полза,0.1672
Влада Урошевиќ,Κако доаѓа пролетта,9,седа,0.1672
Влада Урошевиќ,Κако доаѓа пролетта,10,угол,0.1672
Влада Урошевиќ,Κоњаници,1,јава,0.2995
Влада Урошевиќ,Κоњаници,2,свој,0.2047
Влада Урошевиќ,Κоњаници,3,коњанмец,0.1844
Влада Урошевиќ,Κоњаници,4,скапан,0.1844
Влада Урошевиќ,Κоњаници,5,чијшто,0.1844
Влада Урошевиќ,Κоњаници,6,костур,0.1743
Влада Урошевиќ,Κоњаници,7,нестрпливо,0.1743
Влада Урошевиќ,Κоњаници,8,одекнува,0.1743
Влада Урошевиќ,Κоњаници,9,смрта,0.1671
Влада Урошевиќ,Κоњаници,10,врежан,0.1615
Влада Урошевиќ,Јужни овошки среде зимата,1,портокал,0.2692
Влада Урошевиќ,Јужни овошки среде зимата,2,мал,0.1562
Влада Урошевиќ,Јужни овошки среде зимата,3,ананас,0.1486
Влада Урошевиќ,Јужни овошки среде зимата,4,арапски,0.1486
Влада Урошевиќ,Јужни овошки среде зимата,5,вртење,0.1486
Влада Урошевиќ,Јужни овошки среде зимата,6,занзибар,0.1486
Влада Урошевиќ,Јужни овошки среде зимата,7,купувач,0.1486
Влада Урошевиќ,Јужни овошки среде зимата,8,свести,0.1486
Влада Урошевиќ,Јужни овошки среде зимата,9,слоновата,0.1486
Влада Урошевиќ,Јужни овошки среде зимата,10,суец,0.1486
Влада Урошевиќ,Љубовници загинати во земјотресот,1,тресе,0.2553
Влада Урошевиќ,Љубовници загинати во земјотресот,2,бавно,0.2478
Влада Урошевиќ,Љубовници загинати во земјотресот,3,земја,0.1995
Влада Урошевиќ,Љубовници загинати во земјотресот,4,долу,0.1971
Влада Урошевиќ,Љубовници загинати во земјотресот,5,нивен,0.1739
Влада Урошевиќ,Љубовници загинати во земјотресот,6,грч.,0.1661
Влада Урошевиќ,Љубовници загинати во земјотресот,7,отпуштен,0.1661
Влада Урошевиќ,Љубовници загинати во земјотресот,8,прч,0.1661
Влада Урошевиќ,Љубовници загинати во земјотресот,9,пустошта,0.1661
Влада Урошевиќ,Љубовници загинати во земјотресот,10,црн,0.1541
Влада Урошевиќ,Љубовници што спијат по љубовта,1,минувач,0.4385
Влада Урошевиќ,Љубовници што спијат по љубовта,2,минува,0.2297
Влада Урошевиќ,Љубовници што спијат по љубовта,3,куќа,0.1908
Влада Урошевиќ,Љубовници што спијат по љубовта,4,заглушен,0.1718
Влада Урошевиќ,Љубовници што спијат по љубовта,5,искрева,0.1718
Влада Урошевиќ,Љубовници што спијат по љубовта,6,полутемнина,0.1718
Влада Урошевиќ,Љубовници што спијат по љубовта,7,посивува,0.1718
Влада Урошевиќ,Љубовници што спијат по љубовта,8,собен,0.1718
Влада Урошевиќ,Љубовници што спијат по љубовта,9,гемија,0.1623
Влада Урошевиќ,Љубовници што спијат по љубовта,10,забележува,0.1623
Влада Урошевиќ,Азиски грип,1,степа,0.3988
Влада Урошевиќ,Азиски грип,2,град,0.3379
Влада Урошевиќ,Азиски грип,3,коњаница,0.331
Влада Урошевиќ,Азиски грип,4,дење,0.3019
Влада Урошевиќ,Азиски грип,5,ноќе,0.2691
Влада Урошевиќ,Азиски грип,6,долетува,0.2659
Влада Урошевиќ,Азиски грип,7,истоштен,0.2512
Влада Урошевиќ,Азиски грип,8,расте,0.2367
Влада Урошевиќ,Азиски грип,9,звук,0.1606
Влада Урошевиќ,Азиски грип,10,брзање,0.1329
Влада Урошевиќ,Блага зима,1,море,0.3363
Влада Урошевиќ,Блага зима,2,далечен,0.3032
Влада Урошевиќ,Блага зима,3,магол,0.2473
Влада Урошевиќ,Блага зима,4,здив,0.1783
Влада Урошевиќ,Блага зима,5,град,0.1751
Влада Урошевиќ,Блага зима,6,грип,0.1722
Влада Урошевиќ,Блага зима,7,заболен,0.1722
Влада Урошевиќ,Блага зима,8,зараз,0.1722
Влада Урошевиќ,Блага зима,9,поддржува,0.1722
Влада Урошевиќ,Блага зима,10,премаленост,0.1722
Влада Урошевиќ,Бранител на кулата,1,пот,0.2383
Влада Урошевиќ,Бранител на кулата,2,лежи,0.2049
Влада Урошевиќ,Бранител на кулата,3,бранител,0.1716
Влада Урошевиќ,Бранител на кулата,4,дојава,0.1716
Влада Урошевиќ,Бранител на кулата,5,ово,0.1716
Влада Урошевиќ,Бранител на кулата,6,првта,0.1716
Влада Урошевиќ,Бранител на кулата,7,разбива,0.1716
Влада Урошевиќ,Бранител на кулата,8,крв,0.1654
Влада Урошевиќ,Бранител на кулата,9,заврнува,0.1621
Влада Урошевиќ,Бранител на кулата,10,замириса,0.1621
Влада Урошевиќ,Венеција,1,саат,0.3203
Влада Урошевиќ,Венеција,2,воин,0.2768
Влада Урошевиќ,Венеција,3,гори,0.1954
Влада Урошевиќ,Венеција,4,град,0.1859
Влада Урошевиќ,Венеција,5,оди,0.1846
Влада Урошевиќ,Венеција,6,виолончело,0.1829
Влада Урошевиќ,Венеција,7,извиткан,0.1829
Влада Урошевиќ,Венеција,8,самострел,0.1829
Влада Урошевиќ,Венеција,9,закоп,0.1728
Влада Урошевиќ,Венеција,10,испуштен,0.1728
Влада Урошевиќ,Вечерен автобус,1,автобус,0.3015
Влада Урошевиќ,Вечерен автобус,2,плови,0.2723
Влада Урошевиќ,Вечерен автобус,3,навечер,0.2574
Влада Урошевиќ,Вечерен автобус,4,град,0.1801
Влада Урошевиќ,Вечерен автобус,5,козле,0.1771
Влада Урошевиќ,Вечерен автобус,6,чудовиште,0.1771
Влада Урошевиќ,Вечерен автобус,7,ширита,0.1771
Влада Урошевиќ,Вечерен автобус,8,шофер,0.1771
Влада Урошевиќ,Вечерен автобус,9,генерал,0.1674
Влада Урошевиќ,Вечерен автобус,10,минување,0.1674
Влада Урошевиќ,Влез во паркот,1,парк,0.2564
Влада Урошевиќ,Влез во паркот,2,зелен,0.208
Влада Урошевиќ,Влез во паркот,3,безделничар,0.1742
Влада Урошевиќ,Влез во паркот,4,ват,0.1742
Влада Урошевиќ,Влез во паркот,5,вати,0.1742
Влада Урошевиќ,Влез во паркот,6,допрва,0.1742
Влада Урошевиќ,Влез во паркот,7,костенли,0.1742
Влада Урошевиќ,Влез во паркот,8,печиво,0.1742
Влада Урошевиќ,Влез во паркот,9,почувству,0.1742
Влада Урошевиќ,Влез во паркот,10,продавница,0.1742
Влада Урошевиќ,Градови,1,град,0.394
Влада Урошевиќ,Градови,2,спомен,0.2327
Влада Урошевиќ,Градови,3,стои,0.2194
Влада Урошевиќ,Градови,4,главо,0.1938
Влада Урошевиќ,Градови,5,венее,0.1831
Влада Урошевиќ,Градови,6,ене,0.1831
Влада Урошевиќ,Градови,7,сменет,0.1831
Влада Урошевиќ,Градови,8,треперец,0.1831
Влада Урошевиќ,Градови,9,патоказ,0.1755
Влада Урошевиќ,Градови,10,мамка,0.1649
Влада Урошевиќ,Детска летна приказна,1,рид,0.4867
Влада Урошевиќ,Детска летна приказна,2,бавча,0.3348
Влада Урошевиќ,Детска летна приказна,3,ѕид,0.3143
Влада Урошевиќ,Детска летна приказна,4,маѓепсник,0.2749
Влада Урошевиќ,Детска летна приказна,5,седи,0.2667
Влада Урошевиќ,Детска летна приказна,6,пожолтен,0.2407
Влада Урошевиќ,Детска летна приказна,7,стебло,0.1651
Влада Урошевиќ,Детска летна приказна,8,расте,0.1632
Влада Урошевиќ,Детска летна приказна,9,трева,0.1622
Влада Урошевиќ,Детска летна приказна,10,шума,0.1534
Влада Урошевиќ,Доаѓање на пролетта,1,постои,0.1974
Влада Урошевиќ,Доаѓање на пролетта,2,воодушевен,0.1855
Влада Урошевиќ,Доаѓање на пролетта,3,задача,0.1855
Влада Урошевиќ,Доаѓање на пролетта,4,исцело,0.1855
Влада Урошевиќ,Доаѓање на пролетта,5,наголемување,0.1855
Влада Урошевиќ,Доаѓање на пролетта,6,напишанов,0.1855
Влада Урошевиќ,Доаѓање на пролетта,7,напредување,0.1855
Влада Урошевиќ,Доаѓање на пролетта,8,несетен,0.1855
Влада Урошевиќ,Доаѓање на пролетта,9,географски,0.1753
Влада Урошевиќ,Доаѓање на пролетта,10,занишан,0.1753
Влада Урошевиќ,Доверба во песната,1,доверба,0.571
Влада Урошевиќ,Доверба во песната,2,верува,0.2903
Влада Урошевиќ,Доверба во песната,3,воденичен,0.163
Влада Урошевиќ,Доверба во песната,4,восочно,0.163
Влада Урошевиќ,Доверба во песната,5,мачј,0.163
Влада Урошевиќ,Доверба во песната,6,немак,0.163
Влада Урошевиќ,Доверба во песната,7,понорница,0.163
Влада Урошевиќ,Доверба во песната,8,праволинеен,0.163
Влада Урошевиќ,Доверба во песната,9,зборлест,0.1477
Влада Урошевиќ,Доверба во песната,10,немски,0.1477
Влада Урошевиќ,Езеро I,1,езеро,0.3649
Влада Урошевиќ,Езеро I,2,длабочина,0.2433
Влада Урошевиќ,Езеро I,3,лежи,0.2279
Влада Урошевиќ,Езеро I,4,спие,0.2074
Влада Урошевиќ,Езеро I,5,запалка,0.1909
Влада Урошевиќ,Езеро I,6,тук-таму,0.1909
Влада Урошевиќ,Езеро I,7,смок,0.1804
Влада Урошевиќ,Езеро I,8,тре,0.1804
Влада Урошевиќ,Езеро I,9,средина,0.1729
Влада Урошевиќ,Езеро I,10,стресе,0.1672
Влада Урошевиќ,Езеро II,1,мерач,0.4463
Влада Урошевиќ,Езеро II,2,стои,0.2789
Влада Урошевиќ,Езеро II,3,јаже,0.2567
Влада Урошевиќ,Езеро II,4,влече,0.2159
Влада Урошевиќ,Езеро II,5,езеро,0.2093
Влада Урошевиќ,Езеро II,6,шамак,0.1642
Влада Урошевиќ,Езеро II,7,пепелав,0.1552
Влада Урошевиќ,Езеро II,8,брое,0.1488
Влада Урошевиќ,Езеро II,9,дамнина,0.1488
Влада Урошевиќ,Езеро II,10,приоѓа,0.1488
Влада Урошевиќ,ЗИМСКА ПЕСНА,1,лажи,0.5113
Влада Урошевиќ,ЗИМСКА ПЕСНА,2,мижи,0.4902
Влада Урошевиќ,ЗИМСКА ПЕСНА,3,зимски,0.1991
Влада Урошевиќ,ЗИМСКА ПЕСНА,4,верува,0.1606
Влада Урошевиќ,ЗИМСКА ПЕСНА,5,бладање,0.1353
Влада Урошевиќ,ЗИМСКА ПЕСНА,6,вража,0.1353
Влада Урошевиќ,ЗИМСКА ПЕСНА,7,згора,0.1353
Влада Урошевиќ,ЗИМСКА ПЕСНА,8,чун,0.1353
Влада Урошевиќ,ЗИМСКА ПЕСНА,9,тука,0.1352
Влада Урошевиќ,ЗИМСКА ПЕСНА,10,кажан,0.1278
Влада Урошевиќ,Залез во градот,1,страда,0.2368
Влада Урошевиќ,Залез во градот,2,воздух,0.1892
Влада Урошевиќ,Залез во градот,3,град,0.18
Влада Урошевиќ,Залез во градот,4,велосипедист,0.1771
Влада Урошевиќ,Залез во градот,5,главоболие,0.1771
Влада Урошевиќ,Залез во градот,6,маларичен,0.1771
Влада Урошевиќ,Залез во градот,7,оранжерија,0.1771
Влада Урошевиќ,Залез во градот,8,пајтон,0.1771
Влада Урошевиќ,Залез во градот,9,пегав,0.1771
Влада Урошевиќ,Залез во градот,10,полиен,0.1771
Влада Урошевиќ,Зимска бавча,1,плод,0.2942
Влада Урошевиќ,Зимска бавча,2,постојано,0.2274
Влада Урошевиќ,Зимска бавча,3,лисје,0.2137
Влада Урошевиќ,Зимска бавча,4,невидлив,0.2137
Влада Урошевиќ,Зимска бавча,5,воздух,0.1878
Влада Урошевиќ,Зимска бавча,6,тежок,0.1841
Влада Урошевиќ,Зимска бавча,7,клекнат,0.1758
Влада Урошевиќ,Зимска бавча,8,лимфатичен,0.1758
Влада Урошевиќ,Зимска бавча,9,одгледувач,0.1758
Влада Урошевиќ,Зимска бавча,10,отворев,0.1758
Влада Урошевиќ,Зимска населба,1,свој,0.776
Влада Урошевиќ,Зимска населба,2,димитар,0.1498
Влада Урошевиќ,Зимска населба,3,солев,0.1498
Влада Урошевиќ,Зимска населба,4,чучулига,0.1498
Влада Урошевиќ,Зимска населба,5,бегло,0.1416
Влада Урошевиќ,Зимска населба,6,клучар,0.1416
Влада Урошевиќ,Зимска населба,7,стаклен,0.1416
Влада Урошевиќ,Зимска населба,8,ѕвечи,0.1357
Влада Урошевиќ,Зимска населба,9,минувач,0.1275
Влада Урошевиќ,Зимска населба,10,раб,0.1171
Влада Урошевиќ,Зимско море,1,загатка,0.3013
Влада Урошевиќ,Зимско море,2,глувонема,0.1928
Влада Урошевиќ,Зимско море,3,првт,0.1928
Влада Урошевиќ,Зимско море,4,црвојаднина,0.1928
Влада Урошевиќ,Зимско море,5,јасност,0.1928
Влада Урошевиќ,Зимско море,6,море,0.1882
Влада Урошевиќ,Зимско море,7,летало,0.1821
Влада Урошевиќ,Зимско море,8,немоќно,0.1821
Влада Урошевиќ,Зимско море,9,отчукува,0.1821
Влада Урошевиќ,Зимско море,10,прелажен,0.1821
Влада Урошевиќ,Зимско патување,1,пејзаж,0.2871
Влада Урошевиќ,Зимско патување,2,був,0.1924
Влада Урошевиќ,Зимско патување,3,исуши,0.1924
Влада Урошевиќ,Зимско патување,4,насилство,0.1924
Влада Урошевиќ,Зимско патување,5,скреж,0.1924
Влада Урошевиќ,Зимско патување,6,врб,0.1818
Влада Урошевиќ,Зимско патување,7,грчи,0.1818
Влада Урошевиќ,Зимско патување,8,настанува,0.1818
Влада Урошевиќ,Зимско патување,9,поделен,0.1818
Влада Урошевиќ,Зимско патување,10,стран,0.1743
Влада Урошевиќ,Крајот на летото,1,затвори,0.4743
Влада Урошевиќ,Крајот на летото,2,јави,0.3509
Влада Урошевиќ,Крајот на летото,3,некогаш,0.2971
Влада Урошевиќ,Крајот на летото,4,лековит,0.2444
Влада Урошевиќ,Крајот на летото,5,мак,0.2309
Влада Урошевиќ,Крајот на летото,6,слама,0.214
Влада Урошевиќ,Крајот на летото,7,чашка,0.2079
Влада Урошевиќ,Крајот на летото,8,преграб,0.2028
Влада Урошевиќ,Крајот на летото,9,кутија,0.191
Влада Урошевиќ,Крајот на летото,10,зиме,0.185
Влада Урошевиќ,Летен дожд,1,дожд,0.6617
Влада Урошевиќ,Летен дожд,2,врне,0.4109
Влада Урошевиќ,Летен дожд,3,соопшти,0.1281
Влада Урошевиќ,Летен дожд,4,постои,0.1129
Влада Урошевиќ,Летен дожд,5,летен,0.0895
Влада Урошевиќ,Летен дожд,6,јазик,0.0778
Влада Урошевиќ,Летен дожд,7,само,0.0708
Влада Урошевиќ,Летен дожд,8,барабан,0.0707
Влада Урошевиќ,Летен дожд,9,бегалец,0.0707
Влада Урошевиќ,Летен дожд,10,дрдори,0.0707
Влада Урошевиќ,Летен самрак,1,отвора,0.2141
Влада Урошевиќ,Летен самрак,2,ѕид,0.2038
Влада Урошевиќ,Летен самрак,3,вага,0.1783
Влада Урошевиќ,Летен самрак,4,велосипед,0.1783
Влада Урошевиќ,Летен самрак,5,диња,0.1783
Влада Урошевиќ,Летен самрак,6,испаѓа,0.1783
Влада Урошевиќ,Летен самрак,7,кино,0.1685
Влада Урошевиќ,Летен самрак,8,кукла,0.1685
Влада Урошевиќ,Летен самрак,9,мртвороден,0.1685
Влада Урошевиќ,Летен самрак,10,ориз,0.1685
Влада Урошевиќ,Летна бавча,1,кусо,0.1773
Влада Урошевиќ,Летна бавча,2,лопув,0.1773
Влада Урошевиќ,Летна бавча,3,палење,0.1773
Влада Урошевиќ,Летна бавча,4,ровење,0.1773
Влада Урошевиќ,Летна бавча,5,согледување,0.1773
Влада Урошевиќ,Летна бавча,6,согорува,0.1773
Влада Урошевиќ,Летна бавча,7,туш,0.1773
Влада Урошевиќ,Летна бавча,8,боз,0.1676
Влада Урошевиќ,Летна бавча,9,лилав,0.1676
Влада Урошевиќ,Летна бавча,10,плиснат,0.1676
Влада Урошевиќ,Летување кај вујкото,1,костенлив,0.185
Влада Урошевиќ,Летување кај вујкото,2,малина,0.185
Влада Урошевиќ,Летување кај вујкото,3,напишан,0.185
Влада Урошевиќ,Летување кај вујкото,4,пресуван,0.185
Влада Урошевиќ,Летување кај вујкото,5,самување,0.185
Влада Урошевиќ,Летување кај вујкото,6,состав,0.185
Влада Урошевиќ,Летување кај вујкото,7,несигурност,0.1748
Влада Урошевиќ,Летување кај вујкото,8,отпрво,0.1748
Влада Урошевиќ,Летување кај вујкото,9,тетратка,0.1748
Влада Урошевиќ,Летување кај вујкото,10,орева,0.1676
Влада Урошевиќ,Лоши соништа,1,постои,0.782
Влада Урошевиќ,Лоши соништа,2,заборавила,0.1336
Влада Урошевиќ,Лоши соништа,3,компјутер,0.1336
Влада Урошевиќ,Лоши соништа,4,расплинува,0.1336
Влада Урошевиќ,Лоши соништа,5,поштенски,0.1263
Влада Урошевиќ,Лоши соништа,6,пратка,0.1263
Влада Урошевиќ,Лоши соништа,7,пресуда,0.1263
Влада Урошевиќ,Лоши соништа,8,еден,0.1244
Влада Урошевиќ,Лоши соништа,9,згреши,0.1211
Влада Урошевиќ,Лоши соништа,10,почитува,0.1211
Влада Урошевиќ,Мириси на попладнето,1,мирисен,0.2909
Влада Урошевиќ,Мириси на попладнето,2,мирис,0.1964
Влада Урошевиќ,Мириси на попладнето,3,град,0.1738
Влада Урошевиќ,Мириси на попладнето,4,автомобилски,0.1709
Влада Урошевиќ,Мириси на попладнето,5,волна,0.1709
Влада Урошевиќ,Мириси на попладнето,6,гума,0.1709
Влада Урошевиќ,Мириси на попладнето,7,думан,0.1709
Влада Урошевиќ,Мириси на попладнето,8,касапница,0.1709
Влада Урошевиќ,Мириси на попладнето,9,нафталин,0.1709
Влада Урошевиќ,Мириси на попладнето,10,препка,0.1709
Влада Урошевиќ,Мистериите на Скопје,1,адвокат,0.1729
Влада Урошевиќ,Мистериите на Скопје,2,бит-пазар,0.1729
Влада Урошевиќ,Мистериите на Скопје,3,бубашар,0.1729
Влада Урошевиќ,Мистериите на Скопје,4,ветроштина,0.1729
Влада Урошевиќ,Мистериите на Скопје,5,впален,0.1729
Влада Урошевиќ,Мистериите на Скопје,6,гајгура,0.1729
Влада Урошевиќ,Мистериите на Скопје,7,дечар,0.1729
Влада Урошевиќ,Мистериите на Скопје,8,мураќиплија,0.1729
Влада Урошевиќ,Мистериите на Скопје,9,саат-кула,0.1729
Влада Урошевиќ,Мистериите на Скопје,10,среќка,0.1729
Влада Урошевиќ,Насетување на морето,1,морски,0.2389
Влада Урошевиќ,Насетување на морето,2,воздух,0.1874
Влада Урошевиќ,Насетување на морето,3,билја,0.1754
Влада Урошевиќ,Насетување на морето,4,валета,0.1754
Влада Урошевиќ,Насетување на морето,5,колонијал,0.1754
Влада Урошевиќ,Насетување на морето,6,лимасол,0.1754
Влада Урошевиќ,Насетување на морето,7,мрморам,0.1754
Влада Урошевиќ,Насетување на морето,8,однекаде,0.1754
Влада Урошевиќ,Насетување на морето,9,отпаѓа,0.1754
Влада Урошевиќ,Насетување на морето,10,хвар,0.1754
Влада Урошевиќ,Настан во полето,1,лето,0.2703
Влада Урошевиќ,Настан во полето,2,оди,0.2093
Влада Урошевиќ,Настан во полето,3,поле,0.2085
Влада Урошевиќ,Настан во полето,4,барски,0.2073
Влада Урошевиќ,Настан во полето,5,брбори,0.2073
Влада Урошевиќ,Настан во полето,6,патар,0.2073
Влада Урошевиќ,Настан во полето,7,поклонува,0.1959
Влада Урошевиќ,Настан во полето,8,примка,0.1959
Влада Урошевиќ,Настан во полето,9,патем,0.1878
Влада Урошевиќ,Настан во полето,10,трска,0.1878
Влада Урошевиќ,Нацрт на земјиштето,1,пелтечење,0.1976
Влада Урошевиќ,Нацрт на земјиштето,2,пеш,0.1976
Влада Урошевиќ,Нацрт на земјиштето,3,погоден,0.1976
Влада Урошевиќ,Нацрт на земјиштето,4,скрива,0.1976
Влада Урошевиќ,Нацрт на земјиштето,5,иловица,0.1867
Влада Урошевиќ,Нацрт на земјиштето,6,копање,0.1867
Влада Урошевиќ,Нацрт на земјиштето,7,падина,0.1867
Влада Урошевиќ,Нацрт на земјиштето,8,расправа,0.179
Влада Урошевиќ,Нацрт на земјиштето,9,грмушка,0.173
Влада Урошевиќ,Нацрт на земјиштето,10,крт,0.173
Влада Урошевиќ,Непозната,1,минува,0.5195
Влада Урошевиќ,Непозната,2,мртов,0.1558
Влада Урошевиќ,Непозната,3,кулиса,0.1554
Влада Урошевиќ,Непозната,4,мижитатара,0.1554
Влада Урошевиќ,Непозната,5,обрнува,0.1554
Влада Урошевиќ,Непозната,6,опера,0.1554
Влада Урошевиќ,Непозната,7,полнет,0.1554
Влада Урошевиќ,Непозната,8,распоред,0.1554
Влада Урошевиќ,Непозната,9,скафандри,0.1554
Влада Урошевиќ,Непозната,10,кратер,0.1468
Влада Урошевиќ,Нерамнотежа,1,наведнува,0.8433
Влада Урошевиќ,Нерамнотежа,2,артист,0.107
Влада Урошевиќ,Нерамнотежа,3,архимед,0.107
Влада Урошевиќ,Нерамнотежа,4,дигалка,0.107
Влада Урошевиќ,Нерамнотежа,5,нерамнотежа,0.107
Влада Урошевиќ,Нерамнотежа,6,нишало,0.107
Влада Урошевиќ,Нерамнотежа,7,стабилност,0.107
Влада Урошевиќ,Нерамнотежа,8,стап,0.107
Влада Урошевиќ,Нерамнотежа,9,телескоп,0.107
Влада Урошевиќ,Нерамнотежа,10,светилница,0.1011
Влада Урошевиќ,Нерасонет сонет за морето,1,застрашително,0.187
Влада Урошевиќ,Нерасонет сонет за морето,2,искосен,0.187
Влада Урошевиќ,Нерасонет сонет за морето,3,креда,0.187
Влада Урошевиќ,Нерасонет сонет за морето,4,препознавачки,0.187
Влада Урошевиќ,Нерасонет сонет за морето,5,разлабавен,0.187
Влада Урошевиќ,Нерасонет сонет за морето,6,спаѓа,0.187
Влада Урошевиќ,Нерасонет сонет за морето,7,море,0.1825
Влада Урошевиќ,Нерасонет сонет за морето,8,нероден,0.1767
Влада Урошевиќ,Нерасонет сонет за морето,9,познанство,0.1767
Влада Урошевиќ,Нерасонет сонет за морето,10,сменет,0.1767
Влада Урошевиќ,Опасности на пролетта,1,дождалец,0.1756
Влада Урошевиќ,Опасности на пролетта,2,заглавува,0.1756
Влада Урошевиќ,Опасности на пролетта,3,земјиште,0.1756
Влада Урошевиќ,Опасности на пролетта,4,кисне,0.1756
Влада Урошевиќ,Опасности на пролетта,5,нераздаден,0.1756
Влада Урошевиќ,Опасности на пролетта,6,пиреј,0.1756
Влада Урошевиќ,Опасности на пролетта,7,поштар,0.1756
Влада Урошевиќ,Опасности на пролетта,8,расквасен,0.1756
Влада Урошевиќ,Опасности на пролетта,9,трупка,0.1756
Влада Урошевиќ,Опасности на пролетта,10,шахта,0.1756
Влада Урошевиќ,Паника,1,соба,0.1979
Влада Урошевиќ,Паника,2,авионски,0.1618
Влада Урошевиќ,Паника,3,агент,0.1618
Влада Урошевиќ,Паника,4,адреса,0.1618
Влада Урошевиќ,Паника,5,безуспешно,0.1618
Влада Урошевиќ,Паника,6,недоверчив,0.1618
Влада Урошевиќ,Паника,7,опколува,0.1618
Влада Урошевиќ,Паника,8,откажан,0.1618
Влада Урошевиќ,Паника,9,панталони,0.1618
Влада Урошевиќ,Паника,10,стеснува,0.1618
Влада Урошевиќ,Поети,1,некогаш,0.4063
Влада Урошевиќ,Поети,2,малку,0.2441
Влада Урошевиќ,Поети,3,донесува,0.2228
Влада Урошевиќ,Поети,4,нецелосен,0.2228
Влада Урошевиќ,Поети,5,минување,0.2105
Влада Урошевиќ,Поети,6,зграда,0.2018
Влада Урошевиќ,Поети,7,неделен,0.2018
Влада Урошевиќ,Поети,8,продолжение,0.2018
Влада Урошевиќ,Поети,9,инает,0.1951
Влада Урошевиќ,Поети,10,смешен,0.1849
Влада Урошевиќ,Попладне по дождот,1,сврши,0.2463
Влада Урошевиќ,Попладне по дождот,2,блеска,0.1871
Влада Урошевиќ,Попладне по дождот,3,собира,0.185
Влада Урошевиќ,Попладне по дождот,4,сè,0.1535
Влада Урошевиќ,Попладне по дождот,5,дожд,0.1435
Влада Урошевиќ,Попладне по дождот,6,воздух,0.1392
Влада Урошевиќ,Попладне по дождот,7,град,0.1325
Влада Урошевиќ,Попладне по дождот,8,денат,0.1303
Влада Урошевиќ,Попладне по дождот,9,излог,0.1303
Влада Урошевиќ,Попладне по дождот,10,истенчен,0.1303
Влада Урошевиќ,Попладневно капење в море,1,остров,0.2051
Влада Урошевиќ,Попладневно капење в море,2,плови,0.1899
Влада Урошевиќ,Попладневно капење в море,3,слика,0.1427
Влада Урошевиќ,Попладневно капење в море,4,свој,0.1371
Влада Урошевиќ,Попладневно капење в море,5,вра,0.1235
Влада Урошевиќ,Попладневно капење в море,6,замајува,0.1235
Влада Урошевиќ,Попладневно капење в море,7,измамнички,0.1235
Влада Урошевиќ,Попладневно капење в море,8,кикиришка,0.1235
Влада Урошевиќ,Попладневно капење в море,9,котели,0.1235
Влада Урошевиќ,Попладневно капење в море,10,леопардов,0.1235
Влада Урошевиќ,Посетители,1,одеднаш,0.21
Влада Урошевиќ,Посетители,2,ѕид,0.1963
Влада Урошевиќ,Посетители,3,јазик,0.189
Влада Урошевиќ,Посетители,4,нивен,0.1798
Влада Урошевиќ,Посетители,5,град,0.1745
Влада Урошевиќ,Посетители,6,грпка,0.1717
Влада Урошевиќ,Посетители,7,запурничав,0.1717
Влада Урошевиќ,Посетители,8,овчи,0.1717
Влада Урошевиќ,Посетители,9,одјава,0.1717
Влада Урошевиќ,Посетители,10,провлекува,0.1717
Влада Урошевиќ,Последен град,1,расте,0.3027
Влада Урошевиќ,Последен град,2,град,0.2592
Влада Урошевиќ,Последен град,3,пек,0.241
Влада Урошевиќ,Последен град,4,трат,0.241
Влада Урошевиќ,Последен град,5,пеколен,0.231
Влада Урошевиќ,Последен град,6,плуг,0.231
Влада Урошевиќ,Последен град,7,рѓосува,0.231
Влада Урошевиќ,Последен град,8,урнат,0.231
Влада Урошевиќ,Последен град,9,штир,0.231
Влада Урошевиќ,Последен град,10,југ,0.231
Влада Урошевиќ,Последниот ден на летото,1,завршен,0.4843
Влада Урошевиќ,Последниот ден на летото,2,слегува,0.321
Влада Урошевиќ,Последниот ден на летото,3,лет,0.3042
Влада Урошевиќ,Последниот ден на летото,4,рид,0.2859
Влада Урошевиќ,Последниот ден на летото,5,човек,0.2116
Влада Урошевиќ,Последниот ден на летото,6,избледен,0.1614
Влада Урошевиќ,Последниот ден на летото,7,кроце,0.1614
Влада Урошевиќ,Последниот ден на летото,8,оси,0.1614
Влада Урошевиќ,Последниот ден на летото,9,оцет,0.1614
Влада Урошевиќ,Последниот ден на летото,10,претпазливо,0.1614
Влада Урошевиќ,Прашања,1,наполно,0.3016
Влада Урошевиќ,Прашања,2,зошто,0.2761
Влада Урошевиќ,Прашања,3,истеран,0.1665
Влада Урошевиќ,Прашања,4,проѕирнат,0.1665
Влада Урошевиќ,Прашања,5,читател,0.1665
Влада Урошевиќ,Прашања,6,кочија,0.1573
Влада Урошевиќ,Прашања,7,одговора,0.1573
Влада Урошевиќ,Прашања,8,подготви,0.1573
Влада Урошевиќ,Прашања,9,присилува,0.1573
Влада Урошевиќ,Прашања,10,точен,0.1573
Влада Урошевиќ,Привлекување,1,привлекува,0.3372
Влада Урошевиќ,Привлекување,2,чекор,0.2106
Влада Урошевиќ,Привлекување,3,вреку,0.1784
Влада Урошевиќ,Привлекување,4,вртка,0.1784
Влада Урошевиќ,Привлекување,5,итар,0.1784
Влада Урошевиќ,Привлекување,6,колебливо,0.1784
Влада Урошевиќ,Привлекување,7,мушнам,0.1784
Влада Урошевиќ,Привлекување,8,уроклив,0.1784
Влада Урошевиќ,Привлекување,9,времен,0.1686
Влада Урошевиќ,Привлекување,10,д'тка,0.1686
Влада Урошевиќ,Пролетен парк,1,парк,0.266
Влада Урошевиќ,Пролетен парк,2,зеленило,0.2536
Влада Урошевиќ,Пролетен парк,3,град,0.1837
Влада Урошевиќ,Пролетен парк,4,беснее,0.1807
Влада Урошевиќ,Пролетен парк,5,брлив,0.1807
Влада Урошевиќ,Пролетен парк,6,дрочна,0.1807
Влада Урошевиќ,Пролетен парк,7,задоволи,0.1807
Влада Урошевиќ,Пролетен парк,8,лигавење,0.1807
Влада Урошевиќ,Пролетен парк,9,побарувачки,0.1807
Влада Урошевиќ,Пролетен парк,10,подуе,0.1807
Влада Урошевиќ,Пролетно расположение,1,всели,0.168
Влада Урошевиќ,Пролетно расположение,2,делнична,0.168
Влада Урошевиќ,Пролетно расположение,3,дреболија,0.168
Влада Урошевиќ,Пролетно расположение,4,знаменце,0.168
Влада Урошевиќ,Пролетно расположение,5,изваден,0.168
Влада Урошевиќ,Пролетно расположение,6,мекица,0.168
Влада Урошевиќ,Пролетно расположение,7,мечтател,0.168
Влада Урошевиќ,Пролетно расположение,8,нервозен,0.168
Влада Урошевиќ,Пролетно расположение,9,потер,0.168
Влада Урошевиќ,Пролетно расположение,10,прцли,0.168
Влада Урошевиќ,Рамнина,1,ветри,0.1885
Влада Урошевиќ,Рамнина,2,наслушување,0.1885
Влада Урошевиќ,Рамнина,3,примамува,0.1885
Влада Урошевиќ,Рамнина,4,кож,0.1782
Влада Урошевиќ,Рамнина,5,летало,0.1782
Влада Урошевиќ,Рамнина,6,лишај,0.1782
Влада Урошевиќ,Рамнина,7,портокалест,0.1782
Влада Урошевиќ,Рамнина,8,тркалест,0.1782
Влада Урошевиќ,Рамнина,9,виши,0.1708
Влада Урошевиќ,Рамнина,10,коњаник,0.1708
Влада Урошевиќ,Рид,1,грдомасен,0.4788
Влада Урошевиќ,Рид,2,мазноплеќест,0.3192
Влада Урошевиќ,Рид,3,рид,0.2826
Влада Урошевиќ,Рид,4,блун,0.1596
Влада Урошевиќ,Рид,5,глунн,0.1596
Влада Урошевиќ,Рид,6,кешто,0.1596
Влада Урошевиќ,Рид,7,овум,0.1596
Влада Урошевиќ,Рид,8,ооовуме,0.1596
Влада Урошевиќ,Рид,9,руден,0.1596
Влада Урошевиќ,Рид,10,тлун,0.1596
Влада Урошевиќ,Септември во градот,1,закаснет,0.2156
Влада Урошевиќ,Септември во градот,2,имела,0.2037
Влада Урошевиќ,Септември во градот,3,летување,0.2037
Влада Урошевиќ,Септември во градот,4,материјал,0.2037
Влада Урошевиќ,Септември во градот,5,кружење,0.1953
Влада Урошевиќ,Септември во градот,6,потемнет,0.1953
Влада Урошевиќ,Септември во градот,7,смирено,0.1953
Влада Урошевиќ,Септември во градот,8,вљубување,0.1888
Влада Урошевиќ,Септември во градот,9,оддалечува,0.1888
Влада Урошевиќ,Септември во градот,10,плажа,0.1888
Влада Урошевиќ,Слобода,1,откажува,0.3766
Влада Урошевиќ,Слобода,2,нужност,0.295
Влада Урошевиќ,Слобода,3,свој,0.2183
Влада Урошевиќ,Слобода,4,сака,0.1837
Влада Урошевиќ,Слобода,5,крило,0.1646
Влада Урошевиќ,Слобода,6,зачекорува,0.1475
Влада Урошевиќ,Слобода,7,незадоволен,0.1475
Влада Урошевиќ,Слобода,8,растворлив,0.1475
Влада Урошевиќ,Слобода,9,решена,0.1475
Влада Урошевиќ,Слобода,10,спалува,0.1475
Влада Урошевиќ,Тајната на сонувачите,1,кутија,0.3973
Влада Урошевиќ,Тајната на сонувачите,2,нивен,0.2662
Влада Урошевиќ,Тајната на сонувачите,3,земјотрес,0.2302
Влада Урошевиќ,Тајната на сонувачите,4,сламка,0.2302
Влада Урошевиќ,Тајната на сонувачите,5,спијач,0.2302
Влада Урошевиќ,Тајната на сонувачите,6,изминат,0.2163
Влада Урошевиќ,Тајната на сонувачите,7,напразно,0.2163
Влада Урошевиќ,Тајната на сонувачите,8,сонувач,0.2163
Влада Урошевиќ,Тајната на сонувачите,9,секаков,0.2109
Влада Урошевиќ,Тајната на сонувачите,10,мачи,0.1896
Влада Урошевиќ,Топол февруари,1,луд,0.242
Влада Урошевиќ,Топол февруари,2,излегува,0.2159
Влада Урошевиќ,Топол февруари,3,станува,0.2002
Влада Урошевиќ,Топол февруари,4,град,0.1771
Влада Урошевиќ,Топол февруари,5,осаменик,0.1742
Влада Урошевиќ,Топол февруари,6,палто,0.1742
Влада Урошевиќ,Топол февруари,7,преврива,0.1742
Влада Урошевиќ,Топол февруари,8,марта,0.1646
Влада Урошевиќ,Топол февруари,9,навлегува,0.1646
Влада Урошевиќ,Топол февруари,10,нечист,0.1646
Влада Урошевиќ,Циганско лето,1,поминува,0.4066
Влада Урошевиќ,Циганско лето,2,глуждест,0.1816
Влада Урошевиќ,Циганско лето,3,гуга,0.1816
Влада Урошевиќ,Циганско лето,4,избледнет,0.1816
Влада Урошевиќ,Циганско лето,5,кусоглед,0.1816
Влада Урошевиќ,Циганско лето,6,мижурка,0.1816
Влада Урошевиќ,Циганско лето,7,намотува,0.1816
Влада Урошевиќ,Циганско лето,8,премален,0.1816
Влада Урошевиќ,Циганско лето,9,умилкува,0.1816
Влада Урошевиќ,Циганско лето,10,фурка,0.1816
Влада Урошевиќ,Чад и север,1,град,0.2998
Влада Урошевиќ,Чад и север,2,пеперуга,0.2823
Влада Урошевиќ,Чад и север,3,вошка,0.1966
Влада Урошевиќ,Чад и север,4,залутува,0.1966
Влада Урошевиќ,Чад и север,5,манекен,0.1966
Влада Урошевиќ,Чад и север,6,натисок,0.1966
Влада Урошевиќ,Чад и север,7,билен,0.1858
Влада Урошевиќ,Чад и север,8,задоцнува,0.1781
Влада Урошевиќ,Чад и север,9,насмевнува,0.1781
Влада Урошевиќ,Чад и север,10,посакува,0.1781
Влада Урошевиќ,Што стана со козата,1,коза,0.5958
Влада Урошевиќ,Што стана со козата,2,кол,0.3489
Влада Урошевиќ,Што стана со козата,3,испарување,0.1904
Влада Урошевиќ,Што стана со козата,4,ту,0.184
Влада Урошевиќ,Што стана со козата,5,боцка,0.1616
Влада Урошевиќ,Што стана со козата,6,свет,0.1207
Влада Урошевиќ,Што стана со козата,7,облак,0.1132
Влада Урошевиќ,Што стана со козата,8,гажажува,0.1051
Влада Урошевиќ,Што стана со козата,9,глитор,0.1051
Влада Урошевиќ,Што стана со козата,10,запраша,0.1051
Гане Тодоровски,4ти мај 1903,1,загуба,0.238
Гане Тодоровски,4ти мај 1903,2,горд,0.1968
Гане Тодоровски,4ти мај 1903,3,уште,0.1525
Гане Тодоровски,4ти мај 1903,4,гроб,0.1432
Гане Тодоровски,4ти мај 1903,5,смрт,0.1267
Гане Тодоровски,4ти мај 1903,6,балежен,0.1259
Гане Тодоровски,4ти мај 1903,7,баница,0.1259
Гане Тодоровски,4ти мај 1903,8,бесолзна,0.1259
Гане Тодоровски,4ти мај 1903,9,завешта,0.1259
Гане Тодоровски,4ти мај 1903,10,заљубеник,0.1259
Гане Тодоровски,Биографија,1,факт,0.4547
Гане Тодоровски,Биографија,2,живее,0.256
Гане Тодоровски,Биографија,3,вражи,0.2406
Гане Тодоровски,Биографија,4,должен,0.2406
Гане Тодоровски,Биографија,5,непореклив,0.2406
Гане Тодоровски,Биографија,6,непожелен,0.2273
Гане Тодоровски,Биографија,7,одбран,0.2273
Гане Тодоровски,Биографија,8,прече,0.2273
Гане Тодоровски,Биографија,9,живеачка,0.218
Гане Тодоровски,Биографија,10,одмине,0.2047
Гане Тодоровски,Гоце Делчев,1,гоце,0.292
Гане Тодоровски,Гоце Делчев,2,сретне,0.2373
Гане Тодоровски,Гоце Делчев,3,дедо,0.2336
Гане Тодоровски,Гоце Делчев,4,делчев,0.1994
Гане Тодоровски,Гоце Делчев,5,ред,0.1914
Гане Тодоровски,Гоце Делчев,6,наш,0.1782
Гане Тодоровски,Гоце Делчев,7,сказна,0.1666
Гане Тодоровски,Гоце Делчев,8,расказ,0.1467
Гане Тодоровски,Гоце Делчев,9,прв,0.1385
Гане Тодоровски,Гоце Делчев,10,види,0.1339
Гане Тодоровски,Делнично будење на градот,1,ист,0.1242
Гане Тодоровски,Делнично будење на градот,2,адвентист,0.1134
Гане Тодоровски,Делнично будење на градот,3,бргу-бргу,0.1134
Гане Тодоровски,Делнично будење на градот,4,вратар,0.1134
Гане Тодоровски,Делнично будење на градот,5,вријавец,0.1134
Гане Тодоровски,Делнично будење на градот,6,гинеколог,0.1134
Гане Тодоровски,Делнично будење на градот,7,голман,0.1134
Гане Тодоровски,Делнично будење на градот,8,делник,0.1134
Гане Тодоровски,Делнично будење на градот,9,дрдорко,0.1134
Гане Тодоровски,Делнично будење на градот,10,дреар,0.1134
Гане Тодоровски,Еден човек,1,многу,0.2406
Гане Тодоровски,Еден човек,2,дава,0.2384
Гане Тодоровски,Еден човек,3,белки,0.1884
Гане Тодоровски,Еден човек,4,бистрина,0.1884
Гане Тодоровски,Еден човек,5,грижи,0.1884
Гане Тодоровски,Еден човек,6,малкузборник,0.1884
Гане Тодоровски,Еден човек,7,многусторник,0.1884
Гане Тодоровски,Еден човек,8,многучовек,0.1884
Гане Тодоровски,Еден човек,9,облекува,0.1884
Гане Тодоровски,Еден човек,10,почовек,0.1884
Гане Тодоровски,Зимска прикаска,1,чуден,0.2354
Гане Тодоровски,Зимска прикаска,2,месец,0.2232
Гане Тодоровски,Зимска прикаска,3,песно,0.2232
Гане Тодоровски,Зимска прикаска,4,зошто,0.2205
Гане Тодоровски,Зимска прикаска,5,живе,0.1994
Гане Тодоровски,Зимска прикаска,6,спомен,0.1796
Гане Тодоровски,Зимска прикаска,7,спомне,0.1697
Гане Тодоровски,Зимска прикаска,8,пее,0.1585
Гане Тодоровски,Зимска прикаска,9,следа,0.1468
Гане Тодоровски,Зимска прикаска,10,тате,0.1449
Гане Тодоровски,Македонски јазик,1,стане,0.169
Гане Тодоровски,Македонски јазик,2,век,0.137
Гане Тодоровски,Македонски јазик,3,благослов,0.1365
Гане Тодоровски,Македонски јазик,4,смири,0.1365
Гане Тодоровски,Македонски јазик,5,клетва,0.1245
Гане Тодоровски,Македонски јазик,6,верен,0.1211
Гане Тодоровски,Македонски јазик,7,клет,0.1167
Гане Тодоровски,Македонски јазик,8,наш,0.0998
Гане Тодоровски,Македонски јазик,9,долг,0.0965
Гане Тодоровски,Македонски јазик,10,свет,0.0945
Гане Тодоровски,Молитва,1,мунѕосан,0.3193
Гане Тодоровски,Молитва,2,остави,0.1885
Гане Тодоровски,Молитва,3,додатен,0.1596
Гане Тодоровски,Молитва,4,доразбери,0.1596
Гане Тодоровски,Молитва,5,малцина,0.1596
Гане Тодоровски,Молитва,6,мунѕосував,0.1596
Гане Тодоровски,Молитва,7,надзборев,0.1596
Гане Тодоровски,Молитва,8,ненужен,0.1596
Гане Тодоровски,Молитва,9,отпростум,0.1596
Гане Тодоровски,Молитва,10,прекорува,0.1596
Гане Тодоровски,Нашинска,1,малцичка,0.4402
Гане Тодоровски,Нашинска,2,колено,0.324
Гане Тодоровски,Нашинска,3,бистрине,0.2201
Гане Тодоровски,Нашинска,4,вардарине,0.2201
Гане Тодоровски,Нашинска,5,доварди,0.2201
Гане Тодоровски,Нашинска,6,истрајвек,0.2201
Гане Тодоровски,Нашинска,7,корабине,0.2201
Гане Тодоровски,Нашинска,8,прелееме,0.2201
Гане Тодоровски,Нашинска,9,разбистри,0.2201
Гане Тодоровски,Нашинска,10,струмине,0.2201
Гане Тодоровски,Нашинска (III),1,оди,0.6503
Гане Тодоровски,Нашинска (III),2,нашински,0.2273
Гане Тодоровски,Нашинска (III),3,питу,0.1516
Гане Тодоровски,Нашинска (III),4,бандовец,0.0758
Гане Тодоровски,Нашинска (III),5,беаскул,0.0758
Гане Тодоровски,Нашинска (III),6,боллив,0.0758
Гане Тодоровски,Нашинска (III),7,брсјак,0.0758
Гане Тодоровски,Нашинска (III),8,вера,0.0758
Гане Тодоровски,Нашинска (III),9,вртен,0.0758
Гане Тодоровски,Нашинска (III),10,вторпат,0.0758
Гане Тодоровски,Недостижна,1,божествен,0.2448
Гане Тодоровски,Недостижна,2,бледнее,0.1592
Гане Тодоровски,Недостижна,3,вдаден,0.1592
Гане Тодоровски,Недостижна,4,возвеличи,0.1592
Гане Тодоровски,Недостижна,5,залезно,0.1592
Гане Тодоровски,Недостижна,6,изнеможеност,0.1592
Гане Тодоровски,Недостижна,7,наследник,0.1592
Гане Тодоровски,Недостижна,8,неоти,0.1592
Гане Тодоровски,Недостижна,9,новораѓање,0.1592
Гане Тодоровски,Недостижна,10,поза,0.1592
Гане Тодоровски,Ноќ без интерпункција,1,повторно,0.2711
Гане Тодоровски,Ноќ без интерпункција,2,сила,0.2505
Гане Тодоровски,Ноќ без интерпункција,3,бродиме,0.2201
Гане Тодоровски,Ноќ без интерпункција,4,патувач,0.2201
Гане Тодоровски,Ноќ без интерпункција,5,поникнат,0.2201
Гане Тодоровски,Ноќ без интерпункција,6,запирка,0.208
Гане Тодоровски,Ноќ без интерпункција,7,зоро,0.208
Гане Тодоровски,Ноќ без интерпункција,8,натежнат,0.208
Гане Тодоровски,Ноќ без интерпункција,9,кајче,0.1994
Гане Тодоровски,Ноќ без интерпункција,10,разголен,0.1994
Гане Тодоровски,Обична песна,1,ум,0.2952
Гане Тодоровски,Обична песна,2,грев,0.2652
Гане Тодоровски,Обична песна,3,уште,0.2626
Гане Тодоровски,Обична песна,4,грски,0.2167
Гане Тодоровски,Обична песна,5,доздад,0.2167
Гане Тодоровски,Обична песна,6,преобиде,0.2167
Гане Тодоровски,Обична песна,7,преповторив,0.2167
Гане Тодоровски,Обична песна,8,сеприфатлив,0.2167
Гане Тодоровски,Обична песна,9,види,0.1978
Гане Тодоровски,Обична песна,10,смев,0.1964
Гане Тодоровски,Песна што треба да ја напишам,1,тргне,0.4582
Гане Тодоровски,Песна што треба да ја напишам,2,поет,0.438
Гане Тодоровски,Песна што треба да ја напишам,3,станува,0.3829
Гане Тодоровски,Песна што треба да ја напишам,4,денеска,0.2212
Гане Тодоровски,Песна што треба да ја напишам,5,раскаже,0.2122
Гане Тодоровски,Песна што треба да ја напишам,6,место,0.1336
Гане Тодоровски,Песна што треба да ја напишам,7,бездруго,0.1333
Гане Тодоровски,Песна што треба да ја напишам,8,затри,0.1333
Гане Тодоровски,Песна што треба да ја напишам,9,колкумина,0.1333
Гане Тодоровски,Песна што треба да ја напишам,10,колкумине,0.1333
Гане Тодоровски,Пречек,1,немир,0.2808
Гане Тодоровски,Пречек,2,сретне,0.24
Гане Тодоровски,Пречек,3,долго,0.2154
Гане Тодоровски,Пречек,4,надеж,0.2061
Гане Тодоровски,Пречек,5,мине,0.1873
Гане Тодоровски,Пречек,6,задржан,0.1855
Гане Тодоровски,Пречек,7,приквечерина,0.1855
Гане Тодоровски,Пречек,8,смолкнат,0.1855
Гане Тодоровски,Пречек,9,гост,0.1753
Гане Тодоровски,Пречек,10,исчекување,0.1753
Гане Тодоровски,Скица за првото писмо до Ема Гермова,1,ден,0.1802
Гане Тодоровски,Скица за првото писмо до Ема Гермова,2,рече,0.1624
Гане Тодоровски,Скица за првото писмо до Ема Гермова,3,dich,0.1557
Гане Тодоровски,Скица за првото писмо до Ема Гермова,4,ввиден,0.1557
Гане Тодоровски,Скица за првото писмо до Ема Гермова,5,младува,0.1557
Гане Тодоровски,Скица за првото писмо до Ема Гермова,6,непобедник,0.1557
Гане Тодоровски,Скица за првото писмо до Ема Гермова,7,непоразен,0.1557
Гане Тодоровски,Скица за првото писмо до Ема Гермова,8,прегорува,0.1557
Гане Тодоровски,Скица за првото писмо до Ема Гермова,9,прекапнување,0.1557
Гане Тодоровски,Скица за првото писмо до Ема Гермова,10,прижелкува,0.1557
Гане Тодоровски,Сонет,1,можеби,0.3189
Гане Тодоровски,Сонет,2,навек,0.3064
Гане Тодоровски,Сонет,3,неплакан,0.1887
Гане Тодоровски,Сонет,4,страдник,0.1887
Гане Тодоровски,Сонет,5,остане,0.1854
Гане Тодоровски,Сонет,6,блада,0.1783
Гане Тодоровски,Сонет,7,гост,0.1783
Гане Тодоровски,Сонет,8,недофатен,0.1783
Гане Тодоровски,Сонет,9,безгласно,0.171
Гане Тодоровски,Сонет,10,биде,0.1653
Гане Тодоровски,Фуснота без повод,1,македонијо,0.4523
Гане Тодоровски,Фуснота без повод,2,коска,0.1795
Гане Тодоровски,Фуснота без повод,3,град,0.1314
Гане Тодоровски,Фуснота без повод,4,автокефален,0.1292
Гане Тодоровски,Фуснота без повод,5,платен,0.1292
Гане Тодоровски,Фуснота без повод,6,село,0.1209
Гане Тодоровски,Фуснота без повод,7,ал,0.1171
Гане Тодоровски,Фуснота без повод,8,приватен,0.1132
Гане Тодоровски,Фуснота без повод,9,скопје,0.11
Гане Тодоровски,Фуснота без повод,10,број,0.1073
Гане Тодоровски,Чекајќи ја Медеја,1,докај,0.5021
Гане Тодоровски,Чекајќи ја Медеја,2,самоизмама,0.251
Гане Тодоровски,Чекајќи ја Медеја,3,стори,0.1624
Гане Тодоровски,Чекајќи ја Медеја,4,младост,0.1526
Гане Тодоровски,Чекајќи ја Медеја,5,сè,0.1478
Гане Тодоровски,Чекајќи ја Медеја,6,пролет,0.1388
Гане Тодоровски,Чекајќи ја Медеја,7,жена,0.1346
Гане Тодоровски,Чекајќи ја Медеја,8,грошев,0.1255
Гане Тодоровски,Чекајќи ја Медеја,9,збогати,0.1255
Гане Тодоровски,Чекајќи ја Медеја,10,конвертибило,0.1255
Ефтим Клетников,***,1,јуда,0.2318
Ефтим Клетников,***,2,вреди,0.1612
Ефтим Клетников,***,3,миг,0.142
Ефтим Клетников,***,4,дише,0.1352
Ефтим Клетников,***,5,март,0.1199
Ефтим Клетников,***,6,бог,0.1108
Ефтим Клетников,***,7,месечина,0.1108
Ефтим Клетников,***,8,безнадежен,0.1099
Ефтим Клетников,***,9,белина,0.1099
Ефтим Клетников,***,10,престорен,0.1099
Ефтим Клетников,21 јули 1983,1,меур,0.4053
Ефтим Клетников,21 јули 1983,2,пука,0.3185
Ефтим Клетников,21 јули 1983,3,дупли,0.2381
Ефтим Клетников,21 јули 1983,4,матнеж,0.2381
Ефтим Клетников,21 јули 1983,5,синкаст,0.2381
Ефтим Клетников,21 јули 1983,6,зашеметен,0.225
Ефтим Клетников,21 јули 1983,7,дига,0.2085
Ефтим Клетников,21 јули 1983,8,умор,0.2085
Ефтим Клетников,21 јули 1983,9,ужасен,0.1934
Ефтим Клетников,21 јули 1983,10,врви,0.1861
Ефтим Клетников,FIX,1,слуша,0.2888
Ефтим Клетников,FIX,2,двоји,0.2768
Ефтим Клетников,FIX,3,наслони,0.2653
Ефтим Клетников,FIX,4,избива,0.2185
Ефтим Клетников,FIX,5,фрла,0.2078
Ефтим Клетников,FIX,6,жила,0.2056
Ефтим Клетников,FIX,7,поток,0.2056
Ефтим Клетников,FIX,8,тежина,0.2034
Ефтим Клетников,FIX,9,пупка,0.1995
Ефтим Клетников,FIX,10,светло,0.1995
Ефтим Клетников,requiem 1. просторија со мртво тело,1,просторија,0.3489
Ефтим Клетников,requiem 1. просторија со мртво тело,2,мртов,0.193
Ефтим Клетников,requiem 1. просторија со мртво тело,3,кирил,0.1925
Ефтим Клетников,requiem 1. просторија со мртво тело,4,оладен,0.1925
Ефтим Клетников,requiem 1. просторија со мртво тело,5,полумрачен,0.1925
Ефтим Клетников,requiem 1. просторија со мртво тело,6,спирал,0.1925
Ефтим Клетников,requiem 1. просторија со мртво тело,7,тело,0.1823
Ефтим Клетников,requiem 1. просторија со мртво тело,8,конечен,0.1819
Ефтим Клетников,requiem 1. просторија со мртво тело,9,постоен,0.1819
Ефтим Клетников,requiem 1. просторија со мртво тело,10,прикрива,0.1819
Ефтим Клетников,requiem 2. епизоди од детството,1,детство,0.3515
Ефтим Клетников,requiem 2. епизоди од детството,2,твој,0.3345
Ефтим Клетников,requiem 2. епизоди од детството,3,снег,0.293
Ефтим Клетников,requiem 2. епизоди од детството,4,постои,0.2845
Ефтим Клетников,requiem 2. епизоди од детството,5,еден,0.2765
Ефтим Клетников,requiem 2. епизоди од детството,6,постојано,0.2306
Ефтим Клетников,requiem 2. епизоди од детството,7,татко,0.2167
Ефтим Клетников,requiem 2. епизоди од детството,8,врзував,0.1782
Ефтим Клетников,requiem 2. епизоди од детството,9,ермори,0.1782
Ефтим Клетников,requiem 2. епизоди од детството,10,итвој,0.1782
Ефтим Клетников,requiem 3. песна за сината престолнина,1,непорочен,0.2944
Ефтим Клетников,requiem 3. песна за сината престолнина,2,пала,0.2944
Ефтим Клетников,requiem 3. песна за сината престолнина,3,престолнина,0.2944
Ефтим Клетников,requiem 3. песна за сината престолнина,4,таму,0.2866
Ефтим Клетников,requiem 3. песна за сината престолнина,5,преселен,0.2783
Ефтим Клетников,requiem 3. песна за сината престолнина,6,синат,0.2783
Ефтим Клетников,requiem 3. песна за сината престолнина,7,шета,0.1969
Ефтим Клетников,requiem 3. песна за сината престолнина,8,прозорец,0.1758
Ефтим Клетников,requiem 3. песна за сината престолнина,9,твој,0.1658
Ефтим Клетников,requiem 3. песна за сината престолнина,10,тишина,0.1635
Ефтим Клетников,"requiem 4. студено утро, мермерни плочи",1,смрт,0.214
Ефтим Клетников,"requiem 4. студено утро, мермерни плочи",2,непочит,0.2127
Ефтим Клетников,"requiem 4. студено утро, мермерни плочи",3,беда,0.201
Ефтим Клетников,"requiem 4. студено утро, мермерни плочи",4,дива,0.1927
Ефтим Клетников,"requiem 4. студено утро, мермерни плочи",5,ламтеж,0.1927
Ефтим Клетников,"requiem 4. студено утро, мермерни плочи",6,нескротлив,0.1927
Ефтим Клетников,"requiem 4. студено утро, мермерни плочи",7,густеж,0.1863
Ефтим Клетников,"requiem 4. студено утро, мермерни плочи",8,допири,0.181
Ефтим Клетников,"requiem 4. студено утро, мермерни плочи",9,студено,0.181
Ефтим Клетников,"requiem 4. студено утро, мермерни плочи",10,мермер,0.1766
Ефтим Клетников,Јавач во полноќта - 2,1,јуриш,0.2907
Ефтим Клетников,Јавач во полноќта - 2,2,клатен,0.2301
Ефтим Клетников,Јавач во полноќта - 2,3,јатка,0.1769
Ефтим Клетников,Јавач во полноќта - 2,4,само,0.1218
Ефтим Клетников,Јавач во полноќта - 2,5,езди,0.1217
Ефтим Клетников,Јавач во полноќта - 2,6,светлинка,0.1217
Ефтим Клетников,Јавач во полноќта - 2,7,стрелови,0.1217
Ефтим Клетников,Јавач во полноќта - 2,8,едноличност,0.115
Ефтим Клетников,Јавач во полноќта - 2,9,навлегува,0.115
Ефтим Клетников,Јавач во полноќта - 2,10,опитен,0.115
Ефтим Клетников,Јавач во полноќта - 3,1,светкавица,0.2709
Ефтим Клетников,Јавач во полноќта - 3,2,ту,0.2619
Ефтим Клетников,Јавач во полноќта - 3,3,струја,0.2077
Ефтим Клетников,Јавач во полноќта - 3,4,сјај,0.1818
Ефтим Клетников,Јавач во полноќта - 3,5,стебло,0.1796
Ефтим Клетников,Јавач во полноќта - 3,6,алем-камен,0.1495
Ефтим Клетников,Јавач во полноќта - 3,7,мрак-одаја,0.1495
Ефтим Клетников,Јавач во полноќта - 3,8,расчепи,0.1495
Ефтим Клетников,Јавач во полноќта - 3,9,мрак,0.142
Ефтим Клетников,Јавач во полноќта - 3,10,латица,0.1413
Ефтим Клетников,Јавач во полноќта - 4,1,јуриш,0.4402
Ефтим Клетников,Јавач во полноќта - 4,2,заледен,0.1383
Ефтим Клетников,Јавач во полноќта - 4,3,конец-зрак,0.1383
Ефтим Клетников,Јавач во полноќта - 4,4,пропејува,0.1383
Ефтим Клетников,Јавач во полноќта - 4,5,соспи,0.1383
Ефтим Клетников,Јавач во полноќта - 4,6,сошиен,0.1383
Ефтим Клетников,Јавач во полноќта - 4,7,јавање,0.1383
Ефтим Клетников,Јавач во полноќта - 4,8,јадосано,0.1383
Ефтим Клетников,Јавач во полноќта - 4,9,ветер,0.1317
Ефтим Клетников,Јавач во полноќта - 4,10,зарие,0.1306
Ефтим Клетников,Јавач во полноќта - 5,1,јуриш,0.3799
Ефтим Клетников,Јавач во полноќта - 5,2,притаил,0.2387
Ефтим Клетников,Јавач во полноќта - 5,3,рикнува,0.2387
Ефтим Клетников,Јавач во полноќта - 5,4,леден,0.2031
Ефтим Клетников,Јавач во полноќта - 5,5,плизок,0.1938
Ефтим Клетников,Јавач во полноќта - 5,6,рамено,0.1938
Ефтим Клетников,Јавач во полноќта - 5,7,рамнина,0.19
Ефтим Клетников,Јавач во полноќта - 5,8,самотен,0.19
Ефтим Клетников,Јавач во полноќта - 5,9,сет,0.1866
Ефтим Клетников,Јавач во полноќта - 5,10,ѕверка,0.1835
Ефтим Клетников,БЛАГОВЕСТИ,1,семе,0.2176
Ефтим Клетников,БЛАГОВЕСТИ,2,полн,0.18
Ефтим Клетников,БЛАГОВЕСТИ,3,жетвин,0.1732
Ефтим Клетников,БЛАГОВЕСТИ,4,разѕвездува,0.1732
Ефтим Клетников,БЛАГОВЕСТИ,5,шикнува,0.1732
Ефтим Клетников,БЛАГОВЕСТИ,6,ќуп,0.1732
Ефтим Клетников,БЛАГОВЕСТИ,7,воспоставува,0.1637
Ефтим Клетников,БЛАГОВЕСТИ,8,грмнува,0.1637
Ефтим Клетников,БЛАГОВЕСТИ,9,вејавица,0.1569
Ефтим Клетников,БЛАГОВЕСТИ,10,густина,0.1569
Ефтим Клетников,ДЕТЕТО ГЛЕДА ВО НОЌТА Трагична соната во две слики,1,слика,0.2313
Ефтим Клетников,ДЕТЕТО ГЛЕДА ВО НОЌТА Трагична соната во две слики,2,мртов,0.2008
Ефтим Клетников,ДЕТЕТО ГЛЕДА ВО НОЌТА Трагична соната во две слики,3,празнува,0.2002
Ефтим Клетников,ДЕТЕТО ГЛЕДА ВО НОЌТА Трагична соната во две слики,4,протегнува,0.2002
Ефтим Клетников,ДЕТЕТО ГЛЕДА ВО НОЌТА Трагична соната во две слики,5,клекнува,0.1892
Ефтим Клетников,ДЕТЕТО ГЛЕДА ВО НОЌТА Трагична соната во две слики,6,темен,0.1833
Ефтим Клетников,ДЕТЕТО ГЛЕДА ВО НОЌТА Трагична соната во две слики,7,бликнува,0.1814
Ефтим Клетников,ДЕТЕТО ГЛЕДА ВО НОЌТА Трагична соната во две слики,8,жубори,0.1814
Ефтим Клетников,ДЕТЕТО ГЛЕДА ВО НОЌТА Трагична соната во две слики,9,самрачен,0.1704
Ефтим Клетников,ДЕТЕТО ГЛЕДА ВО НОЌТА Трагична соната во две слики,10,процеп,0.1662
Ефтим Клетников,ДЕТЕТО И ОКОТО НА ТЕМНИОТ - 1,1,гане,0.2014
Ефтим Клетников,ДЕТЕТО И ОКОТО НА ТЕМНИОТ - 1,2,дотечува,0.2014
Ефтим Клетников,ДЕТЕТО И ОКОТО НА ТЕМНИОТ - 1,3,истрча,0.2014
Ефтим Клетников,ДЕТЕТО И ОКОТО НА ТЕМНИОТ - 1,4,настрви,0.2014
Ефтим Клетников,ДЕТЕТО И ОКОТО НА ТЕМНИОТ - 1,5,тодоровски,0.2014
Ефтим Клетников,ДЕТЕТО И ОКОТО НА ТЕМНИОТ - 1,6,езерце,0.1903
Ефтим Клетников,ДЕТЕТО И ОКОТО НА ТЕМНИОТ - 1,7,изворче,0.1903
Ефтим Клетников,ДЕТЕТО И ОКОТО НА ТЕМНИОТ - 1,8,засолн,0.1825
Ефтим Клетников,ДЕТЕТО И ОКОТО НА ТЕМНИОТ - 1,9,машкост,0.1825
Ефтим Клетников,ДЕТЕТО И ОКОТО НА ТЕМНИОТ - 1,10,пливач,0.1825
Ефтим Клетников,ДЕТЕТО И ОКОТО НА ТЕМНИОТ - 2,1,бувне,0.2146
Ефтим Клетников,ДЕТЕТО И ОКОТО НА ТЕМНИОТ - 2,2,префаќа,0.2146
Ефтим Клетников,ДЕТЕТО И ОКОТО НА ТЕМНИОТ - 2,3,глас,0.2102
Ефтим Клетников,ДЕТЕТО И ОКОТО НА ТЕМНИОТ - 2,4,јаболк,0.2028
Ефтим Клетников,ДЕТЕТО И ОКОТО НА ТЕМНИОТ - 2,5,види,0.1959
Ефтим Клетников,ДЕТЕТО И ОКОТО НА ТЕМНИОТ - 2,6,збивта,0.1944
Ефтим Клетников,ДЕТЕТО И ОКОТО НА ТЕМНИОТ - 2,7,забележи,0.1879
Ефтим Клетников,ДЕТЕТО И ОКОТО НА ТЕМНИОТ - 2,8,изнесе,0.1879
Ефтим Клетников,ДЕТЕТО И ОКОТО НА ТЕМНИОТ - 2,9,расцути,0.1879
Ефтим Клетников,ДЕТЕТО И ОКОТО НА ТЕМНИОТ - 2,10,рај,0.1826
Ефтим Клетников,ДЕТЕТО И ОКОТО НА ТЕМНИОТ - 3,1,овошје,0.3251
Ефтим Клетников,ДЕТЕТО И ОКОТО НА ТЕМНИОТ - 3,2,пладне,0.2667
Ефтим Клетников,ДЕТЕТО И ОКОТО НА ТЕМНИОТ - 3,3,невнимателно,0.1958
Ефтим Клетников,ДЕТЕТО И ОКОТО НА ТЕМНИОТ - 3,4,досуден,0.185
Ефтим Клетников,ДЕТЕТО И ОКОТО НА ТЕМНИОТ - 3,5,разгранува,0.185
Ефтим Клетников,ДЕТЕТО И ОКОТО НА ТЕМНИОТ - 3,6,темен,0.1792
Ефтим Клетников,ДЕТЕТО И ОКОТО НА ТЕМНИОТ - 3,7,ликува,0.1774
Ефтим Клетников,ДЕТЕТО И ОКОТО НА ТЕМНИОТ - 3,8,принесе,0.1715
Ефтим Клетников,ДЕТЕТО И ОКОТО НА ТЕМНИОТ - 3,9,зјае,0.1666
Ефтим Клетников,ДЕТЕТО И ОКОТО НА ТЕМНИОТ - 3,10,самрачен,0.1666
Ефтим Клетников,ДЕТЕТО ПЛАЧЕ. НОЌТА Е ТЕМНА,1,плаче,0.3365
Ефтим Клетников,ДЕТЕТО ПЛАЧЕ. НОЌТА Е ТЕМНА,2,дете,0.3242
Ефтим Клетников,ДЕТЕТО ПЛАЧЕ. НОЌТА Е ТЕМНА,3,ноќ,0.2797
Ефтим Клетников,ДЕТЕТО ПЛАЧЕ. НОЌТА Е ТЕМНА,4,атанас,0.2255
Ефтим Клетников,ДЕТЕТО ПЛАЧЕ. НОЌТА Е ТЕМНА,5,вангелов,0.2255
Ефтим Клетников,ДЕТЕТО ПЛАЧЕ. НОЌТА Е ТЕМНА,6,соспите,0.2255
Ефтим Клетников,ДЕТЕТО ПЛАЧЕ. НОЌТА Е ТЕМНА,7,темен,0.2064
Ефтим Клетников,ДЕТЕТО ПЛАЧЕ. НОЌТА Е ТЕМНА,8,лелек,0.1975
Ефтим Клетников,ДЕТЕТО ПЛАЧЕ. НОЌТА Е ТЕМНА,9,хор,0.1919
Ефтим Клетников,ДЕТЕТО ПЛАЧЕ. НОЌТА Е ТЕМНА,10,блесне,0.1872
Ефтим Клетников,ДОЛОТ,1,дол,0.2825
Ефтим Клетников,ДОЛОТ,2,жбун,0.2032
Ефтим Клетников,ДОЛОТ,3,сè,0.1689
Ефтим Клетников,ДОЛОТ,4,чудно,0.1653
Ефтим Клетников,ДОЛОТ,5,бол,0.1604
Ефтим Клетников,ДОЛОТ,6,цутје,0.1509
Ефтим Клетников,ДОЛОТ,7,грее,0.1465
Ефтим Клетников,ДОЛОТ,8,див,0.1324
Ефтим Клетников,ДОЛОТ,9,стебло,0.1292
Ефтим Клетников,ДОЛОТ,10,цвеќе,0.1262
Ефтим Клетников,ДОЦНА ЕСЕН,1,сè,0.2756
Ефтим Клетников,ДОЦНА ЕСЕН,2,градинар,0.2459
Ефтим Клетников,ДОЦНА ЕСЕН,3,огледало,0.1894
Ефтим Клетников,ДОЦНА ЕСЕН,4,сјај,0.1707
Ефтим Клетников,ДОЦНА ЕСЕН,5,потоа,0.1696
Ефтим Клетников,ДОЦНА ЕСЕН,6,усна,0.1622
Ефтим Клетников,ДОЦНА ЕСЕН,7,плод,0.1567
Ефтим Клетников,ДОЦНА ЕСЕН,8,миг,0.1506
Ефтим Клетников,ДОЦНА ЕСЕН,9,блен,0.1404
Ефтим Клетников,ДОЦНА ЕСЕН,10,зажарен,0.1404
Ефтим Клетников,НА МОЈОТ ИМЕНДЕН ТАТКО МИ КРЕВА ЗДРАВИЦА - 1,1,детство,0.2466
Ефтим Клетников,НА МОЈОТ ИМЕНДЕН ТАТКО МИ КРЕВА ЗДРАВИЦА - 1,2,слика,0.2167
Ефтим Клетников,НА МОЈОТ ИМЕНДЕН ТАТКО МИ КРЕВА ЗДРАВИЦА - 1,3,бериќетен,0.1876
Ефтим Клетников,НА МОЈОТ ИМЕНДЕН ТАТКО МИ КРЕВА ЗДРАВИЦА - 1,4,бувнува,0.1876
Ефтим Клетников,НА МОЈОТ ИМЕНДЕН ТАТКО МИ КРЕВА ЗДРАВИЦА - 1,5,именден,0.1876
Ефтим Клетников,НА МОЈОТ ИМЕНДЕН ТАТКО МИ КРЕВА ЗДРАВИЦА - 1,6,потсетен,0.1876
Ефтим Клетников,НА МОЈОТ ИМЕНДЕН ТАТКО МИ КРЕВА ЗДРАВИЦА - 1,7,придодава,0.1876
Ефтим Клетников,НА МОЈОТ ИМЕНДЕН ТАТКО МИ КРЕВА ЗДРАВИЦА - 1,8,снегот-скаски,0.1876
Ефтим Клетников,НА МОЈОТ ИМЕНДЕН ТАТКО МИ КРЕВА ЗДРАВИЦА - 1,9,февруари,0.1876
Ефтим Клетников,НА МОЈОТ ИМЕНДЕН ТАТКО МИ КРЕВА ЗДРАВИЦА - 1,10,вршидба,0.1699
Ефтим Клетников,НА МОЈОТ ИМЕНДЕН ТАТКО МИ КРЕВА ЗДРАВИЦА - 2,1,забележува,0.3707
Ефтим Клетников,НА МОЈОТ ИМЕНДЕН ТАТКО МИ КРЕВА ЗДРАВИЦА - 2,2,здравица,0.3256
Ефтим Клетников,НА МОЈОТ ИМЕНДЕН ТАТКО МИ КРЕВА ЗДРАВИЦА - 2,3,средполен,0.1961
Ефтим Клетников,НА МОЈОТ ИМЕНДЕН ТАТКО МИ КРЕВА ЗДРАВИЦА - 2,4,сенка,0.1815
Ефтим Клетников,НА МОЈОТ ИМЕНДЕН ТАТКО МИ КРЕВА ЗДРАВИЦА - 2,5,селанин,0.1777
Ефтим Клетников,НА МОЈОТ ИМЕНДЕН ТАТКО МИ КРЕВА ЗДРАВИЦА - 2,6,априлски,0.1718
Ефтим Клетников,НА МОЈОТ ИМЕНДЕН ТАТКО МИ КРЕВА ЗДРАВИЦА - 2,7,паѓи,0.1718
Ефтим Клетников,НА МОЈОТ ИМЕНДЕН ТАТКО МИ КРЕВА ЗДРАВИЦА - 2,8,бликне,0.1669
Ефтим Клетников,НА МОЈОТ ИМЕНДЕН ТАТКО МИ КРЕВА ЗДРАВИЦА - 2,9,наеднаш,0.1628
Ефтим Клетников,НА МОЈОТ ИМЕНДЕН ТАТКО МИ КРЕВА ЗДРАВИЦА - 2,10,потекло,0.1628
Ефтим Клетников,НА МОЈОТ ИМЕНДЕН ТАТКО МИ КРЕВА ЗДРАВИЦА - 3,1,гранче,0.2863
Ефтим Клетников,НА МОЈОТ ИМЕНДЕН ТАТКО МИ КРЕВА ЗДРАВИЦА - 3,2,татко,0.2144
Ефтим Клетников,НА МОЈОТ ИМЕНДЕН ТАТКО МИ КРЕВА ЗДРАВИЦА - 3,3,жуборат,0.1763
Ефтим Клетников,НА МОЈОТ ИМЕНДЕН ТАТКО МИ КРЕВА ЗДРАВИЦА - 3,4,пресјајно,0.1763
Ефтим Клетников,НА МОЈОТ ИМЕНДЕН ТАТКО МИ КРЕВА ЗДРАВИЦА - 3,5,присои,0.1763
Ефтим Клетников,НА МОЈОТ ИМЕНДЕН ТАТКО МИ КРЕВА ЗДРАВИЦА - 3,6,распупува,0.1763
Ефтим Клетников,НА МОЈОТ ИМЕНДЕН ТАТКО МИ КРЕВА ЗДРАВИЦА - 3,7,смаен,0.1763
Ефтим Клетников,НА МОЈОТ ИМЕНДЕН ТАТКО МИ КРЕВА ЗДРАВИЦА - 3,8,дете,0.169
Ефтим Клетников,НА МОЈОТ ИМЕНДЕН ТАТКО МИ КРЕВА ЗДРАВИЦА - 3,9,грејнува,0.1666
Ефтим Клетников,НА МОЈОТ ИМЕНДЕН ТАТКО МИ КРЕВА ЗДРАВИЦА - 3,10,пени,0.1666
Ефтим Клетников,НА ПОЛНОЌ КОГА ПРСКА ЈАТКАТА НА МРАКОТ-1,1,невеста,0.4122
Ефтим Клетников,НА ПОЛНОЌ КОГА ПРСКА ЈАТКАТА НА МРАКОТ-1,2,налева,0.2833
Ефтим Клетников,НА ПОЛНОЌ КОГА ПРСКА ЈАТКАТА НА МРАКОТ-1,3,полива,0.2833
Ефтим Клетников,НА ПОЛНОЌ КОГА ПРСКА ЈАТКАТА НА МРАКОТ-1,4,вода,0.1735
Ефтим Клетников,НА ПОЛНОЌ КОГА ПРСКА ЈАТКАТА НА МРАКОТ-1,5,грнчар,0.1499
Ефтим Клетников,НА ПОЛНОЌ КОГА ПРСКА ЈАТКАТА НА МРАКОТ-1,6,дотекува,0.1499
Ефтим Клетников,НА ПОЛНОЌ КОГА ПРСКА ЈАТКАТА НА МРАКОТ-1,7,ловор,0.1499
Ефтим Клетников,НА ПОЛНОЌ КОГА ПРСКА ЈАТКАТА НА МРАКОТ-1,8,минерал,0.1499
Ефтим Клетников,НА ПОЛНОЌ КОГА ПРСКА ЈАТКАТА НА МРАКОТ-1,9,размодрен,0.1499
Ефтим Клетников,НА ПОЛНОЌ КОГА ПРСКА ЈАТКАТА НА МРАКОТ-1,10,вреден,0.1416
Ефтим Клетников,НА ПОЛНОЌ КОГА ПРСКА ЈАТКАТА НА МРАКОТ-2,1,камен,0.2147
Ефтим Клетников,НА ПОЛНОЌ КОГА ПРСКА ЈАТКАТА НА МРАКОТ-2,2,заискрен,0.205
Ефтим Клетников,НА ПОЛНОЌ КОГА ПРСКА ЈАТКАТА НА МРАКОТ-2,3,поосамен,0.205
Ефтим Клетников,НА ПОЛНОЌ КОГА ПРСКА ЈАТКАТА НА МРАКОТ-2,4,посетува,0.205
Ефтим Клетников,НА ПОЛНОЌ КОГА ПРСКА ЈАТКАТА НА МРАКОТ-2,5,сестар,0.205
Ефтим Клетников,НА ПОЛНОЌ КОГА ПРСКА ЈАТКАТА НА МРАКОТ-2,6,здружен,0.1796
Ефтим Клетников,НА ПОЛНОЌ КОГА ПРСКА ЈАТКАТА НА МРАКОТ-2,7,поплава,0.1796
Ефтим Клетников,НА ПОЛНОЌ КОГА ПРСКА ЈАТКАТА НА МРАКОТ-2,8,шибјак,0.1796
Ефтим Клетников,НА ПОЛНОЌ КОГА ПРСКА ЈАТКАТА НА МРАКОТ-2,9,отпосле,0.1745
Ефтим Клетников,НА ПОЛНОЌ КОГА ПРСКА ЈАТКАТА НА МРАКОТ-2,10,потпрен,0.1745
Ефтим Клетников,НА ПОЛНОЌ КОГА ПРСКА ЈАТКАТА НА МРАКОТ-3,1,излегува,0.218
Ефтим Клетников,НА ПОЛНОЌ КОГА ПРСКА ЈАТКАТА НА МРАКОТ-3,2,богородичино,0.1759
Ефтим Клетников,НА ПОЛНОЌ КОГА ПРСКА ЈАТКАТА НА МРАКОТ-3,3,заитано,0.1759
Ефтим Клетников,НА ПОЛНОЌ КОГА ПРСКА ЈАТКАТА НА МРАКОТ-3,4,замисленост,0.1759
Ефтим Клетников,НА ПОЛНОЌ КОГА ПРСКА ЈАТКАТА НА МРАКОТ-3,5,зглавје,0.1759
Ефтим Клетников,НА ПОЛНОЌ КОГА ПРСКА ЈАТКАТА НА МРАКОТ-3,6,поткренат,0.1759
Ефтим Клетников,НА ПОЛНОЌ КОГА ПРСКА ЈАТКАТА НА МРАКОТ-3,7,потпрела,0.1759
Ефтим Клетников,НА ПОЛНОЌ КОГА ПРСКА ЈАТКАТА НА МРАКОТ-3,8,раздиплува,0.1759
Ефтим Клетников,НА ПОЛНОЌ КОГА ПРСКА ЈАТКАТА НА МРАКОТ-3,9,еутихиј,0.1662
Ефтим Клетников,НА ПОЛНОЌ КОГА ПРСКА ЈАТКАТА НА МРАКОТ-3,10,михаило,0.1662
Ефтим Клетников,НА ПОЛНОЌ КОГА ПРСКА ЈАТКАТА НА МРАКОТ-4,1,густина,0.3309
Ефтим Клетников,НА ПОЛНОЌ КОГА ПРСКА ЈАТКАТА НА МРАКОТ-4,2,истовремено,0.1826
Ефтим Клетников,НА ПОЛНОЌ КОГА ПРСКА ЈАТКАТА НА МРАКОТ-4,3,претеж,0.1826
Ефтим Клетников,НА ПОЛНОЌ КОГА ПРСКА ЈАТКАТА НА МРАКОТ-4,4,расчатали,0.1826
Ефтим Клетников,НА ПОЛНОЌ КОГА ПРСКА ЈАТКАТА НА МРАКОТ-4,5,сржта,0.1826
Ефтим Клетников,НА ПОЛНОЌ КОГА ПРСКА ЈАТКАТА НА МРАКОТ-4,6,општ,0.1726
Ефтим Клетников,НА ПОЛНОЌ КОГА ПРСКА ЈАТКАТА НА МРАКОТ-4,7,хармонија,0.1726
Ефтим Клетников,НА ПОЛНОЌ КОГА ПРСКА ЈАТКАТА НА МРАКОТ-4,8,цврстина,0.1726
Ефтим Клетников,НА ПОЛНОЌ КОГА ПРСКА ЈАТКАТА НА МРАКОТ-4,9,амбара,0.1599
Ефтим Клетников,НА ПОЛНОЌ КОГА ПРСКА ЈАТКАТА НА МРАКОТ-4,10,обновен,0.1554
Ефтим Клетников,НА ПОЛНОЌ КОГА ПРСКА ЈАТКАТА НА МРАКОТ-5,1,созрее,0.3613
Ефтим Клетников,НА ПОЛНОЌ КОГА ПРСКА ЈАТКАТА НА МРАКОТ-5,2,делница,0.2512
Ефтим Клетников,НА ПОЛНОЌ КОГА ПРСКА ЈАТКАТА НА МРАКОТ-5,3,надземен,0.2408
Ефтим Клетников,НА ПОЛНОЌ КОГА ПРСКА ЈАТКАТА НА МРАКОТ-5,4,молитва,0.2012
Ефтим Клетников,НА ПОЛНОЌ КОГА ПРСКА ЈАТКАТА НА МРАКОТ-5,5,густ,0.1846
Ефтим Клетников,НА ПОЛНОЌ КОГА ПРСКА ЈАТКАТА НА МРАКОТ-5,6,подземен,0.1778
Ефтим Клетников,НА ПОЛНОЌ КОГА ПРСКА ЈАТКАТА НА МРАКОТ-5,7,сјај,0.1616
Ефтим Клетников,НА ПОЛНОЌ КОГА ПРСКА ЈАТКАТА НА МРАКОТ-5,8,свој,0.1475
Ефтим Клетников,НА ПОЛНОЌ КОГА ПРСКА ЈАТКАТА НА МРАКОТ-5,9,мојсие,0.1329
Ефтим Клетников,НА ПОЛНОЌ КОГА ПРСКА ЈАТКАТА НА МРАКОТ-5,10,тивнее,0.1329
Ефтим Клетников,НА ПОЛНОЌ КОГА ПРСКА ЈАТКАТА НА МРАКОТ-6,1,трудница,0.3098
Ефтим Клетников,НА ПОЛНОЌ КОГА ПРСКА ЈАТКАТА НА МРАКОТ-6,2,колиба,0.2927
Ефтим Клетников,НА ПОЛНОЌ КОГА ПРСКА ЈАТКАТА НА МРАКОТ-6,3,вода,0.1793
Ефтим Клетников,НА ПОЛНОЌ КОГА ПРСКА ЈАТКАТА НА МРАКОТ-6,4,бродоломен,0.1549
Ефтим Клетников,НА ПОЛНОЌ КОГА ПРСКА ЈАТКАТА НА МРАКОТ-6,5,вестителски,0.1549
Ефтим Клетников,НА ПОЛНОЌ КОГА ПРСКА ЈАТКАТА НА МРАКОТ-6,6,претскажан,0.1549
Ефтим Клетников,НА ПОЛНОЌ КОГА ПРСКА ЈАТКАТА НА МРАКОТ-6,7,мрак,0.1471
Ефтим Клетников,НА ПОЛНОЌ КОГА ПРСКА ЈАТКАТА НА МРАКОТ-6,8,вирје,0.1464
Ефтим Клетников,НА ПОЛНОЌ КОГА ПРСКА ЈАТКАТА НА МРАКОТ-6,9,зачнува,0.1464
Ефтим Клетников,НА ПОЛНОЌ КОГА ПРСКА ЈАТКАТА НА МРАКОТ-6,10,напира,0.1464
Ефтим Клетников,НА ПОЛНОЌ КОГА ПРСКА ЈАТКАТА НА МРАКОТ-7,1,извел,0.3142
Ефтим Клетников,НА ПОЛНОЌ КОГА ПРСКА ЈАТКАТА НА МРАКОТ-7,2,причест,0.3142
Ефтим Клетников,НА ПОЛНОЌ КОГА ПРСКА ЈАТКАТА НА МРАКОТ-7,3,христос,0.2846
Ефтим Клетников,НА ПОЛНОЌ КОГА ПРСКА ЈАТКАТА НА МРАКОТ-7,4,расцутен,0.2751
Ефтим Клетников,НА ПОЛНОЌ КОГА ПРСКА ЈАТКАТА НА МРАКОТ-7,5,обновен,0.2673
Ефтим Клетников,НА ПОЛНОЌ КОГА ПРСКА ЈАТКАТА НА МРАКОТ-7,6,вее,0.2312
Ефтим Клетников,НА ПОЛНОЌ КОГА ПРСКА ЈАТКАТА НА МРАКОТ-7,7,јатка,0.2283
Ефтим Клетников,НА ПОЛНОЌ КОГА ПРСКА ЈАТКАТА НА МРАКОТ-7,8,овошка,0.2101
Ефтим Клетников,НА ПОЛНОЌ КОГА ПРСКА ЈАТКАТА НА МРАКОТ-7,9,прска,0.2101
Ефтим Клетников,НА ПОЛНОЌ КОГА ПРСКА ЈАТКАТА НА МРАКОТ-7,10,детски,0.2002
Ефтим Клетников,НА ТАТКО МИ МУ ЧИТАМ СКАЗНА НА КРАЈОТ ОД БРАЗДАТА - 1,1,вејавица,0.391
Ефтим Клетников,НА ТАТКО МИ МУ ЧИТАМ СКАЗНА НА КРАЈОТ ОД БРАЗДАТА - 1,2,чити,0.391
Ефтим Клетников,НА ТАТКО МИ МУ ЧИТАМ СКАЗНА НА КРАЈОТ ОД БРАЗДАТА - 1,3,сказна,0.3266
Ефтим Клетников,НА ТАТКО МИ МУ ЧИТАМ СКАЗНА НА КРАЈОТ ОД БРАЗДАТА - 1,4,бразда,0.3029
Ефтим Клетников,НА ТАТКО МИ МУ ЧИТАМ СКАЗНА НА КРАЈОТ ОД БРАЗДАТА - 1,5,цутје,0.3029
Ефтим Клетников,НА ТАТКО МИ МУ ЧИТАМ СКАЗНА НА КРАЈОТ ОД БРАЗДАТА - 1,6,свест,0.2939
Ефтим Клетников,НА ТАТКО МИ МУ ЧИТАМ СКАЗНА НА КРАЈОТ ОД БРАЗДАТА - 1,7,легне,0.273
Ефтим Клетников,НА ТАТКО МИ МУ ЧИТАМ СКАЗНА НА КРАЈОТ ОД БРАЗДАТА - 1,8,татко,0.2623
Ефтим Клетников,НА ТАТКО МИ МУ ЧИТАМ СКАЗНА НА КРАЈОТ ОД БРАЗДАТА - 1,9,топол,0.2226
Ефтим Клетников,НА ТАТКО МИ МУ ЧИТАМ СКАЗНА НА КРАЈОТ ОД БРАЗДАТА - 1,10,слуша,0.2127
Ефтим Клетников,НА ТАТКО МИ МУ ЧИТАМ СКАЗНА НА КРАЈОТ ОД БРАЗДАТА - 2,1,василиса,0.2798
Ефтим Клетников,НА ТАТКО МИ МУ ЧИТАМ СКАЗНА НА КРАЈОТ ОД БРАЗДАТА - 2,2,изгубува,0.2798
Ефтим Клетников,НА ТАТКО МИ МУ ЧИТАМ СКАЗНА НА КРАЈОТ ОД БРАЗДАТА - 2,3,крилест,0.2798
Ефтим Клетников,НА ТАТКО МИ МУ ЧИТАМ СКАЗНА НА КРАЈОТ ОД БРАЗДАТА - 2,4,скокнува,0.2798
Ефтим Клетников,НА ТАТКО МИ МУ ЧИТАМ СКАЗНА НА КРАЈОТ ОД БРАЗДАТА - 2,5,грмнува,0.2644
Ефтим Клетников,НА ТАТКО МИ МУ ЧИТАМ СКАЗНА НА КРАЈОТ ОД БРАЗДАТА - 2,6,одежда,0.2535
Ефтим Клетников,НА ТАТКО МИ МУ ЧИТАМ СКАЗНА НА КРАЈОТ ОД БРАЗДАТА - 2,7,јаболкница,0.2381
Ефтим Клетников,НА ТАТКО МИ МУ ЧИТАМ СКАЗНА НА КРАЈОТ ОД БРАЗДАТА - 2,8,крошна,0.2322
Ефтим Клетников,НА ТАТКО МИ МУ ЧИТАМ СКАЗНА НА КРАЈОТ ОД БРАЗДАТА - 2,9,наеднаш,0.2322
Ефтим Клетников,НА ТАТКО МИ МУ ЧИТАМ СКАЗНА НА КРАЈОТ ОД БРАЗДАТА - 2,10,прекрасен,0.2227
Ефтим Клетников,НА ТАТКО МИ МУ ЧИТАМ СКАЗНА НА КРАЈОТ ОД БРАЗДАТА - 3,1,дворец,0.3892
Ефтим Клетников,НА ТАТКО МИ МУ ЧИТАМ СКАЗНА НА КРАЈОТ ОД БРАЗДАТА - 3,2,жбун,0.3678
Ефтим Клетников,НА ТАТКО МИ МУ ЧИТАМ СКАЗНА НА КРАЈОТ ОД БРАЗДАТА - 3,3,пламнува,0.3408
Ефтим Клетников,НА ТАТКО МИ МУ ЧИТАМ СКАЗНА НА КРАЈОТ ОД БРАЗДАТА - 3,4,ближи,0.316
Ефтим Клетников,НА ТАТКО МИ МУ ЧИТАМ СКАЗНА НА КРАЈОТ ОД БРАЗДАТА - 3,5,шуми,0.2946
Ефтим Клетников,НА ТАТКО МИ МУ ЧИТАМ СКАЗНА НА КРАЈОТ ОД БРАЗДАТА - 3,6,свила,0.2828
Ефтим Клетников,НА ТАТКО МИ МУ ЧИТАМ СКАЗНА НА КРАЈОТ ОД БРАЗДАТА - 3,7,заборава,0.265
Ефтим Клетников,НА ТАТКО МИ МУ ЧИТАМ СКАЗНА НА КРАЈОТ ОД БРАЗДАТА - 3,8,ружа,0.265
Ефтим Клетников,НА ТАТКО МИ МУ ЧИТАМ СКАЗНА НА КРАЈОТ ОД БРАЗДАТА - 3,9,татко,0.2366
Ефтим Клетников,НА ТАТКО МИ МУ ЧИТАМ СКАЗНА НА КРАЈОТ ОД БРАЗДАТА - 3,10,црвен,0.2297
Ефтим Клетников,НА ТАТКО МИ МУ ЧИТАМ СКАЗНА НА КРАЈОТ ОД БРАЗДАТА - 4,1,амбара,0.355
Ефтим Клетников,НА ТАТКО МИ МУ ЧИТАМ СКАЗНА НА КРАЈОТ ОД БРАЗДАТА - 4,2,набабрува,0.355
Ефтим Клетников,НА ТАТКО МИ МУ ЧИТАМ СКАЗНА НА КРАЈОТ ОД БРАЗДАТА - 4,3,семка,0.3068
Ефтим Клетников,НА ТАТКО МИ МУ ЧИТАМ СКАЗНА НА КРАЈОТ ОД БРАЗДАТА - 4,4,сказна,0.3068
Ефтим Клетников,НА ТАТКО МИ МУ ЧИТАМ СКАЗНА НА КРАЈОТ ОД БРАЗДАТА - 4,5,фрлен,0.3024
Ефтим Клетников,НА ТАТКО МИ МУ ЧИТАМ СКАЗНА НА КРАЈОТ ОД БРАЗДАТА - 4,6,собира,0.2877
Ефтим Клетников,НА ТАТКО МИ МУ ЧИТАМ СКАЗНА НА КРАЈОТ ОД БРАЗДАТА - 4,7,бразда,0.2845
Ефтим Клетников,НА ТАТКО МИ МУ ЧИТАМ СКАЗНА НА КРАЈОТ ОД БРАЗДАТА - 4,8,тежина,0.2816
Ефтим Клетников,НА ТАТКО МИ МУ ЧИТАМ СКАЗНА НА КРАЈОТ ОД БРАЗДАТА - 4,9,жито,0.2735
Ефтим Клетников,НА ТАТКО МИ МУ ЧИТАМ СКАЗНА НА КРАЈОТ ОД БРАЗДАТА - 4,10,иден,0.2735
Ефтим Клетников,НА ТАТКО МИ МУ ЧИТАМ СКАЗНА НА КРАЈОТ ОД БРАЗДАТА - 5,1,благослови,0.3504
Ефтим Клетников,НА ТАТКО МИ МУ ЧИТАМ СКАЗНА НА КРАЈОТ ОД БРАЗДАТА - 5,2,вршидба,0.3504
Ефтим Клетников,НА ТАТКО МИ МУ ЧИТАМ СКАЗНА НА КРАЈОТ ОД БРАЗДАТА - 5,3,сказна,0.2928
Ефтим Клетников,НА ТАТКО МИ МУ ЧИТАМ СКАЗНА НА КРАЈОТ ОД БРАЗДАТА - 5,4,празник,0.2777
Ефтим Клетников,НА ТАТКО МИ МУ ЧИТАМ СКАЗНА НА КРАЈОТ ОД БРАЗДАТА - 5,5,жито,0.261
Ефтим Клетников,НА ТАТКО МИ МУ ЧИТАМ СКАЗНА НА КРАЈОТ ОД БРАЗДАТА - 5,6,допир,0.2483
Ефтим Клетников,НА ТАТКО МИ МУ ЧИТАМ СКАЗНА НА КРАЈОТ ОД БРАЗДАТА - 5,7,леб,0.2483
Ефтим Клетников,НА ТАТКО МИ МУ ЧИТАМ СКАЗНА НА КРАЈОТ ОД БРАЗДАТА - 5,8,заедно,0.2366
Ефтим Клетников,НА ТАТКО МИ МУ ЧИТАМ СКАЗНА НА КРАЈОТ ОД БРАЗДАТА - 5,9,татко,0.2351
Ефтим Клетников,НА ТАТКО МИ МУ ЧИТАМ СКАЗНА НА КРАЈОТ ОД БРАЗДАТА - 5,10,доаѓа,0.2309
Ефтим Клетников,НАСТАН ВО ЗИМСКАТА НОЌ - 2,1,лед,0.3007
Ефтим Клетников,НАСТАН ВО ЗИМСКАТА НОЌ - 2,2,привид,0.2762
Ефтим Клетников,НАСТАН ВО ЗИМСКАТА НОЌ - 2,3,куражно,0.1767
Ефтим Клетников,НАСТАН ВО ЗИМСКАТА НОЌ - 2,4,одронет,0.1767
Ефтим Клетников,НАСТАН ВО ЗИМСКАТА НОЌ - 2,5,потфати,0.1767
Ефтим Клетников,НАСТАН ВО ЗИМСКАТА НОЌ - 2,6,прозрачува,0.1767
Ефтим Клетников,НАСТАН ВО ЗИМСКАТА НОЌ - 2,7,лапавица,0.167
Ефтим Клетников,НАСТАН ВО ЗИМСКАТА НОЌ - 2,8,дална,0.1601
Ефтим Клетников,НАСТАН ВО ЗИМСКАТА НОЌ - 2,9,додава,0.1601
Ефтим Клетников,НАСТАН ВО ЗИМСКАТА НОЌ - 2,10,наразен,0.1601
Ефтим Клетников,НАСТАН ВО ЗИМСКАТА НОЌ - 3,1,лупа,0.6175
Ефтим Клетников,НАСТАН ВО ЗИМСКАТА НОЌ - 3,2,разѕвезден,0.3267
Ефтим Клетников,НАСТАН ВО ЗИМСКАТА НОЌ - 3,3,столетна,0.3267
Ефтим Клетников,НАСТАН ВО ЗИМСКАТА НОЌ - 3,4,виулица,0.2861
Ефтим Клетников,НАСТАН ВО ЗИМСКАТА НОЌ - 3,5,погледнува,0.2861
Ефтим Клетников,НАСТАН ВО ЗИМСКАТА НОЌ - 3,6,молк,0.2247
Ефтим Клетников,НАСТАН ВО ЗИМСКАТА НОЌ - 3,7,фати,0.2012
Ефтим Клетников,НАСТАН ВО ЗИМСКАТА НОЌ - 3,8,дно,0.1832
Ефтим Клетников,НАСТАН ВО ЗИМСКАТА НОЌ - 3,9,корен,0.1823
Ефтим Клетников,НАСТАН ВО ЗИМСКАТА НОЌ - 3,10,ветер,0.1556
Ефтим Клетников,НАСТАН ВО ЗИМСКАТА НОЌ - 4,1,брдо,0.1892
Ефтим Клетников,НАСТАН ВО ЗИМСКАТА НОЌ - 4,2,нахранет,0.1892
Ефтим Клетников,НАСТАН ВО ЗИМСКАТА НОЌ - 4,3,прогледнува,0.1892
Ефтим Клетников,НАСТАН ВО ЗИМСКАТА НОЌ - 4,4,блика,0.1788
Ефтим Клетников,НАСТАН ВО ЗИМСКАТА НОЌ - 4,5,негрево,0.1788
Ефтим Клетников,НАСТАН ВО ЗИМСКАТА НОЌ - 4,6,раствори,0.1788
Ефтим Клетников,НАСТАН ВО ЗИМСКАТА НОЌ - 4,7,расчатален,0.1788
Ефтим Клетников,НАСТАН ВО ЗИМСКАТА НОЌ - 4,8,готви,0.1714
Ефтим Клетников,НАСТАН ВО ЗИМСКАТА НОЌ - 4,9,мирта,0.1714
Ефтим Клетников,НАСТАН ВО ЗИМСКАТА НОЌ - 4,10,петлин,0.1657
Ефтим Клетников,НАСТАН ВО ЗИМСКАТА НОЌ -1,1,прозорец,0.3821
Ефтим Клетников,НАСТАН ВО ЗИМСКАТА НОЌ -1,2,татко,0.2918
Ефтим Клетников,НАСТАН ВО ЗИМСКАТА НОЌ -1,3,виуличава,0.16
Ефтим Клетников,НАСТАН ВО ЗИМСКАТА НОЌ -1,4,залепен,0.16
Ефтим Клетников,НАСТАН ВО ЗИМСКАТА НОЌ -1,5,далта,0.1512
Ефтим Клетников,НАСТАН ВО ЗИМСКАТА НОЌ -1,6,заскита,0.1512
Ефтим Клетников,НАСТАН ВО ЗИМСКАТА НОЌ -1,7,магнет,0.1512
Ефтим Клетников,НАСТАН ВО ЗИМСКАТА НОЌ -1,8,огласува,0.1512
Ефтим Клетников,НАСТАН ВО ЗИМСКАТА НОЌ -1,9,јуриме,0.1512
Ефтим Клетников,НАСТАН ВО ЗИМСКАТА НОЌ -1,10,лице,0.1511
Ефтим Клетников,НАСТАН НА БРЕГОТ ОД МОРИЊАТА,1,запустен,0.2531
Ефтим Клетников,НАСТАН НА БРЕГОТ ОД МОРИЊАТА,2,провира,0.2174
Ефтим Клетников,НАСТАН НА БРЕГОТ ОД МОРИЊАТА,3,наш,0.1626
Ефтим Клетников,НАСТАН НА БРЕГОТ ОД МОРИЊАТА,4,дно,0.1501
Ефтим Клетников,НАСТАН НА БРЕГОТ ОД МОРИЊАТА,5,пее,0.1419
Ефтим Клетников,НАСТАН НА БРЕГОТ ОД МОРИЊАТА,6,бессилен,0.1339
Ефтим Клетников,НАСТАН НА БРЕГОТ ОД МОРИЊАТА,7,глинест,0.1339
Ефтим Клетников,НАСТАН НА БРЕГОТ ОД МОРИЊАТА,8,изеден,0.1339
Ефтим Клетников,НАСТАН НА БРЕГОТ ОД МОРИЊАТА,9,модродлабоки,0.1339
Ефтим Клетников,НАСТАН НА БРЕГОТ ОД МОРИЊАТА,10,поднаведнат,0.1339
Ефтим Клетников,НЕ МИНУВАЈТЕ ПОКРАЈ ГРОБОВИТЕ НА ДЕВОЈКИТЕ - 1,1,ведро,0.2634
Ефтим Клетников,НЕ МИНУВАЈТЕ ПОКРАЈ ГРОБОВИТЕ НА ДЕВОЈКИТЕ - 1,2,изнеме,0.2634
Ефтим Клетников,НЕ МИНУВАЈТЕ ПОКРАЈ ГРОБОВИТЕ НА ДЕВОЈКИТЕ - 1,3,смаене,0.2634
Ефтим Клетников,НЕ МИНУВАЈТЕ ПОКРАЈ ГРОБОВИТЕ НА ДЕВОЈКИТЕ - 1,4,болно,0.2307
Ефтим Клетников,НЕ МИНУВАЈТЕ ПОКРАЈ ГРОБОВИТЕ НА ДЕВОЈКИТЕ - 1,5,пробие,0.2307
Ефтим Клетников,НЕ МИНУВАЈТЕ ПОКРАЈ ГРОБОВИТЕ НА ДЕВОЈКИТЕ - 1,6,бучи,0.2187
Ефтим Клетников,НЕ МИНУВАЈТЕ ПОКРАЈ ГРОБОВИТЕ НА ДЕВОЈКИТЕ - 1,7,ослободи,0.2187
Ефтим Клетников,НЕ МИНУВАЈТЕ ПОКРАЈ ГРОБОВИТЕ НА ДЕВОЈКИТЕ - 1,8,блик,0.2025
Ефтим Клетников,НЕ МИНУВАЈТЕ ПОКРАЈ ГРОБОВИТЕ НА ДЕВОЈКИТЕ - 1,9,та,0.1994
Ефтим Клетников,НЕ МИНУВАЈТЕ ПОКРАЈ ГРОБОВИТЕ НА ДЕВОЈКИТЕ - 1,10,одаја,0.1891
Ефтим Клетников,НЕ МИНУВАЈТЕ ПОКРАЈ ГРОБОВИТЕ НА ДЕВОЈКИТЕ - 2,1,неиспиен,0.301
Ефтим Клетников,НЕ МИНУВАЈТЕ ПОКРАЈ ГРОБОВИТЕ НА ДЕВОЈКИТЕ - 2,2,бокал,0.2562
Ефтим Клетников,НЕ МИНУВАЈТЕ ПОКРАЈ ГРОБОВИТЕ НА ДЕВОЈКИТЕ - 2,3,свадбен,0.2499
Ефтим Клетников,НЕ МИНУВАЈТЕ ПОКРАЈ ГРОБОВИТЕ НА ДЕВОЈКИТЕ - 2,4,минува,0.2013
Ефтим Клетников,НЕ МИНУВАЈТЕ ПОКРАЈ ГРОБОВИТЕ НА ДЕВОЈКИТЕ - 2,5,повторно,0.1853
Ефтим Клетников,НЕ МИНУВАЈТЕ ПОКРАЈ ГРОБОВИТЕ НА ДЕВОЈКИТЕ - 2,6,вино,0.1841
Ефтим Клетников,НЕ МИНУВАЈТЕ ПОКРАЈ ГРОБОВИТЕ НА ДЕВОЈКИТЕ - 2,7,усна,0.1739
Ефтим Клетников,НЕ МИНУВАЈТЕ ПОКРАЈ ГРОБОВИТЕ НА ДЕВОЈКИТЕ - 2,8,гроб,0.1712
Ефтим Клетников,НЕ МИНУВАЈТЕ ПОКРАЈ ГРОБОВИТЕ НА ДЕВОЈКИТЕ - 2,9,напупува,0.1505
Ефтим Клетников,НЕ МИНУВАЈТЕ ПОКРАЈ ГРОБОВИТЕ НА ДЕВОЈКИТЕ - 2,10,подзасушен,0.1505
Ефтим Клетников,НЕ МИНУВАЈТЕ ПОКРАЈ ГРОБОВИТЕ НА ДЕВОЈКИТЕ - 3,1,јавува,0.3451
Ефтим Клетников,НЕ МИНУВАЈТЕ ПОКРАЈ ГРОБОВИТЕ НА ДЕВОЈКИТЕ - 3,2,стишан,0.2168
Ефтим Клетников,НЕ МИНУВАЈТЕ ПОКРАЈ ГРОБОВИТЕ НА ДЕВОЈКИТЕ - 3,3,леска,0.2049
Ефтим Клетников,НЕ МИНУВАЈТЕ ПОКРАЈ ГРОБОВИТЕ НА ДЕВОЈКИТЕ - 3,4,темнозелен,0.2049
Ефтим Клетников,НЕ МИНУВАЈТЕ ПОКРАЈ ГРОБОВИТЕ НА ДЕВОЈКИТЕ - 3,5,прозрачност,0.1899
Ефтим Клетников,НЕ МИНУВАЈТЕ ПОКРАЈ ГРОБОВИТЕ НА ДЕВОЈКИТЕ - 3,6,труден,0.1899
Ефтим Клетников,НЕ МИНУВАЈТЕ ПОКРАЈ ГРОБОВИТЕ НА ДЕВОЈКИТЕ - 3,7,крошен,0.1845
Ефтим Клетников,НЕ МИНУВАЈТЕ ПОКРАЈ ГРОБОВИТЕ НА ДЕВОЈКИТЕ - 3,8,модер,0.18
Ефтим Клетников,НЕ МИНУВАЈТЕ ПОКРАЈ ГРОБОВИТЕ НА ДЕВОЈКИТЕ - 3,9,престорен,0.18
Ефтим Клетников,НЕ МИНУВАЈТЕ ПОКРАЈ ГРОБОВИТЕ НА ДЕВОЈКИТЕ - 3,10,љубен,0.176
Ефтим Клетников,НЕ МИНУВАЈТЕ ПОКРАЈ ГРОБОВИТЕ НА ДЕВОЈКИТЕ - 4,1,исшетан,0.2408
Ефтим Клетников,НЕ МИНУВАЈТЕ ПОКРАЈ ГРОБОВИТЕ НА ДЕВОЈКИТЕ - 4,2,обрсти,0.2408
Ефтим Клетников,НЕ МИНУВАЈТЕ ПОКРАЈ ГРОБОВИТЕ НА ДЕВОЈКИТЕ - 4,3,процвета,0.2408
Ефтим Клетников,НЕ МИНУВАЈТЕ ПОКРАЈ ГРОБОВИТЕ НА ДЕВОЈКИТЕ - 4,4,јадосан,0.2275
Ефтим Клетников,НЕ МИНУВАЈТЕ ПОКРАЈ ГРОБОВИТЕ НА ДЕВОЈКИТЕ - 4,5,темен,0.2204
Ефтим Клетников,НЕ МИНУВАЈТЕ ПОКРАЈ ГРОБОВИТЕ НА ДЕВОЈКИТЕ - 4,6,засек,0.2109
Ефтим Клетников,НЕ МИНУВАЈТЕ ПОКРАЈ ГРОБОВИТЕ НА ДЕВОЈКИТЕ - 4,7,престорен,0.1999
Ефтим Клетников,НЕ МИНУВАЈТЕ ПОКРАЈ ГРОБОВИТЕ НА ДЕВОЈКИТЕ - 4,8,облечен,0.1955
Ефтим Клетников,НЕ МИНУВАЈТЕ ПОКРАЈ ГРОБОВИТЕ НА ДЕВОЈКИТЕ - 4,9,крал,0.1917
Ефтим Клетников,НЕ МИНУВАЈТЕ ПОКРАЈ ГРОБОВИТЕ НА ДЕВОЈКИТЕ - 4,10,шумски,0.1796
Ефтим Клетников,НОЌНА СВАДБА - 1,1,невеста,0.2423
Ефтим Клетников,НОЌНА СВАДБА - 1,2,убавина,0.2005
Ефтим Клетников,НОЌНА СВАДБА - 1,3,дотвор,0.1762
Ефтим Клетников,НОЌНА СВАДБА - 1,4,инструмент,0.1762
Ефтим Клетников,НОЌНА СВАДБА - 1,5,волец,0.1665
Ефтим Клетников,НОЌНА СВАДБА - 1,6,проблеснува,0.1665
Ефтим Клетников,НОЌНА СВАДБА - 1,7,слови,0.1665
Ефтим Клетников,НОЌНА СВАДБА - 1,8,трепнува,0.1665
Ефтим Клетников,НОЌНА СВАДБА - 1,9,испловува,0.1596
Ефтим Клетников,НОЌНА СВАДБА - 1,10,напрснува,0.1596
Ефтим Клетников,НОЌНА СВАДБА - 2,1,расчаталено,0.2224
Ефтим Клетников,НОЌНА СВАДБА - 2,2,замирисува,0.2101
Ефтим Клетников,НОЌНА СВАДБА - 2,3,слегнат,0.2101
Ефтим Клетников,НОЌНА СВАДБА - 2,4,фиданка,0.1892
Ефтим Клетников,НОЌНА СВАДБА - 2,5,јаболкница,0.1892
Ефтим Клетников,НОЌНА СВАДБА - 2,6,листа,0.1846
Ефтим Клетников,НОЌНА СВАДБА - 2,7,седнат,0.1846
Ефтим Клетников,НОЌНА СВАДБА - 2,8,ноќ,0.1838
Ефтим Клетников,НОЌНА СВАДБА - 2,9,гони,0.177
Ефтим Клетников,НОЌНА СВАДБА - 2,10,крал,0.177
Ефтим Клетников,НОЌНИ СВРШЕНИЦИ,1,слегува,0.2675
Ефтим Клетников,НОЌНИ СВРШЕНИЦИ,2,бакнеж,0.2307
Ефтим Клетников,НОЌНИ СВРШЕНИЦИ,3,место,0.2023
Ефтим Клетников,НОЌНИ СВРШЕНИЦИ,4,помодрува,0.2018
Ефтим Клетников,НОЌНИ СВРШЕНИЦИ,5,исшета,0.1907
Ефтим Клетников,НОЌНИ СВРШЕНИЦИ,6,двои,0.1828
Ефтим Клетников,НОЌНИ СВРШЕНИЦИ,7,руменило,0.1828
Ефтим Клетников,НОЌНИ СВРШЕНИЦИ,8,самува,0.1828
Ефтим Клетников,НОЌНИ СВРШЕНИЦИ,9,вжарен,0.1767
Ефтим Клетников,НОЌНИ СВРШЕНИЦИ,10,деница,0.1767
Ефтим Клетников,ОКОТО НА ТЕМНИОТ ГИ ИЗВИДЕ И ГРОБОВИТЕ,1,пламенче,0.2789
Ефтим Клетников,ОКОТО НА ТЕМНИОТ ГИ ИЗВИДЕ И ГРОБОВИТЕ,2,врата,0.2088
Ефтим Клетников,ОКОТО НА ТЕМНИОТ ГИ ИЗВИДЕ И ГРОБОВИТЕ,3,гроб,0.1954
Ефтим Клетников,ОКОТО НА ТЕМНИОТ ГИ ИЗВИДЕ И ГРОБОВИТЕ,4,мртов,0.1722
Ефтим Клетников,ОКОТО НА ТЕМНИОТ ГИ ИЗВИДЕ И ГРОБОВИТЕ,5,аирка,0.1717
Ефтим Клетников,ОКОТО НА ТЕМНИОТ ГИ ИЗВИДЕ И ГРОБОВИТЕ,6,подотворен,0.1717
Ефтим Клетников,ОКОТО НА ТЕМНИОТ ГИ ИЗВИДЕ И ГРОБОВИТЕ,7,потсили,0.1717
Ефтим Клетников,ОКОТО НА ТЕМНИОТ ГИ ИЗВИДЕ И ГРОБОВИТЕ,8,премали,0.1717
Ефтим Клетников,ОКОТО НА ТЕМНИОТ ГИ ИЗВИДЕ И ГРОБОВИТЕ,9,светлина,0.1626
Ефтим Клетников,ОКОТО НА ТЕМНИОТ ГИ ИЗВИДЕ И ГРОБОВИТЕ,10,извиди,0.1623
Ефтим Клетников,ОКОТО НА ТЕМНИОТ ГО ГЛЕДА МРТВОТО ДЕВОЈЧЕ НА ВОДЕНИЧАРОТ - 1,1,девојче,0.2795
Ефтим Клетников,ОКОТО НА ТЕМНИОТ ГО ГЛЕДА МРТВОТО ДЕВОЈЧЕ НА ВОДЕНИЧАРОТ - 1,2,темен,0.2703
Ефтим Клетников,ОКОТО НА ТЕМНИОТ ГО ГЛЕДА МРТВОТО ДЕВОЈЧЕ НА ВОДЕНИЧАРОТ - 1,3,ненадгледан,0.1969
Ефтим Клетников,ОКОТО НА ТЕМНИОТ ГО ГЛЕДА МРТВОТО ДЕВОЈЧЕ НА ВОДЕНИЧАРОТ - 1,4,замин,0.1861
Ефтим Клетников,ОКОТО НА ТЕМНИОТ ГО ГЛЕДА МРТВОТО ДЕВОЈЧЕ НА ВОДЕНИЧАРОТ - 1,5,преточува,0.1784
Ефтим Клетников,ОКОТО НА ТЕМНИОТ ГО ГЛЕДА МРТВОТО ДЕВОЈЧЕ НА ВОДЕНИЧАРОТ - 1,6,воденичар,0.1724
Ефтим Клетников,ОКОТО НА ТЕМНИОТ ГО ГЛЕДА МРТВОТО ДЕВОЈЧЕ НА ВОДЕНИЧАРОТ - 1,7,дозрева,0.1724
Ефтим Клетников,ОКОТО НА ТЕМНИОТ ГО ГЛЕДА МРТВОТО ДЕВОЈЧЕ НА ВОДЕНИЧАРОТ - 1,8,намовнува,0.1676
Ефтим Клетников,ОКОТО НА ТЕМНИОТ ГО ГЛЕДА МРТВОТО ДЕВОЈЧЕ НА ВОДЕНИЧАРОТ - 1,9,лач,0.1634
Ефтим Клетников,ОКОТО НА ТЕМНИОТ ГО ГЛЕДА МРТВОТО ДЕВОЈЧЕ НА ВОДЕНИЧАРОТ - 1,10,варди,0.1599
Ефтим Клетников,ОКОТО НА ТЕМНИОТ ГО ГЛЕДА МРТВОТО ДЕВОЈЧЕ НА ВОДЕНИЧАРОТ - 2,1,воденичар,0.3876
Ефтим Клетников,ОКОТО НА ТЕМНИОТ ГО ГЛЕДА МРТВОТО ДЕВОЈЧЕ НА ВОДЕНИЧАРОТ - 2,2,девојче,0.3141
Ефтим Клетников,ОКОТО НА ТЕМНИОТ ГО ГЛЕДА МРТВОТО ДЕВОЈЧЕ НА ВОДЕНИЧАРОТ - 2,3,темен,0.27
Ефтим Клетников,ОКОТО НА ТЕМНИОТ ГО ГЛЕДА МРТВОТО ДЕВОЈЧЕ НА ВОДЕНИЧАРОТ - 2,4,брашен,0.1475
Ефтим Клетников,ОКОТО НА ТЕМНИОТ ГО ГЛЕДА МРТВОТО ДЕВОЈЧЕ НА ВОДЕНИЧАРОТ - 2,5,меси,0.1475
Ефтим Клетников,ОКОТО НА ТЕМНИОТ ГО ГЛЕДА МРТВОТО ДЕВОЈЧЕ НА ВОДЕНИЧАРОТ - 2,6,глас,0.1445
Ефтим Клетников,ОКОТО НА ТЕМНИОТ ГО ГЛЕДА МРТВОТО ДЕВОЈЧЕ НА ВОДЕНИЧАРОТ - 2,7,загради,0.1394
Ефтим Клетников,ОКОТО НА ТЕМНИОТ ГО ГЛЕДА МРТВОТО ДЕВОЈЧЕ НА ВОДЕНИЧАРОТ - 2,8,мрачнина,0.1394
Ефтим Клетников,ОКОТО НА ТЕМНИОТ ГО ГЛЕДА МРТВОТО ДЕВОЈЧЕ НА ВОДЕНИЧАРОТ - 2,9,напира,0.1394
Ефтим Клетников,ОКОТО НА ТЕМНИОТ ГО ГЛЕДА МРТВОТО ДЕВОЈЧЕ НА ВОДЕНИЧАРОТ - 2,10,зрачен,0.1337
Ефтим Клетников,ОКОТО НА ТЕМНИОТ ГО ГЛЕДА МРТВОТО ДЕВОЈЧЕ НА ВОДЕНИЧАРОТ - 3,1,дрво,0.2652
Ефтим Клетников,ОКОТО НА ТЕМНИОТ ГО ГЛЕДА МРТВОТО ДЕВОЈЧЕ НА ВОДЕНИЧАРОТ - 3,2,вообличува,0.2208
Ефтим Клетников,ОКОТО НА ТЕМНИОТ ГО ГЛЕДА МРТВОТО ДЕВОЈЧЕ НА ВОДЕНИЧАРОТ - 3,3,смајно,0.2208
Ефтим Клетников,ОКОТО НА ТЕМНИОТ ГО ГЛЕДА МРТВОТО ДЕВОЈЧЕ НА ВОДЕНИЧАРОТ - 3,4,вести,0.2
Ефтим Клетников,ОКОТО НА ТЕМНИОТ ГО ГЛЕДА МРТВОТО ДЕВОЈЧЕ НА ВОДЕНИЧАРОТ - 3,5,одвај,0.2
Ефтим Клетников,ОКОТО НА ТЕМНИОТ ГО ГЛЕДА МРТВОТО ДЕВОЈЧЕ НА ВОДЕНИЧАРОТ - 3,6,дозрева,0.1933
Ефтим Клетников,ОКОТО НА ТЕМНИОТ ГО ГЛЕДА МРТВОТО ДЕВОЈЧЕ НА ВОДЕНИЧАРОТ - 3,7,прозрачен,0.1933
Ефтим Клетников,ОКОТО НА ТЕМНИОТ ГО ГЛЕДА МРТВОТО ДЕВОЈЧЕ НА ВОДЕНИЧАРОТ - 3,8,свршеник,0.1879
Ефтим Клетников,ОКОТО НА ТЕМНИОТ ГО ГЛЕДА МРТВОТО ДЕВОЈЧЕ НА ВОДЕНИЧАРОТ - 3,9,отсјај,0.1833
Ефтим Клетников,ОКОТО НА ТЕМНИОТ ГО ГЛЕДА МРТВОТО ДЕВОЈЧЕ НА ВОДЕНИЧАРОТ - 3,10,пламти,0.1793
Ефтим Клетников,ОКОТО НА ТЕМНИОТ ГО ГЛЕДА МРТВОТО ДЕВОЈЧЕ НА ВОДЕНИЧАРОТ - 4,1,испече,0.2268
Ефтим Клетников,ОКОТО НА ТЕМНИОТ ГО ГЛЕДА МРТВОТО ДЕВОЈЧЕ НА ВОДЕНИЧАРОТ - 4,2,нагорен,0.2268
Ефтим Клетников,ОКОТО НА ТЕМНИОТ ГО ГЛЕДА МРТВОТО ДЕВОЈЧЕ НА ВОДЕНИЧАРОТ - 4,3,оврши,0.2268
Ефтим Клетников,ОКОТО НА ТЕМНИОТ ГО ГЛЕДА МРТВОТО ДЕВОЈЧЕ НА ВОДЕНИЧАРОТ - 4,4,присети,0.2268
Ефтим Клетников,ОКОТО НА ТЕМНИОТ ГО ГЛЕДА МРТВОТО ДЕВОЈЧЕ НА ВОДЕНИЧАРОТ - 4,5,размени,0.2144
Ефтим Клетников,ОКОТО НА ТЕМНИОТ ГО ГЛЕДА МРТВОТО ДЕВОЈЧЕ НА ВОДЕНИЧАРОТ - 4,6,испружен,0.2055
Ефтим Клетников,ОКОТО НА ТЕМНИОТ ГО ГЛЕДА МРТВОТО ДЕВОЈЧЕ НА ВОДЕНИЧАРОТ - 4,7,налактен,0.2055
Ефтим Клетников,ОКОТО НА ТЕМНИОТ ГО ГЛЕДА МРТВОТО ДЕВОЈЧЕ НА ВОДЕНИЧАРОТ - 4,8,пламне,0.193
Ефтим Клетников,ОКОТО НА ТЕМНИОТ ГО ГЛЕДА МРТВОТО ДЕВОЈЧЕ НА ВОДЕНИЧАРОТ - 4,9,плодност,0.193
Ефтим Клетников,ОКОТО НА ТЕМНИОТ ГО ГЛЕДА МРТВОТО ДЕВОЈЧЕ НА ВОДЕНИЧАРОТ - 4,10,свршеник,0.193
Ефтим Клетников,ОКОТО НА ТЕМНИОТ ГО ГЛЕДА МРТВОТО ДЕВОЈЧЕ НА ВОДЕНИЧАРОТ - 5,1,завее,0.2095
Ефтим Клетников,ОКОТО НА ТЕМНИОТ ГО ГЛЕДА МРТВОТО ДЕВОЈЧЕ НА ВОДЕНИЧАРОТ - 5,2,нахране,0.2095
Ефтим Клетников,ОКОТО НА ТЕМНИОТ ГО ГЛЕДА МРТВОТО ДЕВОЈЧЕ НА ВОДЕНИЧАРОТ - 5,3,оснажен,0.2095
Ефтим Клетников,ОКОТО НА ТЕМНИОТ ГО ГЛЕДА МРТВОТО ДЕВОЈЧЕ НА ВОДЕНИЧАРОТ - 5,4,приготви,0.2095
Ефтим Клетников,ОКОТО НА ТЕМНИОТ ГО ГЛЕДА МРТВОТО ДЕВОЈЧЕ НА ВОДЕНИЧАРОТ - 5,5,пристигнат,0.2095
Ефтим Клетников,ОКОТО НА ТЕМНИОТ ГО ГЛЕДА МРТВОТО ДЕВОЈЧЕ НА ВОДЕНИЧАРОТ - 5,6,славење,0.2095
Ефтим Клетников,ОКОТО НА ТЕМНИОТ ГО ГЛЕДА МРТВОТО ДЕВОЈЧЕ НА ВОДЕНИЧАРОТ - 5,7,обнова,0.1979
Ефтим Клетников,ОКОТО НА ТЕМНИОТ ГО ГЛЕДА МРТВОТО ДЕВОЈЧЕ НА ВОДЕНИЧАРОТ - 5,8,задува,0.1898
Ефтим Клетников,ОКОТО НА ТЕМНИОТ ГО ГЛЕДА МРТВОТО ДЕВОЈЧЕ НА ВОДЕНИЧАРОТ - 5,9,слегне,0.1898
Ефтим Клетников,ОКОТО НА ТЕМНИОТ ГО ГЛЕДА МРТВОТО ДЕВОЈЧЕ НА ВОДЕНИЧАРОТ - 5,10,столетија,0.1898
Ефтим Клетников,ОКОТО НА ТЕМНИОТ ГО ГЛЕДА МРТВОТО ДЕВОЈЧЕ НА ВОДЕНИЧАРОТ - 6,1,син,0.3387
Ефтим Клетников,ОКОТО НА ТЕМНИОТ ГО ГЛЕДА МРТВОТО ДЕВОЈЧЕ НА ВОДЕНИЧАРОТ - 6,2,сронува,0.2139
Ефтим Клетников,ОКОТО НА ТЕМНИОТ ГО ГЛЕДА МРТВОТО ДЕВОЈЧЕ НА ВОДЕНИЧАРОТ - 6,3,грмне,0.2022
Ефтим Клетников,ОКОТО НА ТЕМНИОТ ГО ГЛЕДА МРТВОТО ДЕВОЈЧЕ НА ВОДЕНИЧАРОТ - 6,4,понекој,0.2022
Ефтим Клетников,ОКОТО НА ТЕМНИОТ ГО ГЛЕДА МРТВОТО ДЕВОЈЧЕ НА ВОДЕНИЧАРОТ - 6,5,преобразува,0.2022
Ефтим Клетников,ОКОТО НА ТЕМНИОТ ГО ГЛЕДА МРТВОТО ДЕВОЈЧЕ НА ВОДЕНИЧАРОТ - 6,6,разлистен,0.1874
Ефтим Клетников,ОКОТО НА ТЕМНИОТ ГО ГЛЕДА МРТВОТО ДЕВОЈЧЕ НА ВОДЕНИЧАРОТ - 6,7,слези,0.1874
Ефтим Клетников,ОКОТО НА ТЕМНИОТ ГО ГЛЕДА МРТВОТО ДЕВОЈЧЕ НА ВОДЕНИЧАРОТ - 6,8,теши,0.1874
Ефтим Клетников,ОКОТО НА ТЕМНИОТ ГО ГЛЕДА МРТВОТО ДЕВОЈЧЕ НА ВОДЕНИЧАРОТ - 6,9,познае,0.1776
Ефтим Клетников,ОКОТО НА ТЕМНИОТ ГО ГЛЕДА МРТВОТО ДЕВОЈЧЕ НА ВОДЕНИЧАРОТ - 6,10,сребро,0.1737
Ефтим Клетников,ОКОТО НА ТЕМНИОТ И ЉУБОВНИЦИТЕ - 1  - Слика во пролетната слика,1,темел,0.2103
Ефтим Клетников,ОКОТО НА ТЕМНИОТ И ЉУБОВНИЦИТЕ - 1  - Слика во пролетната слика,2,слика,0.1671
Ефтим Клетников,ОКОТО НА ТЕМНИОТ И ЉУБОВНИЦИТЕ - 1  - Слика во пролетната слика,3,крева,0.1607
Ефтим Клетников,ОКОТО НА ТЕМНИОТ И ЉУБОВНИЦИТЕ - 1  - Слика во пролетната слика,4,камен,0.1515
Ефтим Клетников,ОКОТО НА ТЕМНИОТ И ЉУБОВНИЦИТЕ - 1  - Слика во пролетната слика,5,допирнува,0.1447
Ефтим Клетников,ОКОТО НА ТЕМНИОТ И ЉУБОВНИЦИТЕ - 1  - Слика во пролетната слика,6,заискрува,0.1447
Ефтим Клетников,ОКОТО НА ТЕМНИОТ И ЉУБОВНИЦИТЕ - 1  - Слика во пролетната слика,7,заѕидува,0.1447
Ефтим Клетников,ОКОТО НА ТЕМНИОТ И ЉУБОВНИЦИТЕ - 1  - Слика во пролетната слика,8,збиен,0.1447
Ефтим Клетников,ОКОТО НА ТЕМНИОТ И ЉУБОВНИЦИТЕ - 1  - Слика во пролетната слика,9,секаат,0.1447
Ефтим Клетников,ОКОТО НА ТЕМНИОТ И ЉУБОВНИЦИТЕ - 1  - Слика во пролетната слика,10,триптихон,0.1447
Ефтим Клетников,ОКОТО НА ТЕМНИОТ И ЉУБОВНИЦИТЕ - 2 - Меѓуслика,1,згусне,0.191
Ефтим Клетников,ОКОТО НА ТЕМНИОТ И ЉУБОВНИЦИТЕ - 2 - Меѓуслика,2,поток-лед,0.191
Ефтим Клетников,ОКОТО НА ТЕМНИОТ И ЉУБОВНИЦИТЕ - 2 - Меѓуслика,3,прегрме,0.191
Ефтим Клетников,ОКОТО НА ТЕМНИОТ И ЉУБОВНИЦИТЕ - 2 - Меѓуслика,4,претежен,0.191
Ефтим Клетников,ОКОТО НА ТЕМНИОТ И ЉУБОВНИЦИТЕ - 2 - Меѓуслика,5,цветче,0.191
Ефтим Клетников,ОКОТО НА ТЕМНИОТ И ЉУБОВНИЦИТЕ - 2 - Меѓуслика,6,опфати,0.1805
Ефтим Клетников,ОКОТО НА ТЕМНИОТ И ЉУБОВНИЦИТЕ - 2 - Меѓуслика,7,лад,0.1731
Ефтим Клетников,ОКОТО НА ТЕМНИОТ И ЉУБОВНИЦИТЕ - 2 - Меѓуслика,8,самува,0.1731
Ефтим Клетников,ОКОТО НА ТЕМНИОТ И ЉУБОВНИЦИТЕ - 2 - Меѓуслика,9,амбар,0.1673
Ефтим Клетников,ОКОТО НА ТЕМНИОТ И ЉУБОВНИЦИТЕ - 2 - Меѓуслика,10,беспрекорен,0.1673
Ефтим Клетников,ОКОТО НА ТЕМНИОТ И ЉУБОВНИЦИТЕ - 3 - Отсутна слика,1,спокојно,0.2925
Ефтим Клетников,ОКОТО НА ТЕМНИОТ И ЉУБОВНИЦИТЕ - 3 - Отсутна слика,2,сосема,0.2214
Ефтим Клетников,ОКОТО НА ТЕМНИОТ И ЉУБОВНИЦИТЕ - 3 - Отсутна слика,3,наш,0.2028
Ефтим Клетников,ОКОТО НА ТЕМНИОТ И ЉУБОВНИЦИТЕ - 3 - Отсутна слика,4,прикова,0.167
Ефтим Клетников,ОКОТО НА ТЕМНИОТ И ЉУБОВНИЦИТЕ - 3 - Отсутна слика,5,санта,0.167
Ефтим Клетников,ОКОТО НА ТЕМНИОТ И ЉУБОВНИЦИТЕ - 3 - Отсутна слика,6,сочека,0.167
Ефтим Клетников,ОКОТО НА ТЕМНИОТ И ЉУБОВНИЦИТЕ - 3 - Отсутна слика,7,напластува,0.1578
Ефтим Клетников,ОКОТО НА ТЕМНИОТ И ЉУБОВНИЦИТЕ - 3 - Отсутна слика,8,напукне,0.1578
Ефтим Клетников,ОКОТО НА ТЕМНИОТ И ЉУБОВНИЦИТЕ - 3 - Отсутна слика,9,нахрани,0.1578
Ефтим Клетников,ОКОТО НА ТЕМНИОТ И ЉУБОВНИЦИТЕ - 3 - Отсутна слика,10,трепнува,0.1578
Ефтим Клетников,ОТПОСЛЕ СỀ РАСТЕ,1,дрво,0.2377
Ефтим Клетников,ОТПОСЛЕ СỀ РАСТЕ,2,зголемува,0.2245
Ефтим Клетников,ОТПОСЛЕ СỀ РАСТЕ,3,отпосле,0.2245
Ефтим Клетников,ОТПОСЛЕ СỀ РАСТЕ,4,расте,0.1566
Ефтим Клетников,ОТПОСЛЕ СỀ РАСТЕ,5,сè,0.1554
Ефтим Клетников,ОТПОСЛЕ СỀ РАСТЕ,6,век,0.1466
Ефтим Клетников,ОТПОСЛЕ СỀ РАСТЕ,7,простор,0.1421
Ефтим Клетников,ОТПОСЛЕ СỀ РАСТЕ,8,место,0.1323
Ефтим Клетников,ОТПОСЛЕ СỀ РАСТЕ,9,душан,0.1319
Ефтим Клетников,ОТПОСЛЕ СỀ РАСТЕ,10,замена,0.1319
Ефтим Клетников,ПЕСНА ЗА ПРОЛЕТНИОТ ВЕТЕР,1,неротка,0.2561
Ефтим Клетников,ПЕСНА ЗА ПРОЛЕТНИОТ ВЕТЕР,2,полн,0.1408
Ефтим Клетников,ПЕСНА ЗА ПРОЛЕТНИОТ ВЕТЕР,3,влета,0.1355
Ефтим Клетников,ПЕСНА ЗА ПРОЛЕТНИОТ ВЕТЕР,4,девик,0.1355
Ефтим Клетников,ПЕСНА ЗА ПРОЛЕТНИОТ ВЕТЕР,5,маглив,0.1355
Ефтим Клетников,ПЕСНА ЗА ПРОЛЕТНИОТ ВЕТЕР,6,нелов,0.1355
Ефтим Клетников,ПЕСНА ЗА ПРОЛЕТНИОТ ВЕТЕР,7,огледување,0.1355
Ефтим Клетников,ПЕСНА ЗА ПРОЛЕТНИОТ ВЕТЕР,8,размирисан,0.1355
Ефтим Клетников,ПЕСНА ЗА ПРОЛЕТНИОТ ВЕТЕР,9,растворен,0.1355
Ефтим Клетников,ПЕСНА ЗА ПРОЛЕТНИОТ ВЕТЕР,10,свршеница,0.1355
Ефтим Клетников,ПОСЛЕДНА НОЌ НА ЛЕТОТО Е - 1,1,заобли,0.2692
Ефтим Клетников,ПОСЛЕДНА НОЌ НА ЛЕТОТО Е - 1,2,пресила,0.2692
Ефтим Клетников,ПОСЛЕДНА НОЌ НА ЛЕТОТО Е - 1,3,јадрее,0.2692
Ефтим Клетников,ПОСЛЕДНА НОЌ НА ЛЕТОТО Е - 1,4,густина,0.2439
Ефтим Клетников,ПОСЛЕДНА НОЌ НА ЛЕТОТО Е - 1,5,нагло,0.2439
Ефтим Клетников,ПОСЛЕДНА НОЌ НА ЛЕТОТО Е - 1,6,налактен,0.2439
Ефтим Клетников,ПОСЛЕДНА НОЌ НА ЛЕТОТО Е - 1,7,вршка,0.2357
Ефтим Клетников,ПОСЛЕДНА НОЌ НА ЛЕТОТО Е - 1,8,плодност,0.2291
Ефтим Клетников,ПОСЛЕДНА НОЌ НА ЛЕТОТО Е - 1,9,соѕвездија,0.2143
Ефтим Клетников,ПОСЛЕДНА НОЌ НА ЛЕТОТО Е - 1,10,е.,0.2069
Ефтим Клетников,ПОСЛЕДНА НОЌ НА ЛЕТОТО Е - 2,1,воденик,0.3049
Ефтим Клетников,ПОСЛЕДНА НОЌ НА ЛЕТОТО Е - 2,2,развеселен,0.3049
Ефтим Клетников,ПОСЛЕДНА НОЌ НА ЛЕТОТО Е - 2,3,искачен,0.2881
Ефтим Клетников,ПОСЛЕДНА НОЌ НА ЛЕТОТО Е - 2,4,орач,0.2762
Ефтим Клетников,ПОСЛЕДНА НОЌ НА ЛЕТОТО Е - 2,5,сигурен,0.2476
Ефтим Клетников,ПОСЛЕДНА НОЌ НА ЛЕТОТО Е - 2,6,тек,0.2427
Ефтим Клетников,ПОСЛЕДНА НОЌ НА ЛЕТОТО Е - 2,7,жетва,0.2383
Ефтим Клетников,ПОСЛЕДНА НОЌ НА ЛЕТОТО Е - 2,8,е.,0.2344
Ефтим Клетников,ПОСЛЕДНА НОЌ НА ЛЕТОТО Е - 2,9,грми,0.2308
Ефтим Клетников,ПОСЛЕДНА НОЌ НА ЛЕТОТО Е - 2,10,зема,0.2118
Ефтим Клетников,ПОСЛЕДНА НОЌ НА ЛЕТОТО Е - 3,1,разбере,0.4076
Ефтим Клетников,ПОСЛЕДНА НОЌ НА ЛЕТОТО Е - 3,2,напрсне,0.2872
Ефтим Клетников,ПОСЛЕДНА НОЌ НА ЛЕТОТО Е - 3,3,спрекорно,0.2872
Ефтим Клетников,ПОСЛЕДНА НОЌ НА ЛЕТОТО Е - 3,4,зрелина,0.2714
Ефтим Клетников,ПОСЛЕДНА НОЌ НА ЛЕТОТО Е - 3,5,дозрева,0.2515
Ефтим Клетников,ПОСЛЕДНА НОЌ НА ЛЕТОТО Е - 3,6,заплака,0.2515
Ефтим Клетников,ПОСЛЕДНА НОЌ НА ЛЕТОТО Е - 3,7,прегрне,0.2515
Ефтим Клетников,ПОСЛЕДНА НОЌ НА ЛЕТОТО Е - 3,8,одраз,0.2384
Ефтим Клетников,ПОСЛЕДНА НОЌ НА ЛЕТОТО Е - 3,9,е.,0.2208
Ефтим Клетников,ПОСЛЕДНА НОЌ НА ЛЕТОТО Е - 3,10,пејзаж,0.2143
Ефтим Клетников,ПОСЛЕДНА НОЌ НА ЛЕТОТО Е - 4,1,заштити,0.3425
Ефтим Клетников,ПОСЛЕДНА НОЌ НА ЛЕТОТО Е - 4,2,стебла,0.3425
Ефтим Клетников,ПОСЛЕДНА НОЌ НА ЛЕТОТО Е - 4,3,цврстина,0.3237
Ефтим Клетников,ПОСЛЕДНА НОЌ НА ЛЕТОТО Е - 4,4,орев,0.3103
Ефтим Клетников,ПОСЛЕДНА НОЌ НА ЛЕТОТО Е - 4,5,намовнува,0.2915
Ефтим Клетников,ПОСЛЕДНА НОЌ НА ЛЕТОТО Е - 4,6,провев,0.2915
Ефтим Клетников,ПОСЛЕДНА НОЌ НА ЛЕТОТО Е - 4,7,лушпа,0.2781
Ефтим Клетников,ПОСЛЕДНА НОЌ НА ЛЕТОТО Е - 4,8,јатка,0.2489
Ефтим Клетников,ПОСЛЕДНА НОЌ НА ЛЕТОТО Е - 4,9,бескрај,0.229
Ефтим Клетников,ПОСЛЕДНА НОЌ НА ЛЕТОТО Е - 4,10,нежен,0.2233
Ефтим Клетников,ПРИЧЕСТУВАЊЕ НА АПОСТОЛИТЕ,1,вино,0.3027
Ефтим Клетников,ПРИЧЕСТУВАЊЕ НА АПОСТОЛИТЕ,2,почитува,0.2988
Ефтим Клетников,ПРИЧЕСТУВАЊЕ НА АПОСТОЛИТЕ,3,чудо,0.2368
Ефтим Клетников,ПРИЧЕСТУВАЊЕ НА АПОСТОЛИТЕ,4,балабанов,0.1649
Ефтим Клетников,ПРИЧЕСТУВАЊЕ НА АПОСТОЛИТЕ,5,виноградар,0.1649
Ефтим Клетников,ПРИЧЕСТУВАЊЕ НА АПОСТОЛИТЕ,6,коста,0.1649
Ефтим Клетников,ПРИЧЕСТУВАЊЕ НА АПОСТОЛИТЕ,7,нагоричане,0.1649
Ефтим Клетников,ПРИЧЕСТУВАЊЕ НА АПОСТОЛИТЕ,8,празнично,0.1649
Ефтим Клетников,ПРИЧЕСТУВАЊЕ НА АПОСТОЛИТЕ,9,пречистен,0.1649
Ефтим Клетников,ПРИЧЕСТУВАЊЕ НА АПОСТОЛИТЕ,10,сличат,0.1649
Ефтим Клетников,ПРОЛЕТ. БОЛНО ДЕТЕ. -1.- Ден. Светлина.,1,заспи,0.3344
Ефтим Клетников,ПРОЛЕТ. БОЛНО ДЕТЕ. -1.- Ден. Светлина.,2,лули,0.3344
Ефтим Клетников,ПРОЛЕТ. БОЛНО ДЕТЕ. -1.- Ден. Светлина.,3,нани,0.3232
Ефтим Клетников,ПРОЛЕТ. БОЛНО ДЕТЕ. -1.- Ден. Светлина.,4,сјаен,0.2649
Ефтим Клетников,ПРОЛЕТ. БОЛНО ДЕТЕ. -1.- Ден. Светлина.,5,громој,0.1845
Ефтим Клетников,ПРОЛЕТ. БОЛНО ДЕТЕ. -1.- Ден. Светлина.,6,модро,0.1845
Ефтим Клетников,ПРОЛЕТ. БОЛНО ДЕТЕ. -1.- Ден. Светлина.,7,режи,0.1845
Ефтим Клетников,ПРОЛЕТ. БОЛНО ДЕТЕ. -1.- Ден. Светлина.,8,заспивалка,0.1744
Ефтим Клетников,ПРОЛЕТ. БОЛНО ДЕТЕ. -1.- Ден. Светлина.,9,пладенет,0.1744
Ефтим Клетников,ПРОЛЕТ. БОЛНО ДЕТЕ. -1.- Ден. Светлина.,10,ковач,0.1672
Ефтим Клетников,ПРОЛЕТ. БОЛНО ДЕТЕ. -2.- Ноќ. Луња.,1,заспи,0.3697
Ефтим Клетников,ПРОЛЕТ. БОЛНО ДЕТЕ. -2.- Ноќ. Луња.,2,твој,0.2297
Ефтим Клетников,ПРОЛЕТ. БОЛНО ДЕТЕ. -2.- Ноќ. Луња.,3,вѕирај,0.2041
Ефтим Клетников,ПРОЛЕТ. БОЛНО ДЕТЕ. -2.- Ноќ. Луња.,4,езда,0.2041
Ефтим Клетников,ПРОЛЕТ. БОЛНО ДЕТЕ. -2.- Ноќ. Луња.,5,засинет,0.2041
Ефтим Клетников,ПРОЛЕТ. БОЛНО ДЕТЕ. -2.- Ноќ. Луња.,6,луње,0.2041
Ефтим Клетников,ПРОЛЕТ. БОЛНО ДЕТЕ. -2.- Ноќ. Луња.,7,утешување,0.2041
Ефтим Клетников,ПРОЛЕТ. БОЛНО ДЕТЕ. -2.- Ноќ. Луња.,8,далта,0.1928
Ефтим Клетников,ПРОЛЕТ. БОЛНО ДЕТЕ. -2.- Ноќ. Луња.,9,созрее,0.1849
Ефтим Клетников,ПРОЛЕТ. БОЛНО ДЕТЕ. -2.- Ноќ. Луња.,10,јурне,0.1787
Ефтим Клетников,ПРОЛЕТ. БОЛНО ДЕТЕ. -3.- Полноќ. Ѕвездата се гаси.,1,лули,0.3925
Ефтим Клетников,ПРОЛЕТ. БОЛНО ДЕТЕ. -3.- Полноќ. Ѕвездата се гаси.,2,нани,0.3794
Ефтим Клетников,ПРОЛЕТ. БОЛНО ДЕТЕ. -3.- Полноќ. Ѕвездата се гаси.,3,оплакување,0.2166
Ефтим Клетников,ПРОЛЕТ. БОЛНО ДЕТЕ. -3.- Полноќ. Ѕвездата се гаси.,4,полноводен,0.2166
Ефтим Клетников,ПРОЛЕТ. БОЛНО ДЕТЕ. -3.- Полноќ. Ѕвездата се гаси.,5,сртој,0.2166
Ефтим Клетников,ПРОЛЕТ. БОЛНО ДЕТЕ. -3.- Полноќ. Ѕвездата се гаси.,6,ѕвезда,0.2028
Ефтим Клетников,ПРОЛЕТ. БОЛНО ДЕТЕ. -3.- Полноќ. Ѕвездата се гаси.,7,заспи,0.1963
Ефтим Клетников,ПРОЛЕТ. БОЛНО ДЕТЕ. -3.- Полноќ. Ѕвездата се гаси.,8,сине,0.1963
Ефтим Клетников,ПРОЛЕТ. БОЛНО ДЕТЕ. -3.- Полноќ. Ѕвездата се гаси.,9,срна,0.1897
Ефтим Клетников,ПРОЛЕТ. БОЛНО ДЕТЕ. -3.- Полноќ. Ѕвездата се гаси.,10,гаси,0.1844
Ефтим Клетников,ПРОЛЕТ. БОЛНО ДЕТЕ. -4.- Утро. Отсутност.,1,лули,0.4066
Ефтим Клетников,ПРОЛЕТ. БОЛНО ДЕТЕ. -4.- Утро. Отсутност.,2,нани,0.3931
Ефтим Клетников,ПРОЛЕТ. БОЛНО ДЕТЕ. -4.- Утро. Отсутност.,3,`,0.2244
Ефтим Клетников,ПРОЛЕТ. БОЛНО ДЕТЕ. -4.- Утро. Отсутност.,4,заспивалка,0.2121
Ефтим Клетников,ПРОЛЕТ. БОЛНО ДЕТЕ. -4.- Утро. Отсутност.,5,повторен,0.2121
Ефтим Клетников,ПРОЛЕТ. БОЛНО ДЕТЕ. -4.- Утро. Отсутност.,6,чедно,0.2121
Ефтим Клетников,ПРОЛЕТ. БОЛНО ДЕТЕ. -4.- Утро. Отсутност.,7,жубори,0.2033
Ефтим Клетников,ПРОЛЕТ. БОЛНО ДЕТЕ. -4.- Утро. Отсутност.,8,отсутност,0.2033
Ефтим Клетников,ПРОЛЕТ. БОЛНО ДЕТЕ. -4.- Утро. Отсутност.,9,спиј,0.2033
Ефтим Клетников,ПРОЛЕТ. БОЛНО ДЕТЕ. -4.- Утро. Отсутност.,10,венче,0.191
Ефтим Клетников,РАНА ПРОЛЕТ. ДЕТЕТО ГО НАСЛОНИЛО УВОТО НА ЦВЕЌЕТО ВО РИДОВИТЕ. 1.,1,грмотевица,0.3177
Ефтим Клетников,РАНА ПРОЛЕТ. ДЕТЕТО ГО НАСЛОНИЛО УВОТО НА ЦВЕЌЕТО ВО РИДОВИТЕ. 1.,2,наслони,0.2878
Ефтим Клетников,РАНА ПРОЛЕТ. ДЕТЕТО ГО НАСЛОНИЛО УВОТО НА ЦВЕЌЕТО ВО РИДОВИТЕ. 1.,3,нека,0.2782
Ефтим Клетников,РАНА ПРОЛЕТ. ДЕТЕТО ГО НАСЛОНИЛО УВОТО НА ЦВЕЌЕТО ВО РИДОВИТЕ. 1.,4,објавува,0.2782
Ефтим Клетников,РАНА ПРОЛЕТ. ДЕТЕТО ГО НАСЛОНИЛО УВОТО НА ЦВЕЌЕТО ВО РИДОВИТЕ. 1.,5,правец,0.2703
Ефтим Клетников,РАНА ПРОЛЕТ. ДЕТЕТО ГО НАСЛОНИЛО УВОТО НА ЦВЕЌЕТО ВО РИДОВИТЕ. 1.,6,јато,0.2442
Ефтим Клетников,РАНА ПРОЛЕТ. ДЕТЕТО ГО НАСЛОНИЛО УВОТО НА ЦВЕЌЕТО ВО РИДОВИТЕ. 1.,7,поминува,0.237
Ефтим Клетников,РАНА ПРОЛЕТ. ДЕТЕТО ГО НАСЛОНИЛО УВОТО НА ЦВЕЌЕТО ВО РИДОВИТЕ. 1.,8,пупка,0.2163
Ефтим Клетников,РАНА ПРОЛЕТ. ДЕТЕТО ГО НАСЛОНИЛО УВОТО НА ЦВЕЌЕТО ВО РИДОВИТЕ. 1.,9,прска,0.2124
Ефтим Клетников,РАНА ПРОЛЕТ. ДЕТЕТО ГО НАСЛОНИЛО УВОТО НА ЦВЕЌЕТО ВО РИДОВИТЕ. 1.,10,ситен,0.2055
Ефтим Клетников,РАНА ПРОЛЕТ. ДЕТЕТО ГО НАСЛОНИЛО УВОТО НА ЦВЕЌЕТО ВО РИДОВИТЕ. 2.,1,слуша,0.2527
Ефтим Клетников,РАНА ПРОЛЕТ. ДЕТЕТО ГО НАСЛОНИЛО УВОТО НА ЦВЕЌЕТО ВО РИДОВИТЕ. 2.,2,зачнува,0.2422
Ефтим Клетников,РАНА ПРОЛЕТ. ДЕТЕТО ГО НАСЛОНИЛО УВОТО НА ЦВЕЌЕТО ВО РИДОВИТЕ. 2.,3,проблесок,0.2422
Ефтим Клетников,РАНА ПРОЛЕТ. ДЕТЕТО ГО НАСЛОНИЛО УВОТО НА ЦВЕЌЕТО ВО РИДОВИТЕ. 2.,4,наслони,0.2322
Ефтим Клетников,РАНА ПРОЛЕТ. ДЕТЕТО ГО НАСЛОНИЛО УВОТО НА ЦВЕЌЕТО ВО РИДОВИТЕ. 2.,5,сокрива,0.2322
Ефтим Клетников,РАНА ПРОЛЕТ. ДЕТЕТО ГО НАСЛОНИЛО УВОТО НА ЦВЕЌЕТО ВО РИДОВИТЕ. 2.,6,заскитан,0.2245
Ефтим Клетников,РАНА ПРОЛЕТ. ДЕТЕТО ГО НАСЛОНИЛО УВОТО НА ЦВЕЌЕТО ВО РИДОВИТЕ. 2.,7,раззеленет,0.2245
Ефтим Клетников,РАНА ПРОЛЕТ. ДЕТЕТО ГО НАСЛОНИЛО УВОТО НА ЦВЕЌЕТО ВО РИДОВИТЕ. 2.,8,блеснува,0.2181
Ефтим Клетников,РАНА ПРОЛЕТ. ДЕТЕТО ГО НАСЛОНИЛО УВОТО НА ЦВЕЌЕТО ВО РИДОВИТЕ. 2.,9,избере,0.2081
Ефтим Клетников,РАНА ПРОЛЕТ. ДЕТЕТО ГО НАСЛОНИЛО УВОТО НА ЦВЕЌЕТО ВО РИДОВИТЕ. 2.,10,семка,0.194
Ефтим Клетников,СКАЗНА ВО ДВЕ СЛИКИ - 1  - Зимска слика,1,шумски,0.2692
Ефтим Клетников,СКАЗНА ВО ДВЕ СЛИКИ - 1  - Зимска слика,2,вее,0.2656
Ефтим Клетников,СКАЗНА ВО ДВЕ СЛИКИ - 1  - Зимска слика,3,залегне,0.1804
Ефтим Клетников,СКАЗНА ВО ДВЕ СЛИКИ - 1  - Зимска слика,4,зрачна,0.1804
Ефтим Клетников,СКАЗНА ВО ДВЕ СЛИКИ - 1  - Зимска слика,5,обележува,0.1804
Ефтим Клетников,СКАЗНА ВО ДВЕ СЛИКИ - 1  - Зимска слика,6,снежан,0.1804
Ефтим Клетников,СКАЗНА ВО ДВЕ СЛИКИ - 1  - Зимска слика,7,соспин,0.1804
Ефтим Клетников,СКАЗНА ВО ДВЕ СЛИКИ - 1  - Зимска слика,8,безден,0.1705
Ефтим Клетников,СКАЗНА ВО ДВЕ СЛИКИ - 1  - Зимска слика,9,вејавица,0.1635
Ефтим Клетников,СКАЗНА ВО ДВЕ СЛИКИ - 1  - Зимска слика,10,лед,0.1535
Ефтим Клетников,СКАЗНА ВО ДВЕ СЛИКИ - 1  - Пролетна слика,1,снежана,0.3246
Ефтим Клетников,СКАЗНА ВО ДВЕ СЛИКИ - 1  - Пролетна слика,2,свршеник,0.2923
Ефтим Клетников,СКАЗНА ВО ДВЕ СЛИКИ - 1  - Пролетна слика,3,држи,0.2063
Ефтим Клетников,СКАЗНА ВО ДВЕ СЛИКИ - 1  - Пролетна слика,4,пее,0.182
Ефтим Клетников,СКАЗНА ВО ДВЕ СЛИКИ - 1  - Пролетна слика,5,бог-расипник,0.1717
Ефтим Клетников,СКАЗНА ВО ДВЕ СЛИКИ - 1  - Пролетна слика,6,истечува,0.1717
Ефтим Клетников,СКАЗНА ВО ДВЕ СЛИКИ - 1  - Пролетна слика,7,неговото-зави,0.1717
Ефтим Клетников,СКАЗНА ВО ДВЕ СЛИКИ - 1  - Пролетна слика,8,премрзне,0.1717
Ефтим Клетников,СКАЗНА ВО ДВЕ СЛИКИ - 1  - Пролетна слика,9,клучив,0.1623
Ефтим Клетников,СКАЗНА ВО ДВЕ СЛИКИ - 1  - Пролетна слика,10,нарушува,0.1623
Ефтим Клетников,ТЕМНА ЦРКВА,1,темен,0.3977
Ефтим Клетников,ТЕМНА ЦРКВА,2,руба,0.2465
Ефтим Клетников,ТЕМНА ЦРКВА,3,лач,0.2405
Ефтим Клетников,ТЕМНА ЦРКВА,4,зачне,0.2352
Ефтим Клетников,ТЕМНА ЦРКВА,5,малтер,0.2352
Ефтим Клетников,ТЕМНА ЦРКВА,6,смирен,0.2352
Ефтим Клетников,ТЕМНА ЦРКВА,7,зрачи,0.2227
Ефтим Клетников,ТЕМНА ЦРКВА,8,кукавица,0.2227
Ефтим Клетников,ТЕМНА ЦРКВА,9,шумски,0.2161
Ефтим Клетников,ТЕМНА ЦРКВА,10,спушта,0.2012
Ефтим Клетников,ТИХА БЕСЕДА СО ТАТКО МИ,1,кандило,0.2791
Ефтим Клетников,ТИХА БЕСЕДА СО ТАТКО МИ,2,гроб,0.2719
Ефтим Клетников,ТИХА БЕСЕДА СО ТАТКО МИ,3,масло,0.2712
Ефтим Клетников,ТИХА БЕСЕДА СО ТАТКО МИ,4,потајум,0.2712
Ефтим Клетников,ТИХА БЕСЕДА СО ТАТКО МИ,5,праша,0.2078
Ефтим Клетников,ТИХА БЕСЕДА СО ТАТКО МИ,6,височинка,0.1593
Ефтим Клетников,ТИХА БЕСЕДА СО ТАТКО МИ,7,дофаќа,0.1593
Ефтим Клетников,ТИХА БЕСЕДА СО ТАТКО МИ,8,ветер,0.1518
Ефтим Клетников,ТИХА БЕСЕДА СО ТАТКО МИ,9,одговори,0.1506
Ефтим Клетников,ТИХА БЕСЕДА СО ТАТКО МИ,10,дамнина,0.1444
Ефтим Клетников,ЦВЕТНИЦИ - Оплакување (предслика),1,вршидба,0.3324
Ефтим Клетников,ЦВЕТНИЦИ - Оплакување (предслика),2,поседува,0.3324
Ефтим Клетников,ЦВЕТНИЦИ - Оплакување (предслика),3,положен,0.3213
Ефтим Клетников,ЦВЕТНИЦИ - Оплакување (предслика),4,тажачки,0.3213
Ефтим Клетников,ЦВЕТНИЦИ - Оплакување (предслика),5,оплакува,0.3123
Ефтим Клетников,ЦВЕТНИЦИ - Оплакување (предслика),6,невреме,0.3046
Ефтим Клетников,ЦВЕТНИЦИ - Оплакување (предслика),7,жетва,0.2868
Ефтим Клетников,ЦВЕТНИЦИ - Оплакување (предслика),8,човечки,0.2259
Ефтим Клетников,ЦВЕТНИЦИ - Оплакување (предслика),9,земе,0.2245
Ефтим Клетников,ЦВЕТНИЦИ - Оплакување (предслика),10,роди,0.2231
Ефтим Клетников,Цветници - Вознесување (знамение на сликата),1,вознесување,0.2447
Ефтим Клетников,Цветници - Вознесување (знамение на сликата),2,ерце,0.2447
Ефтим Клетников,Цветници - Вознесување (знамение на сликата),3,остане,0.2405
Ефтим Клетников,Цветници - Вознесување (знамение на сликата),4,замириса,0.2313
Ефтим Клетников,Цветници - Вознесување (знамение на сликата),5,горделив,0.2217
Ефтим Клетников,Цветници - Вознесување (знамение на сликата),6,знамение,0.2217
Ефтим Клетников,Цветници - Вознесување (знамение на сликата),7,прозрачен,0.2143
Ефтим Клетников,Цветници - Вознесување (знамение на сликата),8,зјае,0.2083
Ефтим Клетников,Цветници - Вознесување (знамение на сликата),9,победи,0.2083
Ефтим Клетников,Цветници - Вознесување (знамение на сликата),10,провев,0.2083
Ефтим Клетников,вечера (тајна?),1,вино,0.37
Ефтим Клетников,вечера (тајна?),2,негов,0.3131
Ефтим Клетников,вечера (тајна?),3,елеонски,0.2016
Ефтим Клетников,вечера (тајна?),4,испозаспи,0.2016
Ефтим Клетников,вечера (тајна?),5,неопитен,0.2016
Ефтим Клетников,вечера (тајна?),6,профитер,0.2016
Ефтим Клетников,вечера (тајна?),7,саботер,0.2016
Ефтим Клетников,вечера (тајна?),8,крв,0.1944
Ефтим Клетников,вечера (тајна?),9,испиен,0.1905
Ефтим Клетников,вечера (тајна?),10,стол,0.1905
Ефтим Клетников,влечење за јазик,1,јадеж,0.373
Ефтим Клетников,влечење за јазик,2,служи,0.3174
Ефтим Клетников,влечење за јазик,3,јазик,0.308
Ефтим Клетников,влечење за јазик,4,влече,0.2452
Ефтим Клетников,влечење за јазик,5,жилет,0.1865
Ефтим Клетников,влечење за јазик,6,инаети,0.1865
Ефтим Клетников,влечење за јазик,7,леѓен,0.1865
Ефтим Клетников,влечење за јазик,8,мечка,0.1865
Ефтим Клетников,влечење за јазик,9,можебијас,0.1865
Ефтим Клетников,влечење за јазик,10,пријави,0.1865
Ефтим Клетников,во здивот и издивот,1,умира,0.5914
Ефтим Клетников,во здивот и издивот,2,еден,0.2814
Ефтим Клетников,во здивот и издивот,3,издив,0.2739
Ефтим Клетников,во здивот и издивот,4,напушти,0.2406
Ефтим Клетников,во здивот и издивот,5,прв,0.2141
Ефтим Клетников,во здивот и издивот,6,молња,0.21
Ефтим Клетников,во здивот и издивот,7,риба,0.2004
Ефтим Клетников,во здивот и издивот,8,друг,0.1867
Ефтим Клетников,во здивот и издивот,9,сончев,0.1746
Ефтим Клетников,во здивот и издивот,10,живот,0.1737
Ефтим Клетников,гавранот,1,кајшто,0.4127
Ефтим Клетников,гавранот,2,сведоку,0.284
Ефтим Клетников,гавранот,3,соседу,0.284
Ефтим Клетников,гавранот,4,дејствува,0.2684
Ефтим Клетников,гавранот,5,неминовен,0.2684
Ефтим Клетников,гавранот,6,мудро,0.2573
Ефтим Клетников,гавранот,7,преобразен,0.2417
Ефтим Клетников,гавранот,8,секако,0.222
Ефтим Клетников,гавранот,9,твој,0.2132
Ефтим Клетников,гавранот,10,клун,0.209
Ефтим Клетников,гроб во бесмртната вода,1,жубор,0.342
Ефтим Клетников,гроб во бесмртната вода,2,александар,0.3279
Ефтим Клетников,гроб во бесмртната вода,3,кружен,0.317
Ефтим Клетников,гроб во бесмртната вода,4,трагач,0.317
Ефтим Клетников,гроб во бесмртната вода,5,бесмртен,0.2881
Ефтим Клетников,гроб во бесмртната вода,6,движење,0.263
Ефтим Клетников,гроб во бесмртната вода,7,бакнува,0.2569
Ефтим Клетников,гроб во бесмртната вода,8,фати,0.2228
Ефтим Клетников,гроб во бесмртната вода,9,сончев,0.2091
Ефтим Клетников,гроб во бесмртната вода,10,гроб,0.2059
Ефтим Клетников,доцна есен,1,барае,0.2466
Ефтим Клетников,доцна есен,2,магловит,0.2466
Ефтим Клетников,доцна есен,3,скомраз,0.2466
Ефтим Клетников,доцна есен,4,вдиши,0.2331
Ефтим Клетников,доцна есен,5,жубор,0.2331
Ефтим Клетников,доцна есен,6,нарушен,0.2331
Ефтим Клетников,доцна есен,7,секнат,0.2234
Ефтим Клетников,доцна есен,8,доцен,0.216
Ефтим Клетников,доцна есен,9,моќен,0.216
Ефтим Клетников,доцна есен,10,писок,0.216
Ефтим Клетников,есеј : голгота,1,зрнце,0.5016
Ефтим Клетников,есеј : голгота,2,песок,0.3218
Ефтим Клетников,есеј : голгота,3,ангел,0.2002
Ефтим Клетников,есеј : голгота,4,вода,0.1857
Ефтим Клетников,есеј : голгота,5,вае,0.1604
Ефтим Клетников,есеј : голгота,6,воскресен,0.1604
Ефтим Клетников,есеј : голгота,7,сунѓер,0.1604
Ефтим Клетников,есеј : голгота,8,усвиту,0.1604
Ефтим Клетников,есеј : голгота,9,голгота,0.1516
Ефтим Клетников,есеј : голгота,10,жештина,0.1516
Ефтим Клетников,жестоко,1,дете,0.3111
Ефтим Клетников,жестоко,2,јаде,0.2457
Ефтим Клетников,жестоко,3,научи,0.2279
Ефтим Клетников,жестоко,4,мој,0.2125
Ефтим Клетников,жестоко,5,пие,0.2012
Ефтим Клетников,жестоко,6,награда,0.1623
Ефтим Клетников,жестоко,7,напнува,0.1623
Ефтим Клетников,жестоко,8,плука,0.1623
Ефтим Клетников,жестоко,9,птичји,0.1623
Ефтим Клетников,жестоко,10,твојотти,0.1623
Ефтим Клетников,записи од велестово,1,сласно,0.3641
Ефтим Клетников,записи од велестово,2,бокал,0.3098
Ефтим Клетников,записи од велестово,3,домашен,0.2956
Ефтим Клетников,записи од велестово,4,селски,0.2716
Ефтим Клетников,записи од велестово,5,зимски,0.268
Ефтим Клетников,записи од велестово,6,исчезнува,0.2556
Ефтим Клетников,записи од велестово,7,маса,0.2556
Ефтим Клетников,записи од велестово,8,предел,0.248
Ефтим Клетников,записи од велестово,9,магла,0.2337
Ефтим Клетников,записи од велестово,10,пие,0.2256
Ефтим Клетников,зимски простор,1,боже,0.4411
Ефтим Клетников,зимски простор,2,зев,0.2869
Ефтим Клетников,зимски простор,3,мрежест,0.2869
Ефтим Клетников,зимски простор,4,струиш,0.2869
Ефтим Клетников,зимски простор,5,помилува,0.2711
Ефтим Клетников,зимски простор,6,струна,0.2711
Ефтим Клетников,зимски простор,7,биде,0.2512
Ефтим Клетников,зимски простор,8,бел,0.2442
Ефтим Клетников,зимски простор,9,зимски,0.2112
Ефтим Клетников,зимски простор,10,свеж,0.2112
Ефтим Клетников,искуства 1.,1,бесшумен,0.3132
Ефтим Клетников,искуства 1.,2,успокоен,0.3132
Ефтим Клетников,искуства 1.,3,преземе,0.296
Ефтим Клетников,искуства 1.,4,будилник,0.2838
Ефтим Клетников,искуства 1.,5,чукање,0.2838
Ефтим Клетников,искуства 1.,6,одар,0.2743
Ефтим Клетников,искуства 1.,7,труп,0.2743
Ефтим Клетников,искуства 1.,8,напор,0.2493
Ефтим Клетников,искуства 1.,9,загатка,0.2449
Ефтим Клетников,искуства 1.,10,боже,0.2408
Ефтим Клетников,искуства 2.,1,брава,0.3378
Ефтим Клетников,искуства 2.,2,модрин,0.3192
Ефтим Клетников,искуства 2.,3,бележи,0.306
Ефтим Клетников,искуства 2.,4,божје,0.2958
Ефтим Клетников,искуства 2.,5,прима,0.2958
Ефтим Клетников,искуства 2.,6,извишува,0.2874
Ефтим Клетников,искуства 2.,7,столб,0.2742
Ефтим Клетников,искуства 2.,8,дува,0.2688
Ефтим Клетников,искуства 2.,9,загатка,0.264
Ефтим Клетников,искуства 2.,10,клуч,0.2557
Ефтим Клетников,искуства 3.,1,загне,0.3351
Ефтим Клетников,искуства 3.,2,згуснат,0.3351
Ефтим Клетников,искуства 3.,3,премииува,0.3351
Ефтим Клетников,искуства 3.,4,воздушен,0.2668
Ефтим Клетников,искуства 3.,5,патник,0.2668
Ефтим Клетников,искуства 3.,6,вкус,0.262
Ефтим Клетников,искуства 3.,7,загатка,0.262
Ефтим Клетников,искуства 3.,8,боже,0.2576
Ефтим Клетников,искуства 3.,9,снежен,0.2576
Ефтим Клетников,искуства 3.,10,хоризонт,0.2352
Ефтим Клетников,искуства 4.,1,снег,0.367
Ефтим Клетников,искуства 4.,2,напознатвер,0.3349
Ефтим Клетников,искуства 4.,3,утешителен,0.3349
Ефтим Клетников,искуства 4.,4,исцелителен,0.3165
Ефтим Клетников,искуства 4.,5,божје,0.2933
Ефтим Клетников,искуства 4.,6,ехо,0.2618
Ефтим Клетников,искуства 4.,7,загатка,0.2618
Ефтим Клетников,искуства 4.,8,чекори,0.2618
Ефтим Клетников,искуства 4.,9,топлина,0.2404
Ефтим Клетников,искуства 4.,10,зима,0.215
Ефтим Клетников,искуства 5.,1,љубопитник,0.3613
Ефтим Клетников,искуства 5.,2,божје,0.3164
Ефтим Клетников,искуства 5.,3,врви,0.2824
Ефтим Клетников,искуства 5.,4,загатка,0.2824
Ефтим Клетников,искуства 5.,5,нишка,0.2659
Ефтим Клетников,искуства 5.,6,патека,0.2594
Ефтим Клетников,искуства 5.,7,сребрен,0.2564
Ефтим Клетников,искуства 5.,8,допира,0.2438
Ефтим Клетников,искуства 5.,9,широк,0.2395
Ефтим Клетников,искуства 5.,10,влече,0.2375
Ефтим Клетников,класична композиција,1,сив,0.2493
Ефтим Клетников,класична композиција,2,силен,0.2126
Ефтим Клетников,класична композиција,3,der,0.1831
Ефтим Клетников,класична композиција,4,die,0.1831
Ефтим Клетников,класична композиција,5,handke,0.1831
Ефтим Клетников,класична композиција,6,lehre,0.1831
Ефтим Клетников,класична композиција,7,peter,0.1831
Ефтим Клетников,класична композиција,8,sainte,0.1831
Ефтим Клетников,класична композиција,9,victorie,0.1831
Ефтим Клетников,класична композиција,10,браон,0.1831
Ефтим Клетников,кукавица   2.,1,глас,0.3937
Ефтим Клетников,кукавица   2.,2,поплавува,0.2679
Ефтим Клетников,кукавица   2.,3,коба,0.2532
Ефтим Клетников,кукавица   2.,4,ненадеен,0.2532
Ефтим Клетников,кукавица   2.,5,преток,0.2532
Ефтим Клетников,кукавица   2.,6,затрепери,0.2427
Ефтим Клетников,кукавица   2.,7,исполни,0.2346
Ефтим Клетников,кукавица   2.,8,кукавички,0.2346
Ефтим Клетников,кукавица   2.,9,птичај,0.2346
Ефтим Клетников,кукавица   2.,10,смртен,0.2133
Ефтим Клетников,кукавица 1.,1,испили,0.2813
Ефтим Клетников,кукавица 1.,2,непоканет,0.2813
Ефтим Клетников,кукавица 1.,3,одгласува,0.2813
Ефтим Клетников,кукавица 1.,4,потомок,0.2813
Ефтим Клетников,кукавица 1.,5,подметнува,0.2658
Ефтим Клетников,кукавица 1.,6,преток,0.2658
Ефтим Клетников,кукавица 1.,7,достоен,0.2548
Ефтим Клетников,кукавица 1.,8,кукање,0.2548
Ефтим Клетников,кукавица 1.,9,кукавички,0.2463
Ефтим Клетников,кукавица 1.,10,подмолен,0.2393
Ефтим Клетников,лош сон : ограда од боцкав тељ,1,воздржано,0.3557
Ефтим Клетников,лош сон : ограда од боцкав тељ,2,прорез,0.3557
Ефтим Клетников,лош сон : ограда од боцкав тељ,3,насмевнува,0.3223
Ефтим Клетников,лош сон : ограда од боцкав тељ,4,ограда,0.3027
Ефтим Клетников,лош сон : ограда од боцкав тељ,5,нишан,0.2953
Ефтим Клетников,лош сон : ограда од боцкав тељ,6,пораз,0.2831
Ефтим Клетников,лош сон : ограда од боцкав тељ,7,боцка,0.2735
Ефтим Клетников,лош сон : ограда од боцкав тељ,8,следен,0.2735
Ефтим Клетников,лош сон : ограда од боцкав тељ,9,начин,0.2497
Ефтим Клетников,лош сон : ограда од боцкав тељ,10,затворен,0.2319
Ефтим Клетников,матно стакло,1,кафез,0.3061
Ефтим Клетников,матно стакло,2,матен,0.2952
Ефтим Клетников,матно стакло,3,стакло,0.292
Ефтим Клетников,матно стакло,4,ѕид,0.2378
Ефтим Клетников,матно стакло,5,залетува,0.208
Ефтим Клетников,матно стакло,6,контура,0.208
Ефтим Клетников,матно стакло,7,има,0.1965
Ефтим Клетников,матно стакло,8,потоне,0.1884
Ефтим Клетников,матно стакло,9,погледнува,0.1821
Ефтим Клетников,матно стакло,10,притиснат,0.1821
Ефтим Клетников,моливот на поетот,1,галопира,0.4833
Ефтим Клетников,моливот на поетот,2,неуморлив,0.4833
Ефтим Клетников,моливот на поетот,3,коњаник,0.4634
Ефтим Клетников,моливот на поетот,4,хартија,0.3998
Ефтим Клетников,моливот на поетот,5,поле,0.2573
Ефтим Клетников,моливот на поетот,6,бел,0.2177
Ефтим Клетников,моливот на поетот,7,ноќ,0.2114
Ефтим Клетников,окото на темниот - 1,1,ликува,0.3212
Ефтим Клетников,окото на темниот - 1,2,сè,0.2088
Ефтим Клетников,окото на темниот - 1,3,дофати,0.1773
Ефтим Клетников,окото на темниот - 1,4,искокне,0.1773
Ефтим Клетников,окото на темниот - 1,5,модросина,0.1773
Ефтим Клетников,окото на темниот - 1,6,опустоши,0.1773
Ефтим Клетников,окото на темниот - 1,7,ставен,0.1773
Ефтим Клетников,окото на темниот - 1,8,вирје,0.1675
Ефтим Клетников,окото на темниот - 1,9,напукне,0.1675
Ефтим Клетников,окото на темниот - 1,10,нахрани,0.1675
Ефтим Клетников,окото на темниот - 2,1,грми,0.3099
Ефтим Клетников,окото на темниот - 2,2,сјај,0.2489
Ефтим Клетников,окото на темниот - 2,3,пупи,0.2047
Ефтим Клетников,окото на темниот - 2,4,причестува,0.1935
Ефтим Клетников,окото на темниот - 2,5,прослава,0.1935
Ефтим Клетников,окото на темниот - 2,6,честар,0.1935
Ефтим Клетников,окото на темниот - 2,7,љубоморен,0.1935
Ефтим Клетников,окото на темниот - 2,8,мирта,0.1855
Ефтим Клетников,окото на темниот - 2,9,блеснува,0.1742
Ефтим Клетников,окото на темниот - 2,10,крошен,0.1742
Ефтим Клетников,псалм,1,камен,0.215
Ефтим Клетников,псалм,2,смрт,0.2065
Ефтим Клетников,псалм,3,заборави,0.2059
Ефтим Клетников,псалм,4,чувствува,0.2024
Ефтим Клетников,псалм,5,крева,0.171
Ефтим Клетников,псалм,6,безнадежен,0.1704
Ефтим Клетников,псалм,7,постои,0.1638
Ефтим Клетников,псалм,8,нов,0.139
Ефтим Клетников,псалм,9,душа,0.1369
Ефтим Клетников,псалм,10,овде,0.1328
Ефтим Клетников,сандански   3.,1,пирин,0.7674
Ефтим Клетников,сандански   3.,2,планино,0.5362
Ефтим Клетников,сандански   3.,3,месечина,0.3516
Ефтим Клетников,сандански 1.,1,роженски,0.5504
Ефтим Клетников,сандански 1.,2,камбан,0.4987
Ефтим Клетников,сандански 1.,3,бие,0.3681
Ефтим Клетников,сандански 1.,4,гуна,0.1835
Ефтим Клетников,сандански 1.,5,собир,0.1835
Ефтим Клетников,сандански 1.,6,деј,0.1734
Ефтим Клетников,сандански 1.,7,мотив,0.1734
Ефтим Клетников,сандански 1.,8,рожен,0.1734
Ефтим Клетников,сандански 1.,9,почине,0.1523
Ефтим Клетников,сандански 1.,10,бор,0.149
Ефтим Клетников,сандански 2.,1,цар,0.5566
Ефтим Клетников,сандански 2.,2,рожен,0.4505
Ефтим Клетников,сандански 2.,3,мермер,0.3957
Ефтим Клетников,сандански 2.,4,народ,0.2935
Ефтим Клетников,сандански 2.,5,уште,0.1925
Ефтим Клетников,сандански 2.,6,гол,0.1909
Ефтим Клетников,сандански 2.,7,берданка,0.1589
Ефтим Клетников,сандански 2.,8,водителка,0.1589
Ефтим Клетников,сандански 2.,9,надгледува,0.1589
Ефтим Клетников,сандански 2.,10,посочува,0.1589
Ефтим Клетников,светлината е огромна тајна,1,бомбардер,0.2467
Ефтим Клетников,светлината е огромна тајна,2,вода,0.2379
Ефтим Клетников,светлината е огромна тајна,3,авион,0.216
Ефтим Клетников,светлината е огромна тајна,4,налет,0.2099
Ефтим Клетников,светлината е огромна тајна,5,одење,0.2099
Ефтим Клетников,светлината е огромна тајна,6,поверува,0.2003
Ефтим Клетников,светлината е огромна тајна,7,лула,0.1928
Ефтим Клетников,светлината е огромна тајна,8,брз,0.1867
Ефтим Клетников,светлината е огромна тајна,9,тајна,0.1396
Ефтим Клетников,светлината е огромна тајна,10,адамова,0.1233
Ефтим Клетников,сон : стариот овоштарник на дедо ми,1,исцелител,0.3729
Ефтим Клетников,сон : стариот овоштарник на дедо ми,2,дедо,0.3141
Ефтим Клетников,сон : стариот овоштарник на дедо ми,3,овошка,0.2639
Ефтим Клетников,сон : стариот овоштарник на дедо ми,4,мртов,0.1978
Ефтим Клетников,сон : стариот овоштарник на дедо ми,5,андон,0.1973
Ефтим Клетников,сон : стариот овоштарник на дедо ми,6,задгробен,0.1973
Ефтим Клетников,сон : стариот овоштарник на дедо ми,7,сранува,0.1973
Ефтим Клетников,сон : стариот овоштарник на дедо ми,8,тељ,0.1973
Ефтим Клетников,сон : стариот овоштарник на дедо ми,9,единство,0.1864
Ефтим Клетников,сон : стариот овоштарник на дедо ми,10,зона,0.1864
Ефтим Клетников,темно место,1,господине,0.6364
Ефтим Клетников,темно место,2,слеге,0.3513
Ефтим Клетников,темно место,3,долу,0.3128
Ефтим Клетников,темно место,4,господ,0.2493
Ефтим Клетников,темно место,5,буф,0.1756
Ефтим Клетников,темно место,6,данте,0.1756
Ефтим Клетников,темно место,7,овиди,0.1756
Ефтим Клетников,темно место,8,госпоѓ,0.166
Ефтим Клетников,темно место,9,девица,0.1538
Ефтим Клетников,темно место,10,марија,0.1538
Ефтим Клетников,"три мотиви од св. наум   - 1. стојам на камената ограда во св. наум,  ја гледам рамната површина на водата",1,наткрева,0.4649
Ефтим Клетников,"три мотиви од св. наум   - 1. стојам на камената ограда во св. наум,  ја гледам рамната површина на водата",2,св.,0.2196
Ефтим Клетников,"три мотиви од св. наум   - 1. стојам на камената ограда во св. наум,  ја гледам рамната површина на водата",3,наум,0.2106
Ефтим Клетников,"три мотиви од св. наум   - 1. стојам на камената ограда во св. наум,  ја гледам рамната површина на водата",4,принесе,0.2035
Ефтим Клетников,"три мотиви од св. наум   - 1. стојам на камената ограда во св. наум,  ја гледам рамната површина на водата",5,ѕвон,0.2035
Ефтим Клетников,"три мотиви од св. наум   - 1. стојам на камената ограда во св. наум,  ја гледам рамната површина на водата",6,класје,0.1978
Ефтим Клетников,"три мотиви од св. наум   - 1. стојам на камената ограда во св. наум,  ја гледам рамната површина на водата",7,кристален,0.1978
Ефтим Клетников,"три мотиви од св. наум   - 1. стојам на камената ограда во св. наум,  ја гледам рамната површина на водата",8,ограда,0.1978
Ефтим Клетников,"три мотиви од св. наум   - 1. стојам на камената ограда во св. наум,  ја гледам рамната површина на водата",9,голтка,0.1929
Ефтим Клетников,"три мотиви од св. наум   - 1. стојам на камената ограда во св. наум,  ја гледам рамната површина на водата",10,господар,0.1929
Ефтим Клетников,три мотиви од св. наум  - 2. на исто место,1,божја,0.4058
Ефтим Клетников,три мотиви од св. наум  - 2. на исто место,2,наум,0.4058
Ефтим Клетников,три мотиви од св. наум  - 2. на исто место,3,шета,0.2995
Ефтим Клетников,три мотиви од св. наум  - 2. на исто место,4,брег,0.2523
Ефтим Клетников,три мотиви од св. наум  - 2. на исто место,5,јамазни,0.2239
Ефтим Клетников,три мотиви од св. наум  - 2. на исто место,6,пости,0.2116
Ефтим Клетников,три мотиви од св. наум  - 2. на исто место,7,раскош,0.2116
Ефтим Клетников,три мотиви од св. наум  - 2. на исто место,8,галичица,0.2029
Ефтим Клетников,три мотиви од св. наум  - 2. на исто место,9,паун,0.2029
Ефтим Клетников,три мотиви од св. наум  - 2. на исто место,10,подига,0.2029
Ефтим Клетников,три мотиви од св. наум  - 3. срцето на св. наум,1,несогледливо,0.4039
Ефтим Клетников,три мотиви од св. наум  - 3. срцето на св. наум,2,несуштествен,0.4039
Ефтим Клетников,три мотиви од св. наум  - 3. срцето на св. наум,3,недостижно,0.3817
Ефтим Клетников,три мотиви од св. наум  - 3. срцето на св. наум,4,отсекогаш,0.3537
Ефтим Клетников,три мотиви од св. наум  - 3. срцето на св. наум,5,јадро,0.3437
Ефтим Клетников,три мотиви од св. наум  - 3. срцето на св. наум,6,човека,0.328
Ефтим Клетников,три мотиви од св. наум  - 3. срцето на св. наум,7,чука,0.2835
Ефтим Клетников,три мотиви од св. наум  - 3. срцето на св. наум,8,вечност,0.2655
Ефтим Клетников,три мотиви од св. наум  - 3. срцето на св. наум,9,земја,0.1618
Ефтим Клетников,шумски пат I.,1,заковува,0.292
Ефтим Клетников,шумски пат I.,2,ноември,0.292
Ефтим Клетников,шумски пат I.,3,шуморлив,0.292
Ефтим Клетников,шумски пат I.,4,воскреснам,0.2759
Ефтим Клетников,шумски пат I.,5,трпка,0.2484
Ефтим Клетников,шумски пат I.,6,шајка,0.2484
Ефтим Клетников,шумски пат I.,7,издолжува,0.237
Ефтим Клетников,шумски пат I.,8,удар,0.2324
Ефтим Клетников,шумски пат I.,9,билка,0.221
Ефтим Клетников,шумски пат I.,10,крст,0.221
Ефтим Клетников,шумски пат II.,1,скончува,0.3068
Ефтим Клетников,шумски пат II.,2,шумор,0.3068
Ефтим Клетников,шумски пат II.,3,светлина,0.2905
Ефтим Клетников,шумски пат II.,4,воскреснам,0.2899
Ефтим Клетников,шумски пат II.,5,дах,0.2779
Ефтим Клетников,шумски пат II.,6,монах,0.2779
Ефтим Клетников,шумски пат II.,7,вжарен,0.2686
Ефтим Клетников,шумски пат II.,8,испие,0.2686
Ефтим Клетников,шумски пат II.,9,издолжува,0.2491
Ефтим Клетников,шумски пат II.,10,светлосен,0.2358
Ефтим Клетников,шумски пат III.,1,врисок,0.3609
Ефтим Клетников,шумски пат III.,2,оддели,0.3609
Ефтим Клетников,шумски пат III.,3,пресретне,0.3609
Ефтим Клетников,шумски пат III.,4,монах,0.327
Ефтим Клетников,шумски пат III.,5,смртоносен,0.3072
Ефтим Клетников,шумски пат III.,6,ита,0.2693
Ефтим Клетников,шумски пат III.,7,молња,0.2507
Ефтим Клетников,шумски пат III.,8,утроба,0.2458
Ефтим Клетников,шумски пат III.,9,невидлив,0.2194
Ефтим Клетников,шумски пат III.,10,дели,0.2168
Ефтим Клетников,шумски пат IV.,1,релјефен,0.2612
Ефтим Клетников,шумски пат IV.,2,вкрстен,0.2468
Ефтим Клетников,шумски пат IV.,3,окован,0.2468
Ефтим Клетников,шумски пат IV.,4,воскресне,0.2366
Ефтим Клетников,шумски пат IV.,5,греда,0.2366
Ефтим Клетников,шумски пат IV.,6,кип,0.2366
Ефтим Клетников,шумски пат IV.,7,лавиринт,0.2366
Ефтим Клетников,шумски пат IV.,8,сенко,0.2366
Ефтим Клетников,шумски пат IV.,9,шајка,0.2223
Ефтим Клетников,шумски пат IV.,10,удар,0.2079
Ефтим Клетников,јавач во полноќта,1,мрачнина,0.195
Ефтим Клетников,јавач во полноќта,2,негрево,0.195
Ефтим Клетников,јавач во полноќта,3,виш,0.1869
Ефтим Клетников,јавач во полноќта,4,збивта,0.1869
Ефтим Клетников,јавач во полноќта,5,лелека,0.1869
Ефтим Клетников,јавач во полноќта,6,посее,0.1869
Ефтим Клетников,јавач во полноќта,7,амбара,0.1807
Ефтим Клетников,јавач во полноќта,8,вршка,0.1807
Ефтим Клетников,јавач во полноќта,9,здравица,0.1713
Ефтим Клетников,јавач во полноќта,10,модер,0.1713
Ива Петреска,Anamnesis vitae,1,бега,0.2217
Ива Петреска,Anamnesis vitae,2,плачи,0.1876
Ива Петреска,Anamnesis vitae,3,тумор,0.1801
Ива Петреска,Anamnesis vitae,4,гласно,0.1462
Ива Петреска,Anamnesis vitae,5,ден,0.139
Ива Петреска,Anamnesis vitae,6,открие,0.1293
Ива Петреска,Anamnesis vitae,7,причина,0.1278
Ива Петреска,Anamnesis vitae,8,болест,0.1238
Ива Петреска,Anamnesis vitae,9,врти,0.1109
Ива Петреска,Anamnesis vitae,10,расте,0.1069
Ива Петреска,"Јас, ти или една ѕвезда",1,ѕвездо,0.2523
Ива Петреска,"Јас, ти или една ѕвезда",2,божествен,0.1939
Ива Петреска,"Јас, ти или една ѕвезда",3,блесок,0.1833
Ива Петреска,"Јас, ти или една ѕвезда",4,покаже,0.1752
Ива Петреска,"Јас, ти или една ѕвезда",5,свој,0.14
Ива Петреска,"Јас, ти или една ѕвезда",6,бурност,0.1261
Ива Петреска,"Јас, ти или една ѕвезда",7,денице,0.1261
Ива Петреска,"Јас, ти или една ѕвезда",8,жарост,0.1261
Ива Петреска,"Јас, ти или една ѕвезда",9,избиј,0.1261
Ива Петреска,"Јас, ти или една ѕвезда",10,извиши,0.1261
Ива Петреска,Љубовна поезија (кулминација),1,посака,0.3063
Ива Петреска,Љубовна поезија (кулминација),2,друг,0.1735
Ива Петреска,Љубовна поезија (кулминација),3,бесчувствителност,0.1405
Ива Петреска,Љубовна поезија (кулминација),4,вртоглаво,0.1405
Ива Петреска,Љубовна поезија (кулминација),5,ладовинка,0.1405
Ива Петреска,Љубовна поезија (кулминација),6,незаслужен,0.1405
Ива Петреска,Љубовна поезија (кулминација),7,облепува,0.1405
Ива Петреска,Љубовна поезија (кулминација),8,огниште-пожар,0.1405
Ива Петреска,Љубовна поезија (кулминација),9,преспав,0.1405
Ива Петреска,Љубовна поезија (кулминација),10,фенерче,0.1405
Ива Петреска,Верник,1,верник,0.6371
Ива Петреска,Верник,2,сопствен,0.1393
Ива Петреска,Верник,3,капка,0.1278
Ива Петреска,Верник,4,бесшумно,0.1124
Ива Петреска,Верник,5,вештица,0.1124
Ива Петреска,Верник,6,елегија,0.1124
Ива Петреска,Верник,7,згрбавен,0.1124
Ива Петреска,Верник,8,издупчен,0.1124
Ива Петреска,Верник,9,лисица,0.1124
Ива Петреска,Верник,10,лудак,0.1124
Ива Петреска,Внатрешен немир,1,конец,0.2138
Ива Петреска,Внатрешен немир,2,антика,0.1368
Ива Петреска,Внатрешен немир,3,закрпен,0.1368
Ива Петреска,Внатрешен немир,4,исткајан,0.1368
Ива Петреска,Внатрешен немир,5,кашмир,0.1368
Ива Петреска,Внатрешен немир,6,кревкост,0.1368
Ива Петреска,Внатрешен немир,7,нагон,0.1368
Ива Петреска,Внатрешен немир,8,неверност,0.1368
Ива Петреска,Внатрешен немир,9,нестапнување,0.1368
Ива Петреска,Внатрешен немир,10,одмереност,0.1368
Ива Петреска,Во патолошката сала,1,впива,0.2369
Ива Петреска,Во патолошката сала,2,остаток,0.2194
Ива Петреска,Во патолошката сала,3,фрли,0.1892
Ива Петреска,Во патолошката сала,4,човечки,0.1757
Ива Петреска,Во патолошката сала,5,мртов,0.143
Ива Петреска,Во патолошката сала,6,искасапен,0.1427
Ива Петреска,Во патолошката сала,7,кастрее,0.1427
Ива Петреска,Во патолошката сала,8,корпа,0.1427
Ива Петреска,Во патолошката сала,9,мевце,0.1427
Ива Петреска,Во патолошката сала,10,начулен,0.1427
Ива Петреска,Врзана слобода,1,дом,0.2923
Ива Петреска,Врзана слобода,2,носи,0.2814
Ива Петреска,Врзана слобода,3,мој,0.277
Ива Петреска,Врзана слобода,4,дува,0.1925
Ива Петреска,Врзана слобода,5,ветар,0.1737
Ива Петреска,Врзана слобода,6,открие,0.1737
Ива Петреска,Врзана слобода,7,облак,0.1303
Ива Петреска,Врзана слобода,8,врзи,0.1209
Ива Петреска,Врзана слобода,9,извезе,0.1209
Ива Петреска,Врзана слобода,10,качен,0.1209
Ива Петреска,Врзана љубов,1,забранува,0.1917
Ива Петреска,Врзана љубов,2,замисла,0.1917
Ива Петреска,Врзана љубов,3,изживеан,0.1917
Ива Петреска,Врзана љубов,4,катраносан,0.1917
Ива Петреска,Врзана љубов,5,ланец,0.1917
Ива Петреска,Врзана љубов,6,непосакан,0.1917
Ива Петреска,Врзана љубов,7,непропустлив,0.1917
Ива Петреска,Врзана љубов,8,поврзаност,0.1917
Ива Петреска,Врзана љубов,9,спротивставен,0.1917
Ива Петреска,Врзана љубов,10,мантил,0.1812
Ива Петреска,Галеби,1,вели,0.6418
Ива Петреска,Галеби,2,галеба,0.1828
Ива Петреска,Галеби,3,гавран,0.1744
Ива Петреска,Галеби,4,галеб,0.1744
Ива Петреска,Галеби,5,пердува,0.171
Ива Петреска,Галеби,6,пече,0.1626
Ива Петреска,Галеби,7,образ,0.1542
Ива Петреска,Галеби,8,некогаш,0.1306
Ива Петреска,Галеби,9,лета,0.1261
Ива Петреска,Галеби,10,ацо,0.1074
Ива Петреска,Гозба,1,маса,0.1821
Ива Петреска,Гозба,2,солза,0.1369
Ива Петреска,Гозба,3,полн,0.1348
Ива Петреска,Гозба,4,безусловно,0.1297
Ива Петреска,Гозба,5,каша,0.1297
Ива Петреска,Гозба,6,колекција,0.1297
Ива Петреска,Гозба,7,мласка,0.1297
Ива Петреска,Гозба,8,нагости,0.1297
Ива Петреска,Гозба,9,наивен,0.1297
Ива Петреска,Гозба,10,наострен,0.1297
Ива Петреска,Градско дете,1,град,0.4701
Ива Петреска,Градско дете,2,почне,0.2226
Ива Петреска,Градско дете,3,свој,0.1283
Ива Петреска,Градско дете,4,адолесцент,0.1156
Ива Петреска,Градско дете,5,блуе,0.1156
Ива Петреска,Градско дете,6,гас,0.1156
Ива Петреска,Градско дете,7,гр-гр-гр-гр,0.1156
Ива Петреска,Градско дете,8,гравира,0.1156
Ива Петреска,Градско дете,9,градиво,0.1156
Ива Петреска,Градско дете,10,градиран,0.1156
Ива Петреска,Дамка меѓу редови,1,човек,0.2938
Ива Петреска,Дамка меѓу редови,2,различен,0.2862
Ива Петреска,Дамка меѓу редови,3,заборавен,0.2269
Ива Петреска,Дамка меѓу редови,4,неколку,0.2269
Ива Петреска,Дамка меѓу редови,5,задушник,0.1681
Ива Петреска,Дамка меѓу редови,6,реченичен,0.1681
Ива Петреска,Дамка меѓу редови,7,спое,0.1681
Ива Петреска,Дамка меѓу редови,8,фантазирање,0.1681
Ива Петреска,Дамка меѓу редови,9,фонтана,0.1681
Ива Петреска,Дамка меѓу редови,10,хартиен,0.1681
Ива Петреска,Двосмислена,1,тукушто,0.1906
Ива Петреска,Двосмислена,2,грижа,0.1865
Ива Петреска,Двосмислена,3,точка,0.1579
Ива Петреска,Двосмислена,4,знае,0.1317
Ива Петреска,Двосмислена,5,твој,0.1293
Ива Петреска,Двосмислена,6,безгрижен,0.1148
Ива Петреска,Двосмислена,7,бокалче,0.1148
Ива Петреска,Двосмислена,8,веење,0.1148
Ива Петреска,Двосмислена,9,гилотина,0.1148
Ива Петреска,Двосмислена,10,заљубување,0.1148
Ива Петреска,Ден и ноќ,1,старец,0.2375
Ива Петреска,Ден и ноќ,2,нов,0.2186
Ива Петреска,Ден и ноќ,3,ден,0.1868
Ива Петреска,Ден и ноќ,4,утро,0.1855
Ива Петреска,Ден и ноќ,5,беседник,0.1614
Ива Петреска,Ден и ноќ,6,запознава,0.1614
Ива Петреска,Ден и ноќ,7,патувачки,0.1614
Ива Петреска,Ден и ноќ,8,предатор,0.1614
Ива Петреска,Ден и ноќ,9,слон,0.1614
Ива Петреска,Ден и ноќ,10,циркус,0.1614
Ива Петреска,Денес (сон),1,граде,0.2805
Ива Петреска,Денес (сон),2,предаде,0.2805
Ива Петреска,Денес (сон),3,припаѓа,0.2805
Ива Петреска,Денес (сон),4,може,0.1647
Ива Петреска,Денес (сон),5,заменува,0.1548
Ива Петреска,Денес (сон),6,занеменост,0.1548
Ива Петреска,Денес (сон),7,ниши,0.1548
Ива Петреска,Денес (сон),8,одбране,0.1548
Ива Петреска,Денес (сон),9,опијанет,0.1548
Ива Петреска,Денес (сон),10,потпишан,0.1548
Ива Петреска,Ентропија,1,анархист,0.1681
Ива Петреска,Ентропија,2,виц,0.1681
Ива Петреска,Ентропија,3,воздржи,0.1681
Ива Петреска,Ентропија,4,глувост,0.1681
Ива Петреска,Ентропија,5,диктатура,0.1681
Ива Петреска,Ентропија,6,каскада,0.1681
Ива Петреска,Ентропија,7,поширок,0.1681
Ива Петреска,Ентропија,8,револуција,0.1681
Ива Петреска,Ентропија,9,дам,0.1588
Ива Петреска,Ентропија,10,затвореник,0.1588
Ива Петреска,Изгореници,1,цветен,0.1792
Ива Петреска,Изгореници,2,шири,0.1583
Ива Петреска,Изгореници,3,корен,0.1376
Ива Петреска,Изгореници,4,негов,0.1276
Ива Петреска,Изгореници,5,возљубување,0.1233
Ива Петреска,Изгореници,6,еукалиптус,0.1233
Ива Петреска,Изгореници,7,жаросан,0.1233
Ива Петреска,Изгореници,8,зрачење,0.1233
Ива Петреска,Изгореници,9,намамува,0.1233
Ива Петреска,Изгореници,10,нереалност,0.1233
Ива Петреска,Клинче,1,клинче,0.3772
Ива Петреска,Клинче,2,ужива,0.2175
Ива Петреска,Клинче,3,чекан,0.211
Ива Петреска,Клинче,4,болка,0.2058
Ива Петреска,Клинче,5,текнува,0.1782
Ива Петреска,Клинче,6,твој,0.1769
Ива Петреска,Клинче,7,беспомошен,0.1651
Ива Петреска,Клинче,8,слободно,0.145
Ива Петреска,Клинче,9,пече,0.1427
Ива Петреска,Клинче,10,тенок,0.1427
Ива Петреска,Млеко,1,млеко,0.6938
Ива Петреска,Млеко,2,надига,0.1714
Ива Петреска,Млеко,3,врие,0.1553
Ива Петреска,Млеко,4,баба,0.1501
Ива Петреска,Млеко,5,здрав,0.1458
Ива Петреска,Млеко,6,доста,0.1245
Ива Петреска,Млеко,7,човечки,0.1055
Ива Петреска,Млеко,8,вели,0.0931
Ива Петреска,Млеко,9,бебе,0.0857
Ива Петреска,Млеко,10,виме,0.0857
Ива Петреска,"Надмена тврдоглавост (лесна рима, длабока содржина)",1,брце,0.1497
Ива Петреска,"Надмена тврдоглавост (лесна рима, длабока содржина)",2,дестинација,0.1497
Ива Петреска,"Надмена тврдоглавост (лесна рима, длабока содржина)",3,заклештен,0.1497
Ива Петреска,"Надмена тврдоглавост (лесна рима, длабока содржина)",4,каскадер,0.1497
Ива Петреска,"Надмена тврдоглавост (лесна рима, длабока содржина)",5,ловише,0.1497
Ива Петреска,"Надмена тврдоглавост (лесна рима, длабока содржина)",6,несоборен,0.1497
Ива Петреска,"Надмена тврдоглавост (лесна рима, длабока содржина)",7,несопирлив,0.1497
Ива Петреска,"Надмена тврдоглавост (лесна рима, длабока содржина)",8,пловец,0.1497
Ива Петреска,"Надмена тврдоглавост (лесна рима, длабока содржина)",9,поредок,0.1497
Ива Петреска,"Надмена тврдоглавост (лесна рима, длабока содржина)",10,превртеност,0.1497
Ива Петреска,Нашите срца,1,срце,0.2329
Ива Петреска,Нашите срца,2,тегла,0.198
Ива Петреска,Нашите срца,3,течност,0.1783
Ива Петреска,Нашите срца,4,наш,0.1696
Ива Петреска,Нашите срца,5,рака,0.1636
Ива Петреска,Нашите срца,6,парче,0.1487
Ива Петреска,Нашите срца,7,чука,0.1471
Ива Петреска,Нашите срца,8,допре,0.1335
Ива Петреска,Нашите срца,9,мртов,0.105
Ива Петреска,Нашите срца,10,брцкави,0.1048
Ива Петреска,Не сакав (перипетија),1,нешто,0.2555
Ива Петреска,Не сакав (перипетија),2,неколку,0.2372
Ива Петреска,Не сакав (перипетија),3,откога,0.2123
Ива Петреска,Не сакав (перипетија),4,скрие,0.1725
Ива Петреска,Не сакав (перипетија),5,почне,0.1505
Ива Петреска,Не сакав (перипетија),6,вечер,0.1383
Ива Петреска,Не сакав (перипетија),7,прст,0.132
Ива Петреска,Не сакав (перипетија),8,простор,0.1262
Ива Петреска,Не сакав (перипетија),9,волнен,0.1172
Ива Петреска,Не сакав (перипетија),10,доградив,0.1172
Ива Петреска,Обична жена,1,трон,0.3645
Ива Петреска,Обична жена,2,жена,0.2232
Ива Петреска,Обична жена,3,сопствен,0.1719
Ива Петреска,Обична жена,4,агресија,0.1387
Ива Петреска,Обична жена,5,градител,0.1387
Ива Петреска,Обична жена,6,експресија,0.1387
Ива Петреска,Обична жена,7,еластичен,0.1387
Ива Петреска,Обична жена,8,животосоздавач,0.1387
Ива Петреска,Обична жена,9,кукавичлук,0.1387
Ива Петреска,Обична жена,10,маѓепсница,0.1387
Ива Петреска,Оваа љубов,1,бобинка,0.3152
Ива Петреска,Оваа љубов,2,љубов,0.2456
Ива Петреска,Оваа љубов,3,лакомо,0.184
Ива Петреска,Оваа љубов,4,страсно,0.1706
Ива Петреска,Оваа љубов,5,никогаш,0.1691
Ива Петреска,Оваа љубов,6,трча,0.1509
Ива Петреска,Оваа љубов,7,може,0.149
Ива Петреска,Оваа љубов,8,жито,0.1418
Ива Петреска,Оваа љубов,9,слободен,0.136
Ива Петреска,Оваа љубов,10,остава,0.133
Ива Петреска,Од каде што животот се раѓа,1,слушне,0.3018
Ива Петреска,Од каде што животот се раѓа,2,мој,0.2609
Ива Петреска,Од каде што животот се раѓа,3,подари,0.2328
Ива Петреска,Од каде што животот се раѓа,4,трошка,0.2158
Ива Петреска,Од каде што животот се раѓа,5,небесен,0.1626
Ива Петреска,Од каде што животот се раѓа,6,роди,0.1616
Ива Петреска,Од каде што животот се раѓа,7,мал,0.1397
Ива Петреска,Од каде што животот се раѓа,8,гравче,0.1329
Ива Петреска,Од каде што животот се раѓа,9,закоренет,0.1329
Ива Петреска,Од каде што животот се раѓа,10,закотвено,0.1329
Ива Петреска,Петка или глава?,1,паричка,0.3209
Ива Петреска,Петка или глава?,2,парче,0.2513
Ива Петреска,Петка или глава?,3,твој,0.1772
Ива Петреска,Петка или глава?,4,мал,0.1241
Ива Петреска,Петка или глава?,5,радост,0.1241
Ива Петреска,Петка или глава?,6,безнадежност,0.1181
Ива Петреска,Петка или глава?,7,врбо,0.1181
Ива Петреска,Петка или глава?,8,гад,0.1181
Ива Петреска,Петка или глава?,9,доведи,0.1181
Ива Петреска,Петка или глава?,10,довикне,0.1181
Ива Петреска,Плетка,1,може,0.2205
Ива Петреска,Плетка,2,свет,0.1429
Ива Петреска,Плетка,3,најде,0.1329
Ива Петреска,Плетка,4,вжари,0.1244
Ива Петреска,Плетка,5,дипла,0.1244
Ива Петреска,Плетка,6,запечати,0.1244
Ива Петреска,Плетка,7,згрешен,0.1244
Ива Петреска,Плетка,8,ладнокрвен,0.1244
Ива Петреска,Плетка,9,неизбројан,0.1244
Ива Петреска,Плетка,10,одели,0.1244
Ива Петреска,Повторливост,1,ден,0.5004
Ива Петреска,Повторливост,2,ноќ,0.3217
Ива Петреска,Повторливост,3,втурнат,0.1297
Ива Петреска,Повторливост,4,жариште,0.1297
Ива Петреска,Повторливост,5,затоплува,0.1297
Ива Петреска,Повторливост,6,магма,0.1297
Ива Петреска,Повторливост,7,молец,0.1297
Ива Петреска,Повторливост,8,орен,0.1297
Ива Петреска,Повторливост,9,потиснува,0.1297
Ива Петреска,Повторливост,10,претрупува,0.1297
Ива Петреска,Последното гледање,1,шпил,0.3356
Ива Петреска,Последното гледање,2,сака,0.3182
Ива Петреска,Последното гледање,3,карта,0.2946
Ива Петреска,Последното гледање,4,некогаш,0.233
Ива Петреска,Последното гледање,5,заглави,0.1916
Ива Петреска,Последното гледање,6,распадне,0.1916
Ива Петреска,Последното гледање,7,изедначен,0.1811
Ива Петреска,Последното гледање,8,одигра,0.1811
Ива Петреска,Последното гледање,9,партија,0.1811
Ива Петреска,Последното гледање,10,сплотен,0.1811
Ива Петреска,Првиот впечаток (експозиција),1,игра,0.2325
Ива Петреска,Првиот впечаток (експозиција),2,разигран,0.2204
Ива Петреска,Првиот впечаток (експозиција),3,запален,0.2155
Ива Петреска,Првиот впечаток (експозиција),4,жар,0.1791
Ива Петреска,Првиот впечаток (експозиција),5,ист,0.1455
Ива Петреска,Првиот впечаток (експозиција),6,авангарден,0.1327
Ива Петреска,Првиот впечаток (експозиција),7,динамичен,0.1327
Ива Петреска,Првиот впечаток (експозиција),8,кибритче,0.1327
Ива Петреска,Првиот впечаток (експозиција),9,никаквa,0.1327
Ива Петреска,Првиот впечаток (експозиција),10,одврзува,0.1327
Ива Петреска,Предвреме збогум (расплет),1,сака,0.2702
Ива Петреска,Предвреме збогум (расплет),2,остане,0.2398
Ива Петреска,Предвреме збогум (расплет),3,грабливки,0.1627
Ива Петреска,Предвреме збогум (расплет),4,дамкаво,0.1627
Ива Петреска,Предвреме збогум (расплет),5,заемно,0.1627
Ива Петреска,Предвреме збогум (расплет),6,неодмиен,0.1627
Ива Петреска,Предвреме збогум (расплет),7,песнопојка,0.1627
Ива Петреска,Предвреме збогум (расплет),8,вредно,0.1537
Ива Петреска,Предвреме збогум (расплет),9,остаре,0.1537
Ива Петреска,Предвреме збогум (расплет),10,отпее,0.1537
Ива Петреска,Пролет (заплет),1,може,0.1867
Ива Петреска,Пролет (заплет),2,деве,0.1755
Ива Петреска,Пролет (заплет),3,зуење,0.1755
Ива Петреска,Пролет (заплет),4,меѓусебно,0.1755
Ива Петреска,Пролет (заплет),5,незаситно,0.1755
Ива Петреска,Пролет (заплет),6,преродеви,0.1755
Ива Петреска,Пролет (заплет),7,пресладе,0.1755
Ива Петреска,Пролет (заплет),8,протнев,0.1755
Ива Петреска,Пролет (заплет),9,удавев,0.1755
Ива Петреска,Пролет (заплет),10,цветови,0.1755
Ива Петреска,Просечниот човек,1,турка,0.3295
Ива Петреска,Просечниот човек,2,изморен,0.2894
Ива Петреска,Просечниот човек,3,бори,0.2567
Ива Петреска,Просечниот човек,4,безрбетник,0.1744
Ива Петреска,Просечниот човек,5,затега,0.1744
Ива Петреска,Просечниот човек,6,одвика,0.1744
Ива Петреска,Просечниот човек,7,осамнување,0.1744
Ива Петреска,Просечниот човек,8,потклекнување,0.1744
Ива Петреска,Просечниот човек,9,поткрепува,0.1744
Ива Петреска,Просечниот човек,10,просечност,0.1744
Ива Петреска,Само болни и бели,1,свет,0.2639
Ива Петреска,Само болни и бели,2,единствено,0.2288
Ива Петреска,Само болни и бели,3,меша,0.2154
Ива Петреска,Само болни и бели,4,наоѓа,0.2086
Ива Петреска,Само болни и бели,5,смее,0.1827
Ива Петреска,Само болни и бели,6,болен,0.1812
Ива Петреска,Само болни и бели,7,бел,0.176
Ива Петреска,Само болни и бели,8,вели,0.1497
Ива Петреска,Само болни и бели,9,живее,0.1466
Ива Петреска,Само болни и бели,10,бабичка,0.1378
Ива Петреска,Само тогаш,1,откога,0.5012
Ива Петреска,Само тогаш,2,вечен,0.1306
Ива Петреска,Само тогаш,3,спие,0.1202
Ива Петреска,Само тогаш,4,стане,0.1137
Ива Петреска,Само тогаш,5,безизлезно,0.1106
Ива Петреска,Само тогаш,6,бутне,0.1106
Ива Петреска,Само тогаш,7,зумбул,0.1106
Ива Петреска,Само тогаш,8,изљуби,0.1106
Ива Петреска,Само тогаш,9,казан,0.1106
Ива Петреска,Само тогаш,10,крој,0.1106
Ива Петреска,Случајни зборови,1,потсетува,0.3209
Ива Петреска,Случајни зборови,2,варијабла,0.1832
Ива Петреска,Случајни зборови,3,глист,0.1832
Ива Петреска,Случајни зборови,4,одгризок,0.1832
Ива Петреска,Случајни зборови,5,одземеност,0.1832
Ива Петреска,Случајни зборови,6,опсесивен,0.1832
Ива Петреска,Случајни зборови,7,песјачки,0.1832
Ива Петреска,Случајни зборови,8,провалија,0.1832
Ива Петреска,Случајни зборови,9,растргнат,0.1832
Ива Петреска,Случајни зборови,10,искачување,0.1731
Ива Петреска,Смрдеа,1,смрди,0.2406
Ива Петреска,Смрдеа,2,осамен,0.1688
Ива Петреска,Смрдеа,3,човек,0.1669
Ива Петреска,Смрдеа,4,негов,0.1318
Ива Петреска,Смрдеа,5,поглед,0.1285
Ива Петреска,Смрдеа,6,арома,0.1273
Ива Петреска,Смрдеа,7,гаден,0.1273
Ива Петреска,Смрдеа,8,замерува,0.1273
Ива Петреска,Смрдеа,9,изглодан,0.1273
Ива Петреска,Смрдеа,10,изустен,0.1273
Ива Петреска,Создадена за живот,1,живее,0.4484
Ива Петреска,Создадена за живот,2,кутија,0.3765
Ива Петреска,Создадена за живот,3,ветен,0.1955
Ива Петреска,Создадена за живот,4,создаден,0.1823
Ива Петреска,Создадена за живот,5,затворен,0.157
Ива Петреска,Создадена за живот,6,живот,0.1383
Ива Петреска,Создадена за живот,7,жаросува,0.1204
Ива Петреска,Создадена за живот,8,живост,0.1204
Ива Петреска,Создадена за живот,9,земање,0.1204
Ива Петреска,Создадена за живот,10,истрошен,0.1204
Ива Петреска,Создадена за царување,1,грешка,0.2454
Ива Петреска,Создадена за царување,2,војна,0.2292
Ива Петреска,Создадена за царување,3,нивен,0.1672
Ива Петреска,Создадена за царување,4,влезен,0.1596
Ива Петреска,Создадена за царување,5,договор,0.1596
Ива Петреска,Создадена за царување,6,закани,0.1596
Ива Петреска,Создадена за царување,7,изодев,0.1596
Ива Петреска,Создадена за царување,8,ишарав,0.1596
Ива Петреска,Создадена за царување,9,клетник,0.1596
Ива Петреска,Создадена за царување,10,објави,0.1596
Ива Петреска,Спасувачи,1,спасува,0.5335
Ива Петреска,Спасувачи,2,кал,0.1557
Ива Петреска,Спасувачи,3,приказна,0.1521
Ива Петреска,Спасувачи,4,жали,0.1504
Ива Петреска,Спасувачи,5,блато,0.1071
Ива Петреска,Спасувачи,6,ваји,0.1071
Ива Петреска,Спасувачи,7,вирче,0.1071
Ива Петреска,Спасувачи,8,давеник,0.1071
Ива Петреска,Спасувачи,9,емпатија,0.1071
Ива Петреска,Спасувачи,10,заките,0.1071
Ива Петреска,Твоето место не е тука,1,солен,0.2262
Ива Петреска,Твоето место не е тука,2,твој,0.2091
Ива Петреска,Твоето место не е тука,3,сол,0.2024
Ива Петреска,Твоето место не е тука,4,претвора,0.1955
Ива Петреска,Твоето место не е тука,5,сопствен,0.1726
Ива Петреска,Твоето место не е тука,6,дождлив,0.1393
Ива Петреска,Твоето место не е тука,7,магнолија,0.1393
Ива Петреска,Твоето место не е тука,8,огреане,0.1393
Ива Петреска,Твоето место не е тука,9,пердувест,0.1393
Ива Петреска,Твоето место не е тука,10,привремен,0.1393
Ива Петреска,Удобни грешки,1,призма,0.2169
Ива Петреска,Удобни грешки,2,мој,0.1878
Ива Петреска,Удобни грешки,3,спомена,0.1611
Ива Петреска,Удобни грешки,4,сега,0.1387
Ива Петреска,Удобни грешки,5,рана,0.1326
Ива Петреска,Удобни грешки,6,мирис,0.1319
Ива Петреска,Удобни грешки,7,болка,0.1252
Ива Петреска,Удобни грешки,8,најде,0.1226
Ива Петреска,Удобни грешки,9,рече,0.1197
Ива Петреска,Удобни грешки,10,воедно,0.1148
Ива Петреска,Храбри подвизи,1,сврти,0.2217
Ива Петреска,Храбри подвизи,2,бозел,0.1486
Ива Петреска,Храбри подвизи,3,излее,0.1486
Ива Петреска,Храбри подвизи,4,изникнам,0.1486
Ива Петреска,Храбри подвизи,5,изоден,0.1486
Ива Петреска,Храбри подвизи,6,клучен,0.1486
Ива Петреска,Храбри подвизи,7,натере,0.1486
Ива Петреска,Храбри подвизи,8,обели,0.1486
Ива Петреска,Храбри подвизи,9,опиум,0.1486
Ива Петреска,Храбри подвизи,10,отсрами,0.1486
Ива Петреска,Царство на ноќта,1,град,0.1581
Ива Петреска,Царство на ноќта,2,битисува,0.1555
Ива Петреска,Царство на ноќта,3,владетелка,0.1555
Ива Петреска,Царство на ноќта,4,монистра,0.1555
Ива Петреска,Царство на ноќта,5,настапи,0.1555
Ива Петреска,Царство на ноќта,6,натера,0.1555
Ива Петреска,Царство на ноќта,7,обиколува,0.1555
Ива Петреска,Царство на ноќта,8,опиплив,0.1555
Ива Петреска,Царство на ноќта,9,подарува,0.1555
Ива Петреска,Царство на ноќта,10,починување,0.1555
Игор Исаковски,Ќе спијам,1,кревет,0.4241
Игор Исаковски,Ќе спијам,2,спие,0.4057
Игор Исаковски,Ќе спијам,3,мој,0.2444
Игор Исаковски,Ќе спијам,4,полн,0.1553
Игор Исаковски,Ќе спијам,5,топол,0.1541
Игор Исаковски,Ќе спијам,6,вреда,0.1494
Игор Исаковски,Ќе спијам,7,катаклизам,0.1494
Игор Исаковски,Ќе спијам,8,нерешително,0.1494
Игор Исаковски,Ќе спијам,9,носница,0.1494
Игор Исаковски,Ќе спијам,10,претскажување,0.1494
Игор Исаковски,Ајде,1,тежок,0.2327
Игор Исаковски,Ајде,2,плови,0.2278
Игор Исаковски,Ајде,3,треба,0.2198
Игор Исаковски,Ајде,4,смее,0.1964
Игор Исаковски,Ајде,5,оган,0.173
Игор Исаковски,Ајде,6,прст,0.1669
Игор Исаковски,Ајде,7,здив,0.1534
Игор Исаковски,Ајде,8,измолкнува,0.1481
Игор Исаковски,Ајде,9,крволочен,0.1481
Игор Исаковски,Ајде,10,смеса,0.1481
Игор Исаковски,"Дожд, денеска",1,денески,0.6083
Игор Исаковски,"Дожд, денеска",2,дожд,0.4819
Игор Исаковски,"Дожд, денеска",3,врне,0.323
Игор Исаковски,"Дожд, денеска",4,добро,0.1259
Игор Исаковски,"Дожд, денеска",5,ситен,0.1259
Игор Исаковски,"Дожд, денеска",6,алчно,0.0973
Игор Исаковски,"Дожд, денеска",7,колежа,0.0973
Игор Исаковски,"Дожд, денеска",8,погребан,0.0973
Игор Исаковски,"Дожд, денеска",9,поп,0.0973
Игор Исаковски,"Дожд, денеска",10,роденден,0.0973
Игор Исаковски,Едно мало писмо,1,боли,0.4303
Игор Исаковски,Едно мало писмо,2,прашува,0.3074
Игор Исаковски,Едно мало писмо,3,издишка,0.2608
Игор Исаковски,Едно мало писмо,4,болка,0.2508
Игор Исаковски,Едно мало писмо,5,силно,0.1912
Игор Исаковски,Едно мало писмо,6,вели,0.1665
Игор Исаковски,Едно мало писмо,7,мисли,0.1587
Игор Исаковски,Едно мало писмо,8,издаде,0.1533
Игор Исаковски,Едно мало писмо,9,негира,0.1533
Игор Исаковски,Едно мало писмо,10,прашало,0.1533
Игор Исаковски,Залегнат врз стихови,1,стих,0.5673
Игор Исаковски,Залегнат врз стихови,2,пика,0.2951
Игор Исаковски,Залегнат врз стихови,3,златен,0.2765
Игор Исаковски,Залегнат врз стихови,4,насекаде,0.2216
Игор Исаковски,Залегнат врз стихови,5,нежен,0.2036
Игор Исаковски,Залегнат врз стихови,6,рибник,0.1561
Игор Исаковски,Залегнат врз стихови,7,чеша,0.1475
Игор Исаковски,Залегнат врз стихови,8,лижи,0.1414
Игор Исаковски,Залегнат врз стихови,9,лебде,0.1367
Игор Исаковски,Залегнат врз стихови,10,прашина,0.1329
Игор Исаковски,Како здив,1,засака,0.3845
Игор Исаковски,Како здив,2,безбеден,0.2674
Игор Исаковски,Како здив,3,плеска,0.2674
Игор Исаковски,Како здив,4,издишка,0.2407
Игор Исаковски,Како здив,5,каже,0.2276
Игор Исаковски,Како здив,6,посака,0.2056
Игор Исаковски,Како здив,7,плач,0.2031
Игор Исаковски,Како здив,8,сѐ,0.186
Игор Исаковски,Како здив,9,скриен,0.1765
Игор Исаковски,Како здив,10,здив,0.1465
Игор Исаковски,"Кршење, прекршување",1,багаж,0.2968
Игор Исаковски,"Кршење, прекршување",2,прекршува,0.2846
Игор Исаковски,"Кршење, прекршување",3,момент,0.25
Игор Исаковски,"Кршење, прекршување",4,воз,0.2312
Игор Исаковски,"Кршење, прекршување",5,доаѓа,0.1875
Игор Исаковски,"Кршење, прекршување",6,твој,0.1768
Игор Исаковски,"Кршење, прекршување",7,мисли,0.1626
Игор Исаковски,"Кршење, прекршување",8,клопоти,0.1571
Игор Исаковски,"Кршење, прекршување",9,ненајавен,0.1571
Игор Исаковски,"Кршење, прекршување",10,винож,0.1484
Игор Исаковски,Нека,1,око,0.2693
Игор Исаковски,Нека,2,пишува,0.2318
Игор Исаковски,Нека,3,само,0.1872
Игор Исаковски,Нека,4,непогода,0.1871
Игор Исаковски,Нека,5,полева,0.1871
Игор Исаковски,Нека,6,снајде,0.1871
Игор Исаковски,Нека,7,черечи,0.1871
Игор Исаковски,Нека,8,дувач,0.1768
Игор Исаковски,Нека,9,жолчка,0.1768
Игор Исаковски,Нека,10,оркестар,0.1768
Игор Исаковски,Непрекинливо движење,1,поезија,0.4341
Игор Исаковски,Непрекинливо движење,2,нарачува,0.2388
Игор Исаковски,Непрекинливо движење,3,дел,0.1981
Игор Исаковски,Непрекинливо движење,4,01:47,0.1363
Игор Исаковски,Непрекинливо движење,5,госпоѓа,0.1363
Игор Исаковски,Непрекинливо движење,6,разуздано,0.1363
Игор Исаковски,Непрекинливо движење,7,ресторан,0.1363
Игор Исаковски,Непрекинливо движење,8,сомот,0.1363
Игор Исаковски,Непрекинливо движење,9,штура,0.1363
Игор Исаковски,Непрекинливо движење,10,акорд,0.1288
Игор Исаковски,Ноќта добива крилја,1,калдрмисан,0.265
Игор Исаковски,Ноќта добива крилја,2,кларинет,0.265
Игор Исаковски,Ноќта добива крилја,3,портокалов,0.265
Игор Исаковски,Ноќта добива крилја,4,руменее,0.265
Игор Исаковски,Ноќта добива крилја,5,одлага,0.2504
Игор Исаковски,Ноќта добива крилја,6,уличка,0.2504
Игор Исаковски,Ноќта добива крилја,7,пречекори,0.2401
Игор Исаковски,Ноќта добива крилја,8,навева,0.2255
Игор Исаковски,Ноќта добива крилја,9,мирно,0.2109
Игор Исаковски,Ноќта добива крилја,10,тесен,0.2072
Игор Исаковски,Од сино кон црно,1,тера,0.3548
Игор Исаковски,Од сино кон црно,2,болскот,0.2185
Игор Исаковски,Од сино кон црно,3,двојност,0.2185
Игор Исаковски,Од сино кон црно,4,доликува,0.2185
Игор Исаковски,Од сино кон црно,5,наврти,0.2185
Игор Исаковски,Од сино кон црно,6,спотни,0.2185
Игор Исаковски,Од сино кон црно,7,вртлог,0.2065
Игор Исаковски,Од сино кон црно,8,најди,0.2065
Игор Исаковски,Од сино кон црно,9,прибери,0.2065
Игор Исаковски,Од сино кон црно,10,случаен,0.2065
Игор Исаковски,Племе од двајца,1,племе,0.2448
Игор Исаковски,Племе од двајца,2,лови,0.22
Игор Исаковски,Племе од двајца,3,тело,0.2094
Игор Исаковски,Племе од двајца,4,добро,0.1908
Игор Исаковски,Племе од двајца,5,долго,0.1713
Игор Исаковски,Племе од двајца,6,твој,0.166
Игор Исаковски,Племе од двајца,7,полн,0.1533
Игор Исаковски,Племе од двајца,8,доживеан,0.1475
Игор Исаковски,Племе од двајца,9,инстинктивно,0.1475
Игор Исаковски,Племе од двајца,10,навлече,0.1475
Игор Исаковски,Смртта има коса од морска трева,1,помислува,0.4013
Игор Исаковски,Смртта има коса од морска трева,2,често,0.3607
Игор Исаковски,Смртта има коса од морска трева,3,коса,0.1862
Игор Исаковски,Смртта има коса од морска трева,4,последен,0.1774
Игор Исаковски,Смртта има коса од морска трева,5,далеку,0.1751
Игор Исаковски,Смртта има коса од морска трева,6,шанк,0.1611
Игор Исаковски,Смртта има коса од морска трева,7,постава,0.1523
Игор Исаковски,Смртта има коса од морска трева,8,брада,0.146
Игор Исаковски,Смртта има коса од морска трева,9,исече,0.146
Игор Исаковски,Смртта има коса од морска трева,10,повреди,0.146
Игор Исаковски,Таа соба,1,соба,0.487
Игор Исаковски,Таа соба,2,звук,0.2886
Игор Исаковски,Таа соба,3,доаѓа,0.2852
Игор Исаковски,Таа соба,4,понесе,0.2411
Игор Исаковски,Таа соба,5,чад,0.219
Игор Исаковски,Таа соба,6,заедно,0.1948
Игор Исаковски,Таа соба,7,безумно,0.1592
Игор Исаковски,Таа соба,8,глечер,0.1592
Игор Исаковски,Таа соба,9,завршувавте,0.1592
Игор Исаковски,Таа соба,10,реченица,0.1505
Игор Исаковски,Те боли црната светлина што те очекува,1,боли,0.549
Игор Исаковски,Те боли црната светлина што те очекува,2,демон,0.4224
Игор Исаковски,Те боли црната светлина што те очекува,3,сопствен,0.1385
Игор Исаковски,Те боли црната светлина што те очекува,4,вечен,0.1319
Игор Исаковски,Те боли црната светлина што те очекува,5,сè,0.1316
Игор Исаковски,Те боли црната светлина што те очекува,6,последен,0.123
Игор Исаковски,Те боли црната светлина што те очекува,7,полн,0.1161
Игор Исаковски,Те боли црната светлина што те очекува,8,екстремитет,0.1117
Игор Исаковски,Те боли црната светлина што те очекува,9,кома,0.1117
Игор Исаковски,Те боли црната светлина што те очекува,10,надмен,0.1117
Катица Ќулавкова,"2077,1: ЕДЕН ДЕН ЗАЕДНО",1,дамка,0.2511
Катица Ќулавкова,"2077,1: ЕДЕН ДЕН ЗАЕДНО",2,ден,0.1708
Катица Ќулавкова,"2077,1: ЕДЕН ДЕН ЗАЕДНО",3,твој,0.1661
Катица Ќулавкова,"2077,1: ЕДЕН ДЕН ЗАЕДНО",4,варикина,0.1476
Катица Ќулавкова,"2077,1: ЕДЕН ДЕН ЗАЕДНО",5,инфантилен,0.1476
Катица Ќулавкова,"2077,1: ЕДЕН ДЕН ЗАЕДНО",6,кади,0.1476
Катица Ќулавкова,"2077,1: ЕДЕН ДЕН ЗАЕДНО",7,микроба,0.1476
Катица Ќулавкова,"2077,1: ЕДЕН ДЕН ЗАЕДНО",8,настојува,0.1476
Катица Ќулавкова,"2077,1: ЕДЕН ДЕН ЗАЕДНО",9,небиден,0.1476
Катица Ќулавкова,"2077,1: ЕДЕН ДЕН ЗАЕДНО",10,неискусен,0.1476
Катица Ќулавкова,CIRCULUS AMOROSIS,1,мора,0.3164
Катица Ќулавкова,CIRCULUS AMOROSIS,2,значи,0.1802
Катица Ќулавкова,CIRCULUS AMOROSIS,3,друг,0.1664
Катица Ќулавкова,CIRCULUS AMOROSIS,4,жена,0.1445
Катица Ќулавкова,CIRCULUS AMOROSIS,5,нејзин,0.1434
Катица Ќулавкова,CIRCULUS AMOROSIS,6,анонимен,0.1347
Катица Ќулавкова,CIRCULUS AMOROSIS,7,двојство,0.1347
Катица Ќулавкова,CIRCULUS AMOROSIS,8,карлица,0.1347
Катица Ќулавкова,CIRCULUS AMOROSIS,9,книшки,0.1347
Катица Ќулавкова,CIRCULUS AMOROSIS,10,метреса,0.1347
Катица Ќулавкова,IN ULTIMA LINEA,1,откаже,0.5038
Катица Ќулавкова,IN ULTIMA LINEA,2,значи,0.301
Катица Ќулавкова,IN ULTIMA LINEA,3,неделив,0.2251
Катица Ќулавкова,IN ULTIMA LINEA,4,речта,0.2251
Катица Ќулавкова,IN ULTIMA LINEA,5,осмислува,0.2127
Катица Ќулавкова,IN ULTIMA LINEA,6,приближи,0.2127
Катица Ќулавкова,IN ULTIMA LINEA,7,прикрива,0.2127
Катица Ќулавкова,IN ULTIMA LINEA,8,сподели,0.2127
Катица Ќулавкова,IN ULTIMA LINEA,9,одрече,0.2039
Катица Ќулавкова,IN ULTIMA LINEA,10,апсолутен,0.1915
Катица Ќулавкова,MAGNA CARTA,1,карта,0.2535
Катица Ќулавкова,MAGNA CARTA,2,мора,0.1935
Катица Ќулавкова,MAGNA CARTA,3,венеција,0.1648
Катица Ќулавкова,MAGNA CARTA,4,детал,0.1648
Катица Ќулавкова,MAGNA CARTA,5,долговочност,0.1648
Катица Ќулавкова,MAGNA CARTA,6,енциклопииа,0.1648
Катица Ќулавкова,MAGNA CARTA,7,меркур,0.1648
Катица Ќулавкова,MAGNA CARTA,8,морепло,0.1648
Катица Ќулавкова,MAGNA CARTA,9,неправилно,0.1648
Катица Ќулавкова,MAGNA CARTA,10,новоформиран,0.1648
Катица Ќулавкова,MISA CRIOLLA,1,ѕид,0.2219
Катица Ќулавкова,MISA CRIOLLA,2,credo,0.1294
Катица Ќулавкова,MISA CRIOLLA,3,kyrie,0.1294
Катица Ќулавкова,MISA CRIOLLA,4,анален,0.1294
Катица Ќулавкова,MISA CRIOLLA,5,визита,0.1294
Катица Ќулавкова,MISA CRIOLLA,6,графикон,0.1294
Катица Ќулавкова,MISA CRIOLLA,7,депортира,0.1294
Катица Ќулавкова,MISA CRIOLLA,8,задолжителен,0.1294
Катица Ќулавкова,MISA CRIOLLA,9,измаглица,0.1294
Катица Ќулавкова,MISA CRIOLLA,10,мотивира,0.1294
Катица Ќулавкова,VIA LASCIVA  1.,1,линија,0.3358
Катица Ќулавкова,VIA LASCIVA  1.,2,вратка,0.2339
Катица Ќулавкова,VIA LASCIVA  1.,3,извикан,0.2339
Катица Ќулавкова,VIA LASCIVA  1.,4,пс-с-с-с-т-тихо,0.2339
Катица Ќулавкова,VIA LASCIVA  1.,5,психо,0.2339
Катица Ќулавкова,VIA LASCIVA  1.,6,троен,0.221
Катица Ќулавкова,VIA LASCIVA  1.,7,венера,0.2119
Катица Ќулавкова,VIA LASCIVA  1.,8,одразува,0.2119
Катица Ќулавкова,VIA LASCIVA  1.,9,одраз,0.1941
Катица Ќулавкова,VIA LASCIVA  1.,10,одбива,0.1899
Катица Ќулавкова,VIA LASCIVA  2.,1,десен,0.3414
Катица Ќулавкова,VIA LASCIVA  2.,2,лев,0.3137
Катица Ќулавкова,VIA LASCIVA  2.,3,видар,0.2102
Катица Ќулавкова,VIA LASCIVA  2.,4,глаголлив,0.2102
Катица Ќулавкова,VIA LASCIVA  2.,5,лезен,0.2102
Катица Ќулавкова,VIA LASCIVA  2.,6,логос,0.2102
Катица Ќулавкова,VIA LASCIVA  2.,7,многуглав,0.2102
Катица Ќулавкова,VIA LASCIVA  2.,8,несовпагање,0.2102
Катица Ќулавкова,VIA LASCIVA  2.,9,одумрен,0.2102
Катица Ќулавкова,VIA LASCIVA  2.,10,поднебје,0.2102
Катица Ќулавкова,VIA LASCIVA  3.,1,карма,0.2478
Катица Ќулавкова,VIA LASCIVA  3.,2,крми,0.2478
Катица Ќулавкова,VIA LASCIVA  3.,3,поштеди,0.2478
Катица Ќулавкова,VIA LASCIVA  3.,4,расчекор,0.2478
Катица Ќулавкова,VIA LASCIVA  3.,5,нарушува,0.2342
Катица Ќулавкова,VIA LASCIVA  3.,6,изобилство,0.2245
Катица Ќулавкова,VIA LASCIVA  3.,7,совршенство,0.2245
Катица Ќулавкова,VIA LASCIVA  3.,8,стигнува,0.217
Катица Ќулавкова,VIA LASCIVA  3.,9,емоција,0.2109
Катица Ќулавкова,VIA LASCIVA  3.,10,инсект,0.2057
Катица Ќулавкова,VIA LASCIVA  4.,1,бит,0.3206
Катица Ќулавкова,VIA LASCIVA  4.,2,пресек,0.3206
Катица Ќулавкова,VIA LASCIVA  4.,3,усет,0.3206
Катица Ќулавкова,VIA LASCIVA  4.,4,дални,0.2905
Катица Ќулавкова,VIA LASCIVA  4.,5,излез,0.2808
Катица Ќулавкова,VIA LASCIVA  4.,6,совршен,0.2603
Катица Ќулавкова,VIA LASCIVA  4.,7,мерка,0.2552
Катица Ќулавкова,VIA LASCIVA  4.,8,битка,0.2506
Катица Ќулавкова,VIA LASCIVA  4.,9,крст,0.2427
Катица Ќулавкова,VIA LASCIVA  4.,10,закон,0.2392
Катица Ќулавкова,VIA LASCIVA  5.,1,предмет,0.2557
Катица Ќулавкова,VIA LASCIVA  5.,2,мора,0.2245
Катица Ќулавкова,VIA LASCIVA  5.,3,амор,0.1912
Катица Ќулавкова,VIA LASCIVA  5.,4,вешто,0.1912
Катица Ќулавкова,VIA LASCIVA  5.,5,марсов,0.1912
Катица Ќулавкова,VIA LASCIVA  5.,6,наречја,0.1912
Катица Ќулавкова,VIA LASCIVA  5.,7,симболика,0.1912
Катица Ќулавкова,VIA LASCIVA  5.,8,срамниче-трепетлика,0.1912
Катица Ќулавкова,VIA LASCIVA  5.,9,стрепи,0.1912
Катица Ќулавкова,VIA LASCIVA  5.,10,судбата-нарето,0.1912
Катица Ќулавкова,XXX,1,успокои,0.3281
Катица Ќулавкова,XXX,2,може,0.2909
Катица Ќулавкова,XXX,3,дочек,0.1641
Катица Ќулавкова,XXX,4,живописен,0.1641
Катица Ќулавкова,XXX,5,крајбрежи,0.1641
Катица Ќулавкова,XXX,6,несебично,0.1641
Катица Ќулавкова,XXX,7,опколен,0.1641
Катица Ќулавкова,XXX,8,сотка,0.1641
Катица Ќулавкова,XXX,9,достатен,0.155
Катица Ќулавкова,XXX,10,залив,0.155
Катица Ќулавкова,Αταραξια,1,слобода,0.1412
Катица Ќулавкова,Αταραξια,2,annaeus,0.1222
Катица Ќулавкова,Αταραξια,3,lucius,0.1222
Катица Ќулавкова,Αταραξια,4,seneca,0.1222
Катица Ќулавкова,Αταραξια,5,азур,0.1222
Катица Ќулавкова,Αταραξια,6,бивш,0.1222
Катица Ќулавкова,Αταραξια,7,вовед,0.1222
Катица Ќулавкова,Αταραξια,8,делува,0.1222
Катица Ќулавкова,Αταραξια,9,за-бавен,0.1222
Катица Ќулавкова,Αταραξια,10,завера,0.1222
Катица Ќулавкова,ЈАЗИЧНИК,1,каже,0.3625
Катица Ќулавкова,ЈАЗИЧНИК,2,зло,0.2642
Катица Ќулавкова,ЈАЗИЧНИК,3,име,0.1904
Катица Ќулавкова,ЈАЗИЧНИК,4,јазик,0.186
Катица Ќулавкова,ЈАЗИЧНИК,5,прави,0.1763
Катица Ќулавкова,ЈАЗИЧНИК,6,зловолја,0.169
Катица Ќулавкова,ЈАЗИЧНИК,7,истребува,0.169
Катица Ќулавкова,ЈАЗИЧНИК,8,крстен,0.169
Катица Ќулавкова,ЈАЗИЧНИК,9,недоречен,0.169
Катица Ќулавкова,ЈАЗИЧНИК,10,огреши,0.169
Катица Ќулавкова,ЈАСТРЕБ И СЕНКА,1,јастреб,0.3361
Катица Ќулавкова,ЈАСТРЕБ И СЕНКА,2,врти,0.146
Катица Ќулавкова,ЈАСТРЕБ И СЕНКА,3,сети,0.1392
Катица Ќулавкова,ЈАСТРЕБ И СЕНКА,4,дно,0.1329
Катица Ќулавкова,ЈАСТРЕБ И СЕНКА,5,миг,0.1272
Катица Ќулавкова,ЈАСТРЕБ И СЕНКА,6,безмерност,0.1186
Катица Ќулавкова,ЈАСТРЕБ И СЕНКА,7,залудност,0.1186
Катица Ќулавкова,ЈАСТРЕБ И СЕНКА,8,зодијак,0.1186
Катица Ќулавкова,ЈАСТРЕБ И СЕНКА,9,набо,0.1186
Катица Ќулавкова,ЈАСТРЕБ И СЕНКА,10,нагли,0.1186
Катица Ќулавкова,ЏОРДАНО БРУНО: „Ние сме веќе на небо“,1,врти,0.1533
Катица Ќулавкова,ЏОРДАНО БРУНО: „Ние сме веќе на небо“,2,црвен,0.147
Катица Ќулавкова,ЏОРДАНО БРУНО: „Ние сме веќе на небо“,3,можеби,0.1403
Катица Ќулавкова,ЏОРДАНО БРУНО: „Ние сме веќе на небо“,4,infinito,0.1245
Катица Ќулавкова,ЏОРДАНО БРУНО: „Ние сме веќе на небо“,5,вклопува,0.1245
Катица Ќулавкова,ЏОРДАНО БРУНО: „Ние сме веќе на небо“,6,гуска,0.1245
Катица Ќулавкова,ЏОРДАНО БРУНО: „Ние сме веќе на небо“,7,дијабола,0.1245
Катица Ќулавкова,ЏОРДАНО БРУНО: „Ние сме веќе на небо“,8,егзактност,0.1245
Катица Ќулавкова,ЏОРДАНО БРУНО: „Ние сме веќе на небо“,9,еретица,0.1245
Катица Ќулавкова,ЏОРДАНО БРУНО: „Ние сме веќе на небо“,10,забран,0.1245
Катица Ќулавкова,АДАЏО: ТРЕВОГА,1,анестезија,0.197
Катица Ќулавкова,АДАЏО: ТРЕВОГА,2,дефинитивно,0.197
Катица Ќулавкова,АДАЏО: ТРЕВОГА,3,злојасен,0.197
Катица Ќулавкова,АДАЏО: ТРЕВОГА,4,карантин,0.197
Катица Ќулавкова,АДАЏО: ТРЕВОГА,5,киретажа,0.197
Катица Ќулавкова,АДАЏО: ТРЕВОГА,6,клепсидро,0.197
Катица Ќулавкова,АДАЏО: ТРЕВОГА,7,кратко,0.197
Катица Ќулавкова,АДАЏО: ТРЕВОГА,8,маестро,0.197
Катица Ќулавкова,АДАЏО: ТРЕВОГА,9,миродија,0.197
Катица Ќулавкова,АДАЏО: ТРЕВОГА,10,пинцета,0.197
Катица Ќулавкова,АЛЕКСАНДРИСКИ СИНДРОМ,1,историски,0.2078
Катица Ќулавкова,АЛЕКСАНДРИСКИ СИНДРОМ,2,поетски,0.1992
Катица Ќулавкова,АЛЕКСАНДРИСКИ СИНДРОМ,3,стварност,0.1598
Катица Ќулавкова,АЛЕКСАНДРИСКИ СИНДРОМ,4,минато,0.1512
Катица Ќулавкова,АЛЕКСАНДРИСКИ СИНДРОМ,5,поет,0.1445
Катица Ќулавкова,АЛЕКСАНДРИСКИ СИНДРОМ,6,свој,0.122
Катица Ќулавкова,АЛЕКСАНДРИСКИ СИНДРОМ,7,биографија,0.1099
Катица Ќулавкова,АЛЕКСАНДРИСКИ СИНДРОМ,8,византиски,0.1099
Катица Ќулавкова,АЛЕКСАНДРИСКИ СИНДРОМ,9,грчко-римски,0.1099
Катица Ќулавкова,АЛЕКСАНДРИСКИ СИНДРОМ,10,двополност,0.1099
Катица Ќулавкова,БЛЕФ: КОЦКА,1,мој,0.2284
Катица Ќулавкова,БЛЕФ: КОЦКА,2,крив,0.2107
Катица Ќулавкова,БЛЕФ: КОЦКА,3,рамен,0.1517
Катица Ќулавкова,БЛЕФ: КОЦКА,4,жена,0.1248
Катица Ќулавкова,БЛЕФ: КОЦКА,5,дупне,0.1163
Катица Ќулавкова,БЛЕФ: КОЦКА,6,ефемерен,0.1163
Катица Ќулавкова,БЛЕФ: КОЦКА,7,извлекува,0.1163
Катица Ќулавкова,БЛЕФ: КОЦКА,8,инат,0.1163
Катица Ќулавкова,БЛЕФ: КОЦКА,9,колебање,0.1163
Катица Ќулавкова,БЛЕФ: КОЦКА,10,кутивче,0.1163
Катица Ќулавкова,"ВРЕМИЊА, ОБИЧАИ",1,вистина,0.2588
Катица Ќулавкова,"ВРЕМИЊА, ОБИЧАИ",2,доста,0.2441
Катица Ќулавкова,"ВРЕМИЊА, ОБИЧАИ",3,потем,0.2173
Катица Ќулавкова,"ВРЕМИЊА, ОБИЧАИ",4,првин,0.1859
Катица Ќулавкова,"ВРЕМИЊА, ОБИЧАИ",5,млад,0.1143
Катица Ќулавкова,"ВРЕМИЊА, ОБИЧАИ",6,агор,0.112
Катица Ќулавкова,"ВРЕМИЊА, ОБИЧАИ",7,амфитеатер,0.112
Катица Ќулавкова,"ВРЕМИЊА, ОБИЧАИ",8,аристократ,0.112
Катица Ќулавкова,"ВРЕМИЊА, ОБИЧАИ",9,атењан,0.112
Катица Ќулавкова,"ВРЕМИЊА, ОБИЧАИ",10,аул,0.112
Катица Ќулавкова,ГОСПОДАР,1,господар,0.2814
Катица Ќулавкова,ГОСПОДАР,2,небесен,0.2074
Катица Ќулавкова,ГОСПОДАР,3,снег,0.1857
Катица Ќулавкова,ГОСПОДАР,4,воз-дух,0.1695
Катица Ќулавкова,ГОСПОДАР,5,газда,0.1695
Катица Ќулавкова,ГОСПОДАР,6,з-рак,0.1695
Катица Ќулавкова,ГОСПОДАР,7,кобила,0.1695
Катица Ќулавкова,ГОСПОДАР,8,маргина,0.1695
Катица Ќулавкова,ГОСПОДАР,9,марина,0.1695
Катица Ќулавкова,ГОСПОДАР,10,наслушне,0.1695
Катица Ќулавкова,ДИВА МИСЛА,1,стрела,0.2403
Катица Ќулавкова,ДИВА МИСЛА,2,лов,0.1954
Катица Ќулавкова,ДИВА МИСЛА,3,суштество,0.1954
Катица Ќулавкова,ДИВА МИСЛА,4,животно,0.1665
Катица Ќулавкова,ДИВА МИСЛА,5,свој,0.1238
Катица Ќулавкова,ДИВА МИСЛА,6,жена,0.1197
Катица Ќулавкова,ДИВА МИСЛА,7,бедра,0.1116
Катица Ќулавкова,ДИВА МИСЛА,8,бизон,0.1116
Катица Ќулавкова,ДИВА МИСЛА,9,бистроока,0.1116
Катица Ќулавкова,ДИВА МИСЛА,10,возвратен,0.1116
Катица Ќулавкова,ДРАМА,1,можеби,0.214
Катица Ќулавкова,ДРАМА,2,трага,0.1602
Катица Ќулавкова,ДРАМА,3,ист,0.1387
Катица Ќулавкова,ДРАМА,4,vitus,0.1266
Катица Ќулавкова,ДРАМА,5,гиздаво,0.1266
Катица Ќулавкова,ДРАМА,6,гини-вода,0.1266
Катица Ќулавкова,ДРАМА,7,када,0.1266
Катица Ќулавкова,ДРАМА,8,мирудија,0.1266
Катица Ќулавкова,ДРАМА,9,млазив,0.1266
Катица Ќулавкова,ДРАМА,10,незнабожно,0.1266
Катица Ќулавкова,ЕЛЕГИЈА,1,првпат,0.2305
Катица Ќулавкова,ЕЛЕГИЈА,2,безрезервно,0.1586
Катица Ќулавкова,ЕЛЕГИЈА,3,воспее,0.1586
Катица Ќулавкова,ЕЛЕГИЈА,4,вљубува,0.1586
Катица Ќулавкова,ЕЛЕГИЈА,5,додета,0.1586
Катица Ќулавкова,ЕЛЕГИЈА,6,мекање,0.1586
Катица Ќулавкова,ЕЛЕГИЈА,7,мореѓго,0.1586
Катица Ќулавкова,ЕЛЕГИЈА,8,ненависен,0.1586
Катица Ќулавкова,ЕЛЕГИЈА,9,опсадно,0.1586
Катица Ќулавкова,ЕЛЕГИЈА,10,остроумен,0.1586
Катица Ќулавкова,ЖЕДБА: СМРТ,1,господине,0.2815
Катица Ќулавкова,ЖЕДБА: СМРТ,2,признае,0.1877
Катица Ќулавкова,ЖЕДБА: СМРТ,3,враќање,0.1592
Катица Ќулавкова,ЖЕДБА: СМРТ,4,глад,0.1505
Катица Ќулавкова,ЖЕДБА: СМРТ,5,кајшто,0.1505
Катица Ќулавкова,ЖЕДБА: СМРТ,6,живее,0.1102
Катица Ќулавкова,ЖЕДБА: СМРТ,7,безгранично,0.1036
Катица Ќулавкова,ЖЕДБА: СМРТ,8,величина,0.1036
Катица Ќулавкова,ЖЕДБА: СМРТ,9,едноподруго,0.1036
Катица Ќулавкова,ЖЕДБА: СМРТ,10,загушен,0.1036
Катица Ќулавкова,ЗАЕДНИЧКИ ЖИВОТ,1,маж,0.179
Катица Ќулавкова,ЗАЕДНИЧКИ ЖИВОТ,2,нејзин,0.1398
Катица Ќулавкова,ЗАЕДНИЧКИ ЖИВОТ,3,безвластие,0.1314
Катица Ќулавкова,ЗАЕДНИЧКИ ЖИВОТ,4,верски,0.1314
Катица Ќулавкова,ЗАЕДНИЧКИ ЖИВОТ,5,декор,0.1314
Катица Ќулавкова,ЗАЕДНИЧКИ ЖИВОТ,6,замери,0.1314
Катица Ќулавкова,ЗАЕДНИЧКИ ЖИВОТ,7,иднииа,0.1314
Катица Ќулавкова,ЗАЕДНИЧКИ ЖИВОТ,8,крица,0.1314
Катица Ќулавкова,ЗАЕДНИЧКИ ЖИВОТ,9,марс,0.1314
Катица Ќулавкова,ЗАЕДНИЧКИ ЖИВОТ,10,мрзоволно,0.1314
Катица Ќулавкова,ЗМИИ И ЈАГОДИ,1,јагод,0.25
Катица Ќулавкова,ЗМИИ И ЈАГОДИ,2,кајшто,0.1816
Катица Ќулавкова,ЗМИИ И ЈАГОДИ,3,врел,0.1581
Катица Ќулавкова,ЗМИИ И ЈАГОДИ,4,див,0.1539
Катица Ќулавкова,ЗМИИ И ЈАГОДИ,5,влекач,0.125
Катица Ќулавкова,ЗМИИ И ЈАГОДИ,6,вовре,0.125
Катица Ќулавкова,ЗМИИ И ЈАГОДИ,7,деши,0.125
Катица Ќулавкова,ЗМИИ И ЈАГОДИ,8,задлабочува,0.125
Катица Ќулавкова,ЗМИИ И ЈАГОДИ,9,затишје,0.125
Катица Ќулавкова,ЗМИИ И ЈАГОДИ,10,на-една-душа,0.125
Катица Ќулавкова,Исповед,1,стих,0.3527
Катица Ќулавкова,Исповед,2,добар,0.198
Катица Ќулавкова,Исповед,3,збувне,0.1618
Катица Ќулавкова,Исповед,4,изгмечен,0.1618
Катица Ќулавкова,Исповед,5,клацкан,0.1618
Катица Ќулавкова,Исповед,6,прекипели,0.1618
Катица Ќулавкова,Исповед,7,суфлира,0.1618
Катица Ќулавкова,Исповед,8,увеличува,0.1618
Катица Ќулавкова,Исповед,9,шампањски,0.1618
Катица Ќулавкова,Исповед,10,измислува,0.1529
Катица Ќулавкова,КРИВО ВРЕМЕ,1,крив,0.297
Катица Ќулавкова,КРИВО ВРЕМЕ,2,ризик,0.297
Катица Ќулавкова,КРИВО ВРЕМЕ,3,вртоломно,0.1639
Катица Ќулавкова,КРИВО ВРЕМЕ,4,едон,0.1639
Катица Ќулавкова,КРИВО ВРЕМЕ,5,икр,0.1639
Катица Ќулавкова,КРИВО ВРЕМЕ,6,медуза,0.1639
Катица Ќулавкова,КРИВО ВРЕМЕ,7,надворешен,0.1639
Катица Ќулавкова,КРИВО ВРЕМЕ,8,нептун,0.1639
Катица Ќулавкова,КРИВО ВРЕМЕ,9,располутен,0.1639
Катица Ќулавкова,КРИВО ВРЕМЕ,10,севишен,0.1639
Катица Ќулавкова,МЕТАФИЗИЧКИ НЕМИР,1,твој,0.2275
Катица Ќулавкова,МЕТАФИЗИЧКИ НЕМИР,2,аскеза,0.1515
Катица Ќулавкова,МЕТАФИЗИЧКИ НЕМИР,3,глаголски,0.1515
Катица Ќулавкова,МЕТАФИЗИЧКИ НЕМИР,4,глинен,0.1515
Катица Ќулавкова,МЕТАФИЗИЧКИ НЕМИР,5,гребнатинка,0.1515
Катица Ќулавкова,МЕТАФИЗИЧКИ НЕМИР,6,жигосан,0.1515
Катица Ќулавкова,МЕТАФИЗИЧКИ НЕМИР,7,клесан,0.1515
Катица Ќулавкова,МЕТАФИЗИЧКИ НЕМИР,8,метафизички,0.1515
Катица Ќулавкова,МЕТАФИЗИЧКИ НЕМИР,9,обоен,0.1515
Катица Ќулавкова,МЕТАФИЗИЧКИ НЕМИР,10,обол,0.1515
Катица Ќулавкова,МИРИЗЛИВОТО ПИСМО НА ПИСАРОТ,1,апсида,0.1477
Катица Ќулавкова,МИРИЗЛИВОТО ПИСМО НА ПИСАРОТ,2,вперен,0.1477
Катица Ќулавкова,МИРИЗЛИВОТО ПИСМО НА ПИСАРОТ,3,дојди,0.1477
Катица Ќулавкова,МИРИЗЛИВОТО ПИСМО НА ПИСАРОТ,4,желание,0.1477
Катица Ќулавкова,МИРИЗЛИВОТО ПИСМО НА ПИСАРОТ,5,запечатив,0.1477
Катица Ќулавкова,МИРИЗЛИВОТО ПИСМО НА ПИСАРОТ,6,кошара,0.1477
Катица Ќулавкова,МИРИЗЛИВОТО ПИСМО НА ПИСАРОТ,7,лепак,0.1477
Катица Ќулавкова,МИРИЗЛИВОТО ПИСМО НА ПИСАРОТ,8,матарка,0.1477
Катица Ќулавкова,МИРИЗЛИВОТО ПИСМО НА ПИСАРОТ,9,матицо,0.1477
Катица Ќулавкова,МИРИЗЛИВОТО ПИСМО НА ПИСАРОТ,10,незаштитен,0.1477
Катица Ќулавкова,МИРИСОТ НА СМРЧКИТЕ,1,смрчка,0.4768
Катица Ќулавкова,МИРИСОТ НА СМРЧКИТЕ,2,мириси,0.3179
Катица Ќулавкова,МИРИСОТ НА СМРЧКИТЕ,3,заграден,0.3048
Катица Ќулавкова,МИРИСОТ НА СМРЧКИТЕ,4,татко,0.2045
Катица Ќулавкова,МИРИСОТ НА СМРЧКИТЕ,5,ствара,0.1682
Катица Ќулавкова,МИРИСОТ НА СМРЧКИТЕ,6,пладенет,0.1589
Катица Ќулавкова,МИРИСОТ НА СМРЧКИТЕ,7,настан,0.1524
Катица Ќулавкова,МИРИСОТ НА СМРЧКИТЕ,8,отсега,0.1524
Катица Ќулавкова,МИРИСОТ НА СМРЧКИТЕ,9,јасник,0.1524
Катица Ќулавкова,МИРИСОТ НА СМРЧКИТЕ,10,поминат,0.1473
Катица Ќулавкова,МОЖНОСТ ЗА ПЕСНА,1,можност,0.1827
Катица Ќулавкова,МОЖНОСТ ЗА ПЕСНА,2,последен,0.1263
Катица Ќулавкова,МОЖНОСТ ЗА ПЕСНА,3,бетерфла,0.1148
Катица Ќулавкова,МОЖНОСТ ЗА ПЕСНА,4,благоглаголлив,0.1148
Катица Ќулавкова,МОЖНОСТ ЗА ПЕСНА,5,главечки,0.1148
Катица Ќулавкова,МОЖНОСТ ЗА ПЕСНА,6,дефиниција,0.1148
Катица Ќулавкова,МОЖНОСТ ЗА ПЕСНА,7,ждрела,0.1148
Катица Ќулавкова,МОЖНОСТ ЗА ПЕСНА,8,залих,0.1148
Катица Ќулавкова,МОЖНОСТ ЗА ПЕСНА,9,заповеден,0.1148
Катица Ќулавкова,МОЖНОСТ ЗА ПЕСНА,10,збрчкува,0.1148
Катица Ќулавкова,МРАВКИ,1,пукнатинка,0.3026
Катица Ќулавкова,МРАВКИ,2,гадинка,0.1513
Катица Ќулавкова,МРАВКИ,3,дов,0.1513
Катица Ќулавкова,МРАВКИ,4,зазеде,0.1513
Катица Ќулавкова,МРАВКИ,5,здивевте,0.1513
Катица Ќулавкова,МРАВКИ,6,изодивте,0.1513
Катица Ќулавкова,МРАВКИ,7,киселина,0.1513
Катица Ќулавкова,МРАВКИ,8,лазење,0.1513
Катица Ќулавкова,МРАВКИ,9,напоивте,0.1513
Катица Ќулавкова,МРАВКИ,10,наситивте,0.1513
Катица Ќулавкова,МРТОВ ЈАЗИК,1,јазик,0.3249
Катица Ќулавкова,МРТОВ ЈАЗИК,2,народ,0.1817
Катица Ќулавкова,МРТОВ ЈАЗИК,3,ист,0.1078
Катица Ќулавкова,МРТОВ ЈАЗИК,4,великодостоен,0.0984
Катица Ќулавкова,МРТОВ ЈАЗИК,5,вулгарен,0.0984
Катица Ќулавкова,МРТОВ ЈАЗИК,6,грозевме,0.0984
Катица Ќулавкова,МРТОВ ЈАЗИК,7,додежи,0.0984
Катица Ќулавкова,МРТОВ ЈАЗИК,8,идеологија,0.0984
Катица Ќулавкова,МРТОВ ЈАЗИК,9,книжевност,0.0984
Катица Ќулавкова,МРТОВ ЈАЗИК,10,мекоплотен,0.0984
Катица Ќулавкова,НА МОЈАТА МИСЛА МИСАЛ,1,посредство,0.2973
Катица Ќулавкова,НА МОЈАТА МИСЛА МИСАЛ,2,претсгавник,0.2973
Катица Ќулавкова,НА МОЈАТА МИСЛА МИСАЛ,3,соочување,0.2973
Катица Ќулавкова,НА МОЈАТА МИСЛА МИСАЛ,4,доаѓи,0.281
Катица Ќулавкова,НА МОЈАТА МИСЛА МИСАЛ,5,тивкост,0.281
Катица Ќулавкова,НА МОЈАТА МИСЛА МИСАЛ,6,пишување,0.2694
Катица Ќулавкова,НА МОЈАТА МИСЛА МИСАЛ,7,префрли,0.2604
Катица Ќулавкова,НА МОЈАТА МИСЛА МИСАЛ,8,восхитува,0.253
Катица Ќулавкова,НА МОЈАТА МИСЛА МИСАЛ,9,глагол,0.253
Катица Ќулавкова,НА МОЈАТА МИСЛА МИСАЛ,10,доволен,0.2414
Катица Ќулавкова,ОБЕЛИСК,1,обелиски,0.3208
Катица Ќулавкова,ОБЕЛИСК,2,горешто,0.1604
Катица Ќулавкова,ОБЕЛИСК,3,куросе,0.1604
Катица Ќулавкова,ОБЕЛИСК,4,недопирлив,0.1604
Катица Ќулавкова,ОБЕЛИСК,5,обрезан,0.1604
Катица Ќулавкова,ОБЕЛИСК,6,одрази,0.1604
Катица Ќулавкова,ОБЕЛИСК,7,опсенат,0.1604
Катица Ќулавкова,ОБЕЛИСК,8,похо,0.1604
Катица Ќулавкова,ОБЕЛИСК,9,преслика,0.1604
Катица Ќулавкова,ОБЕЛИСК,10,смртност,0.1604
Катица Ќулавкова,ОГНИШТЕ,1,збор,0.334
Катица Ќулавкова,ОГНИШТЕ,2,архи-медов,0.1671
Катица Ќулавкова,ОГНИШТЕ,3,збор-боринка,0.1671
Катица Ќулавкова,ОГНИШТЕ,4,огин-и-ништо,0.1671
Катица Ќулавкова,ОГНИШТЕ,5,озрачен,0.1671
Катица Ќулавкова,ОГНИШТЕ,6,попрскува,0.1671
Катица Ќулавкова,ОГНИШТЕ,7,привидува,0.1671
Катица Ќулавкова,ОГНИШТЕ,8,бесрамен,0.1579
Катица Ќулавкова,ОГНИШТЕ,9,нектар,0.1579
Катица Ќулавкова,ОГНИШТЕ,10,огрева,0.1579
Катица Ќулавкова,ОДБРАНИ СРЕДСТВА,1,час,0.1617
Катица Ќулавкова,ОДБРАНИ СРЕДСТВА,2,време,0.1561
Катица Ќулавкова,ОДБРАНИ СРЕДСТВА,3,долго,0.1554
Катица Ќулавкова,ОДБРАНИ СРЕДСТВА,4,миг,0.1435
Катица Ќулавкова,ОДБРАНИ СРЕДСТВА,5,двоуми,0.1338
Катица Ќулавкова,ОДБРАНИ СРЕДСТВА,6,задоволство,0.1338
Катица Ќулавкова,ОДБРАНИ СРЕДСТВА,7,излеве,0.1338
Катица Ќулавкова,ОДБРАНИ СРЕДСТВА,8,изјаснува,0.1338
Катица Ќулавкова,ОДБРАНИ СРЕДСТВА,9,исказ,0.1338
Катица Ќулавкова,ОДБРАНИ СРЕДСТВА,10,маркиз,0.1338
Катица Ќулавкова,ОПОР РЕЗ,1,згрутчи,0.2598
Катица Ќулавкова,ОПОР РЕЗ,2,одблесне,0.2598
Катица Ќулавкова,ОПОР РЕЗ,3,простран,0.2598
Катица Ќулавкова,ОПОР РЕЗ,4,ролетена,0.2598
Катица Ќулавкова,ОПОР РЕЗ,5,срдит,0.2598
Катица Ќулавкова,ОПОР РЕЗ,6,икра,0.2455
Катица Ќулавкова,ОПОР РЕЗ,7,афион,0.2353
Катица Ќулавкова,ОПОР РЕЗ,8,згрчи,0.2353
Катица Ќулавкова,ОПОР РЕЗ,9,острица,0.2353
Катица Ќулавкова,ОПОР РЕЗ,10,пресече,0.2353
Катица Ќулавкова,ОСМА: КУЌА НА СМРТТА,1,сонце,0.1764
Катица Ќулавкова,ОСМА: КУЌА НА СМРТТА,2,куќа,0.1594
Катица Ќулавкова,ОСМА: КУЌА НА СМРТТА,3,смрт,0.1444
Катица Ќулавкова,ОСМА: КУЌА НА СМРТТА,4,scorpio,0.1435
Катица Ќулавкова,ОСМА: КУЌА НА СМРТТА,5,беспрекорно,0.1435
Катица Ќулавкова,ОСМА: КУЌА НА СМРТТА,6,дотура,0.1435
Катица Ќулавкова,ОСМА: КУЌА НА СМРТТА,7,занатски,0.1435
Катица Ќулавкова,ОСМА: КУЌА НА СМРТТА,8,занемари,0.1435
Катица Ќулавкова,ОСМА: КУЌА НА СМРТТА,9,заташка,0.1435
Катица Ќулавкова,ОСМА: КУЌА НА СМРТТА,10,затемнува,0.1435
Катица Ќулавкова,Ода на македонскиот јазик,1,јазик,0.4281
Катица Ќулавкова,Ода на македонскиот јазик,2,некогаш,0.1891
Катица Ќулавкова,Ода на македонскиот јазик,3,твој,0.1751
Катица Ќулавкова,Ода на македонскиот јазик,4,јазику,0.1556
Катица Ќулавкова,Ода на македонскиот јазик,5,битие,0.1362
Катица Ќулавкова,Ода на македонскиот јазик,6,сега,0.1254
Катица Ќулавкова,Ода на македонскиот јазик,7,премногу,0.1117
Катица Ќулавкова,Ода на македонскиот јазик,8,денес,0.104
Катица Ќулавкова,Ода на македонскиот јазик,9,агон,0.0778
Катица Ќулавкова,Ода на македонскиот јазик,10,англиски,0.0778
Катица Ќулавкова,ПАСИЈА ПО ПЕСОТ,1,планина,0.1746
Катица Ќулавкова,ПАСИЈА ПО ПЕСОТ,2,врати,0.165
Катица Ќулавкова,ПАСИЈА ПО ПЕСОТ,3,дробно,0.1634
Катица Ќулавкова,ПАСИЈА ПО ПЕСОТ,4,ече,0.1634
Катица Ќулавкова,ПАСИЈА ПО ПЕСОТ,5,напои,0.1634
Катица Ќулавкова,ПАСИЈА ПО ПЕСОТ,6,одекне,0.1634
Катица Ќулавкова,ПАСИЈА ПО ПЕСОТ,7,окутрен,0.1634
Катица Ќулавкова,ПАСИЈА ПО ПЕСОТ,8,песу,0.1634
Катица Ќулавкова,ПАСИЈА ПО ПЕСОТ,9,предолго,0.1634
Катица Ќулавкова,ПАСИЈА ПО ПЕСОТ,10,ублажи,0.1634
Катица Ќулавкова,ПОЕТСКА РЕЧ,1,поезија,0.2816
Катица Ќулавкова,ПОЕТСКА РЕЧ,2,декемвриски,0.1769
Катица Ќулавкова,ПОЕТСКА РЕЧ,3,железнички,0.1769
Катица Ќулавкова,ПОЕТСКА РЕЧ,4,изусти,0.1769
Катица Ќулавкова,ПОЕТСКА РЕЧ,5,местимично,0.1769
Катица Ќулавкова,ПОЕТСКА РЕЧ,6,можаби,0.1769
Катица Ќулавкова,ПОЕТСКА РЕЧ,7,опстане,0.1769
Катица Ќулавкова,ПОЕТСКА РЕЧ,8,парабола,0.1769
Катица Ќулавкова,ПОЕТСКА РЕЧ,9,поаѓа,0.1769
Катица Ќулавкова,ПОЕТСКА РЕЧ,10,препорака,0.1769
Катица Ќулавкова,ПРВО СОНЦЕ: SAGITARIUS,1,белосветски,0.1464
Катица Ќулавкова,ПРВО СОНЦЕ: SAGITARIUS,2,беспримерен,0.1464
Катица Ќулавкова,ПРВО СОНЦЕ: SAGITARIUS,3,евакуација,0.1464
Катица Ќулавкова,ПРВО СОНЦЕ: SAGITARIUS,4,ежедневен,0.1464
Катица Ќулавкова,ПРВО СОНЦЕ: SAGITARIUS,5,еклиптика,0.1464
Катица Ќулавкова,ПРВО СОНЦЕ: SAGITARIUS,6,жиг,0.1464
Катица Ќулавкова,ПРВО СОНЦЕ: SAGITARIUS,7,краткоденица,0.1464
Катица Ќулавкова,ПРВО СОНЦЕ: SAGITARIUS,8,култ,0.1464
Катица Ќулавкова,ПРВО СОНЦЕ: SAGITARIUS,9,либидо,0.1464
Катица Ќулавкова,ПРВО СОНЦЕ: SAGITARIUS,10,невозвратен,0.1464
Катица Ќулавкова,ПРЕДВРЕМЕНО БУДЕЊЕ,1,вишок,0.291
Катица Ќулавкова,ПРЕДВРЕМЕНО БУДЕЊЕ,2,небаре,0.1963
Катица Ќулавкова,ПРЕДВРЕМЕНО БУДЕЊЕ,3,детство,0.1913
Катица Ќулавкова,ПРЕДВРЕМЕНО БУДЕЊЕ,4,душник,0.1455
Катица Ќулавкова,ПРЕДВРЕМЕНО БУДЕЊЕ,5,измена,0.1455
Катица Ќулавкова,ПРЕДВРЕМЕНО БУДЕЊЕ,6,несопирливо,0.1455
Катица Ќулавкова,ПРЕДВРЕМЕНО БУДЕЊЕ,7,одлив,0.1455
Катица Ќулавкова,ПРЕДВРЕМЕНО БУДЕЊЕ,8,поистоветува,0.1455
Катица Ќулавкова,ПРЕДВРЕМЕНО БУДЕЊЕ,9,ровко,0.1455
Катица Ќулавкова,ПРЕДВРЕМЕНО БУДЕЊЕ,10,финеганов,0.1455
Катица Ќулавкова,ПРЕРОДБА,1,везир,0.1975
Катица Ќулавкова,ПРЕРОДБА,2,љубезен,0.1975
Катица Ќулавкова,ПРЕРОДБА,3,проколнат,0.1866
Катица Ќулавкова,ПРЕРОДБА,4,фаќа,0.1402
Катица Ќулавкова,ПРЕРОДБА,5,значи,0.1321
Катица Ќулавкова,ПРЕРОДБА,6,овде,0.1278
Катица Ќулавкова,ПРЕРОДБА,7,народ,0.1216
Катица Ќулавкова,ПРЕРОДБА,8,рече,0.103
Катица Ќулавкова,ПРЕРОДБА,9,мисли,0.1022
Катица Ќулавкова,ПРЕРОДБА,10,толку,0.099
Катица Ќулавкова,ПРЕСЕЛБА НА ДУШАТА,1,писмо,0.2186
Катица Ќулавкова,ПРЕСЕЛБА НА ДУШАТА,2,бити-е,0.1557
Катица Ќулавкова,ПРЕСЕЛБА НА ДУШАТА,3,блуд,0.1557
Катица Ќулавкова,ПРЕСЕЛБА НА ДУШАТА,4,глаголица,0.1557
Катица Ќулавкова,ПРЕСЕЛБА НА ДУШАТА,5,глобус,0.1557
Катица Ќулавкова,ПРЕСЕЛБА НА ДУШАТА,6,египетски,0.1557
Катица Ќулавкова,ПРЕСЕЛБА НА ДУШАТА,7,млечт,0.1557
Катица Ќулавкова,ПРЕСЕЛБА НА ДУШАТА,8,обо,0.1557
Катица Ќулавкова,ПРЕСЕЛБА НА ДУШАТА,9,палимпсест,0.1557
Катица Ќулавкова,ПРЕСЕЛБА НА ДУШАТА,10,полигамиски,0.1557
Катица Ќулавкова,СВЕТ-ТЕКСТ,1,почеток,0.3387
Катица Ќулавкова,СВЕТ-ТЕКСТ,2,грешка,0.2446
Катица Ќулавкова,СВЕТ-ТЕКСТ,3,алхемиски,0.1591
Катица Ќулавкова,СВЕТ-ТЕКСТ,4,взаемна,0.1591
Катица Ќулавкова,СВЕТ-ТЕКСТ,5,гестот-ере,0.1591
Катица Ќулавкова,СВЕТ-ТЕКСТ,6,епоха,0.1591
Катица Ќулавкова,СВЕТ-ТЕКСТ,7,избрка,0.1591
Катица Ќулавкова,СВЕТ-ТЕКСТ,8,илуминација,0.1591
Катица Ќулавкова,СВЕТ-ТЕКСТ,9,курзив,0.1591
Катица Ќулавкова,СВЕТ-ТЕКСТ,10,луте,0.1591
Катица Ќулавкова,СЕКРЕТ,1,сркне,0.3064
Катица Ќулавкова,СЕКРЕТ,2,секрет,0.2683
Катица Ќулавкова,СЕКРЕТ,3,грч,0.2439
Катица Ќулавкова,СЕКРЕТ,4,капка,0.1743
Катица Ќулавкова,СЕКРЕТ,5,дно,0.1718
Катица Ќулавкова,СЕКРЕТ,6,мал,0.1611
Катица Ќулавкова,СЕКРЕТ,7,замагли,0.1532
Катица Ќулавкова,СЕКРЕТ,8,изопштен,0.1532
Катица Ќулавкова,СЕКРЕТ,9,крводарителски,0.1532
Катица Ќулавкова,СЕКРЕТ,10,одливок,0.1532
Катица Ќулавкова,СЕНКА,1,предмет,0.3679
Катица Ќулавкова,СЕНКА,2,двоење,0.2751
Катица Ќулавкова,СЕНКА,3,замислување,0.2751
Катица Ќулавкова,СЕНКА,4,придружува,0.2751
Катица Ќулавкова,СЕНКА,5,протегање,0.2751
Катица Ќулавкова,СЕНКА,6,ускратен,0.2751
Катица Ќулавкова,СЕНКА,7,делба,0.2599
Катица Ќулавкова,СЕНКА,8,сенка,0.2545
Катица Ќулавкова,СЕНКА,9,посматра,0.2492
Катица Ќулавкова,СЕНКА,10,веројатно,0.2341
Катица Ќулавкова,СПАЛЕНА СОБА,1,душа,0.2013
Катица Ќулавкова,СПАЛЕНА СОБА,2,твој,0.17
Катица Ќулавкова,СПАЛЕНА СОБА,3,дарба,0.151
Катица Ќулавкова,СПАЛЕНА СОБА,4,зафати,0.151
Катица Ќулавкова,СПАЛЕНА СОБА,5,испрашен,0.151
Катица Ќулавкова,СПАЛЕНА СОБА,6,нбав,0.151
Катица Ќулавкова,СПАЛЕНА СОБА,7,перунски,0.151
Катица Ќулавкова,СПАЛЕНА СОБА,8,плуски,0.151
Катица Ќулавкова,СПАЛЕНА СОБА,9,подмишка,0.151
Катица Ќулавкова,СПАЛЕНА СОБА,10,привсон,0.151
Катица Ќулавкова,"СПОРЕДБИ, НЕ САМО ПО СЛИЧНОСТ",1,архаичен,0.1648
Катица Ќулавкова,"СПОРЕДБИ, НЕ САМО ПО СЛИЧНОСТ",2,варварски,0.1648
Катица Ќулавкова,"СПОРЕДБИ, НЕ САМО ПО СЛИЧНОСТ",3,дијалектален,0.1648
Катица Ќулавкова,"СПОРЕДБИ, НЕ САМО ПО СЛИЧНОСТ",4,звучност,0.1648
Катица Ќулавкова,"СПОРЕДБИ, НЕ САМО ПО СЛИЧНОСТ",5,логичен,0.1648
Катица Ќулавкова,"СПОРЕДБИ, НЕ САМО ПО СЛИЧНОСТ",6,мистифицира,0.1648
Катица Ќулавкова,"СПОРЕДБИ, НЕ САМО ПО СЛИЧНОСТ",7,нееднаков,0.1648
Катица Ќулавкова,"СПОРЕДБИ, НЕ САМО ПО СЛИЧНОСТ",8,немотивиран,0.1648
Катица Ќулавкова,"СПОРЕДБИ, НЕ САМО ПО СЛИЧНОСТ",9,ноздрин,0.1648
Катица Ќулавкова,"СПОРЕДБИ, НЕ САМО ПО СЛИЧНОСТ",10,оскудица,0.1648
Катица Ќулавкова,"Скршени, набожни",1,лишен,0.5675
Катица Ќулавкова,"Скршени, набожни",2,скршен,0.3129
Катица Ќулавкова,"Скршени, набожни",3,дребно,0.1501
Катица Ќулавкова,"Скршени, набожни",4,крш,0.1501
Катица Ќулавкова,"Скршени, набожни",5,кршшшшшшшшшш,0.1501
Катица Ќулавкова,"Скршени, набожни",6,морал,0.1501
Катица Ќулавкова,"Скршени, набожни",7,морање,0.1501
Катица Ќулавкова,"Скршени, набожни",8,набожен,0.1501
Катица Ќулавкова,"Скршени, набожни",9,псссссссстстстст,0.1501
Катица Ќулавкова,"Скршени, набожни",10,трпење,0.1501
Катица Ќулавкова,"ТИГРИТЕ, ЛЕОПАРДИТЕ, ЛАВОВИТЕ",1,лав,0.2318
Катица Ќулавкова,"ТИГРИТЕ, ЛЕОПАРДИТЕ, ЛАВОВИТЕ",2,мага,0.2318
Катица Ќулавкова,"ТИГРИТЕ, ЛЕОПАРДИТЕ, ЛАВОВИТЕ",3,тигра,0.2318
Катица Ќулавкова,"ТИГРИТЕ, ЛЕОПАРДИТЕ, ЛАВОВИТЕ",4,леопард,0.2191
Катица Ќулавкова,"ТИГРИТЕ, ЛЕОПАРДИТЕ, ЛАВОВИТЕ",5,шета,0.155
Катица Ќулавкова,"ТИГРИТЕ, ЛЕОПАРДИТЕ, ЛАВОВИТЕ",6,плаши,0.1512
Катица Ќулавкова,"ТИГРИТЕ, ЛЕОПАРДИТЕ, ЛАВОВИТЕ",7,нивен,0.1214
Катица Ќулавкова,"ТИГРИТЕ, ЛЕОПАРДИТЕ, ЛАВОВИТЕ",8,само,0.116
Катица Ќулавкова,"ТИГРИТЕ, ЛЕОПАРДИТЕ, ЛАВОВИТЕ",9,асирија,0.1159
Катица Ќулавкова,"ТИГРИТЕ, ЛЕОПАРДИТЕ, ЛАВОВИТЕ",10,астрален,0.1159
Катица Ќулавкова,ТОПЛА КРВ,1,ладнокрвно,0.2683
Катица Ќулавкова,ТОПЛА КРВ,2,маж,0.1828
Катица Ќулавкова,ТОПЛА КРВ,3,жена,0.1439
Катица Ќулавкова,ТОПЛА КРВ,4,езата,0.1342
Катица Ќулавкова,ТОПЛА КРВ,5,засирува,0.1342
Катица Ќулавкова,ТОПЛА КРВ,6,ласцивен,0.1342
Катица Ќулавкова,ТОПЛА КРВ,7,неопходен,0.1342
Катица Ќулавкова,ТОПЛА КРВ,8,непреобразен,0.1342
Катица Ќулавкова,ТОПЛА КРВ,9,несклад,0.1342
Катица Ќулавкова,ТОПЛА КРВ,10,објасне,0.1342
Катица Ќулавкова,ТРЕТО СОНЦЕ: LEO - rising sun -,1,scorpius-ophiucus,0.1834
Катица Ќулавкова,ТРЕТО СОНЦЕ: LEO - rising sun -,2,долготраен,0.1834
Катица Ќулавкова,ТРЕТО СОНЦЕ: LEO - rising sun -,3,кобта,0.1834
Катица Ќулавкова,ТРЕТО СОНЦЕ: LEO - rising sun -,4,курбан,0.1834
Катица Ќулавкова,ТРЕТО СОНЦЕ: LEO - rising sun -,5,облизни,0.1834
Катица Ќулавкова,ТРЕТО СОНЦЕ: LEO - rising sun -,6,опомен,0.1834
Катица Ќулавкова,ТРЕТО СОНЦЕ: LEO - rising sun -,7,освети,0.1834
Катица Ќулавкова,ТРЕТО СОНЦЕ: LEO - rising sun -,8,попрска,0.1834
Катица Ќулавкова,ТРЕТО СОНЦЕ: LEO - rising sun -,9,противотров,0.1834
Катица Ќулавкова,ТРЕТО СОНЦЕ: LEO - rising sun -,10,свет-за-себе,0.1834
Катица Ќулавкова,Требник 1.,1,богови,0.1678
Катица Ќулавкова,Требник 1.,2,вјава,0.1678
Катица Ќулавкова,Требник 1.,3,криенка-миженка,0.1678
Катица Ќулавкова,Требник 1.,4,лишеност,0.1678
Катица Ќулавкова,Требник 1.,5,признавање,0.1678
Катица Ќулавкова,Требник 1.,6,психофизички,0.1678
Катица Ќулавкова,Требник 1.,7,сценографија,0.1678
Катица Ќулавкова,Требник 1.,8,хазард,0.1678
Катица Ќулавкова,Требник 1.,9,хиподроми,0.1678
Катица Ќулавкова,Требник 1.,10,штала,0.1678
Катица Ќулавкова,Требник 2.,1,дуса,0.175
Катица Ќулавкова,Требник 2.,2,живин,0.175
Катица Ќулавкова,Требник 2.,3,зачнат,0.175
Катица Ќулавкова,Требник 2.,4,инкогнито,0.175
Катица Ќулавкова,Требник 2.,5,комета,0.175
Катица Ќулавкова,Требник 2.,6,на-само,0.175
Катица Ќулавкова,Требник 2.,7,нормала,0.175
Катица Ќулавкова,Требник 2.,8,очовечува,0.175
Катица Ќулавкова,Требник 2.,9,подлажува,0.175
Катица Ќулавкова,Требник 2.,10,присност,0.175
Катица Ќулавкова,Ужас без крај (обична песна),1,дома,0.1708
Катица Ќулавкова,Ужас без крај (обична песна),2,иднина,0.1683
Катица Ќулавкова,Ужас без крај (обична песна),3,стане,0.1367
Катица Ќулавкова,Ужас без крај (обична песна),4,безграничен,0.133
Катица Ќулавкова,Ужас без крај (обична песна),5,депонија,0.133
Катица Ќулавкова,Ужас без крај (обична песна),6,заштитен,0.133
Катица Ќулавкова,Ужас без крај (обична песна),7,зомби,0.133
Катица Ќулавкова,Ужас без крај (обична песна),8,кампања,0.133
Катица Ќулавкова,Ужас без крај (обична песна),9,кладилник,0.133
Катица Ќулавкова,Ужас без крај (обична песна),10,комора,0.133
Катица Ќулавкова,ЦРНА МЕСЕЧИНА,1,долго,0.1534
Катица Ќулавкова,ЦРНА МЕСЕЧИНА,2,ден,0.1529
Катица Ќулавкова,ЦРНА МЕСЕЧИНА,3,анатемо,0.1321
Катица Ќулавкова,ЦРНА МЕСЕЧИНА,4,беспокојат,0.1321
Катица Ќулавкова,ЦРНА МЕСЕЧИНА,5,вртелешко,0.1321
Катица Ќулавкова,ЦРНА МЕСЕЧИНА,6,вртолун,0.1321
Катица Ќулавкова,ЦРНА МЕСЕЧИНА,7,диве,0.1321
Катица Ќулавкова,ЦРНА МЕСЕЧИНА,8,ексклузивен,0.1321
Катица Ќулавкова,ЦРНА МЕСЕЧИНА,9,ероте,0.1321
Катица Ќулавкова,ЦРНА МЕСЕЧИНА,10,жив-отец,0.1321
Кочо Рацин,Балада за непознатиот,1,врба,0.313
Кочо Рацин,Балада за непознатиот,2,делија,0.3084
Кочо Рацин,Балада за непознатиот,3,гроб,0.2632
Кочо Рацин,Балада за непознатиот,4,самовил,0.2625
Кочо Рацин,Балада за непознатиот,5,чемрее,0.2026
Кочо Рацин,Балада за непознатиот,6,лежи,0.1842
Кочо Рацин,Балада за непознатиот,7,јунак,0.1703
Кочо Рацин,Балада за непознатиот,8,брат,0.1575
Кочо Рацин,Балада за непознатиот,9,дига,0.135
Кочо Рацин,Балада за непознатиот,10,петлин,0.135
Кочо Рацин,Денови,1,нижи,0.3643
Кочо Рацин,Денови,2,ѓердан,0.271
Кочо Рацин,Денови,3,ден,0.2308
Кочо Рацин,Денови,4,врат,0.2173
Кочо Рацин,Денови,5,пуст,0.1854
Кочо Рацин,Денови,6,роди,0.1818
Кочо Рацин,Денови,7,туѓ,0.1796
Кочо Рацин,Денови,8,мака,0.171
Кочо Рацин,Денови,9,алка,0.1496
Кочо Рацин,Денови,10,навезен,0.1496
Кочо Рацин,До еден работник,1,ваш,0.3159
Кочо Рацин,До еден работник,2,мака,0.2454
Кочо Рацин,До еден работник,3,живее,0.2283
Кочо Рацин,До еден работник,4,праи,0.2146
Кочо Рацин,До еден работник,5,праиш,0.2146
Кочо Рацин,До еден работник,6,сроне,0.2146
Кочо Рацин,До еден работник,7,братски,0.1944
Кочо Рацин,До еден работник,8,палат,0.1879
Кочо Рацин,До еден работник,9,сичко,0.1879
Кочо Рацин,До еден работник,10,труди,0.1879
Кочо Рацин,Елегии за тебе,1,тече,0.3207
Кочо Рацин,Елегии за тебе,2,брег,0.1985
Кочо Рацин,Елегии за тебе,3,болка,0.1922
Кочо Рацин,Елегии за тебе,4,човек,0.1539
Кочо Рацин,Елегии за тебе,5,боли,0.1484
Кочо Рацин,Елегии за тебе,6,борба,0.1454
Кочо Рацин,Елегии за тебе,7,патиште,0.1454
Кочо Рацин,Елегии за тебе,8,раздвои,0.1409
Кочо Рацин,Елегии за тебе,9,деј,0.1332
Кочо Рацин,Елегии за тебе,10,каракамен,0.1332
Кочо Рацин,Копачите,1,труд,0.2942
Кочо Рацин,Копачите,2,копачка,0.2074
Кочо Рацин,Копачите,3,копач,0.196
Кочо Рацин,Копачите,4,карпа,0.1803
Кочо Рацин,Копачите,5,троски,0.1765
Кочо Рацин,Копачите,6,пелин,0.1722
Кочо Рацин,Копачите,7,црн,0.1604
Кочо Рацин,Копачите,8,јад,0.1489
Кочо Рацин,Копачите,9,морни,0.1383
Кочо Рацин,Копачите,10,пробуди,0.1383
Кочо Рацин,Ленка,1,ленка,0.4171
Кочо Рацин,Ленка,2,кошула,0.2868
Кочо Рацин,Ленка,3,тутуна,0.2628
Кочо Рацин,Ленка,4,година,0.2113
Кочо Рацин,Ленка,5,зошто,0.1537
Кочо Рацин,Ленка,6,билјана,0.139
Кочо Рацин,Ленка,7,даровен,0.139
Кочо Рацин,Ленка,8,кораво,0.139
Кочо Рацин,Ленка,9,недовезен,0.139
Кочо Рацин,Ленка,10,недоткаен,0.139
Кочо Рацин,На Струга дуќан да имам,1,дуќан,0.2317
Кочо Рацин,На Струга дуќан да имам,2,бочвин,0.2117
Кочо Рацин,На Струга дуќан да имам,3,банка,0.2
Кочо Рацин,На Струга дуќан да имам,4,чаршија,0.2
Кочо Рацин,На Струга дуќан да имам,5,тежок,0.194
Кочо Рацин,На Струга дуќан да имам,6,дигне,0.1918
Кочо Рацин,На Струга дуќан да имам,7,сичко,0.1854
Кочо Рацин,На Струга дуќан да имам,8,кова,0.1801
Кочо Рацин,На Струга дуќан да имам,9,кондура,0.1588
Кочо Рацин,На Струга дуќан да имам,10,палат,0.139
Кочо Рацин,Печал,1,срце,0.4648
Кочо Рацин,Печал,2,ден,0.3629
Кочо Рацин,Печал,3,широк,0.3118
Кочо Рацин,Печал,4,живот,0.1801
Кочо Рацин,Печал,5,аргата,0.1568
Кочо Рацин,Печал,6,длбина,0.1568
Кочо Рацин,Печал,7,длбоко,0.1568
Кочо Рацин,Печал,8,загрне,0.1568
Кочо Рацин,Печал,9,слнце,0.1568
Кочо Рацин,Печал,10,човечен,0.1568
Кочо Рацин,Проштавање,1,вело,0.5398
Кочо Рацин,Проштавање,2,копат,0.2699
Кочо Рацин,Проштавање,3,белград,0.1799
Кочо Рацин,Проштавање,4,копач,0.17
Кочо Рацин,Проштавање,5,тутуна,0.17
Кочо Рацин,Проштавање,6,снага,0.1593
Кочо Рацин,Проштавање,7,сичко,0.1576
Кочо Рацин,Проштавање,8,каже,0.1448
Кочо Рацин,Проштавање,9,реди,0.1342
Кочо Рацин,Проштавање,10,око,0.1295
Кочо Рацин,Селска мака,1,селски,0.5745
Кочо Рацин,Селска мака,2,плоден,0.2006
Кочо Рацин,Селска мака,3,та,0.1943
Кочо Рацин,Селска мака,4,поле,0.1937
Кочо Рацин,Селска мака,5,пуст,0.1591
Кочо Рацин,Селска мака,6,вода,0.1486
Кочо Рацин,Селска мака,7,гора,0.1475
Кочо Рацин,Селска мака,8,мака,0.1468
Кочо Рацин,Селска мака,9,век,0.1426
Кочо Рацин,Селска мака,10,зеленее,0.1283
Кочо Рацин,Татунчо,1,братски,0.2718
Кочо Рацин,Татунчо,2,куќа,0.2499
Кочо Рацин,Татунчо,3,жали,0.2106
Кочо Рацин,Татунчо,4,порта,0.2084
Кочо Рацин,Татунчо,5,борба,0.2063
Кочо Рацин,Татунчо,6,висок,0.1859
Кочо Рацин,Татунчо,7,срце,0.1668
Кочо Рацин,Татунчо,8,тежок,0.1571
Кочо Рацин,Татунчо,9,млад,0.153
Кочо Рацин,Татунчо,10,ајдутин,0.15
Кочо Рацин,Тутуноберачите,1,лист,0.5197
Кочо Рацин,Тутуноберачите,2,жолт,0.3587
Кочо Рацин,Тутуноберачите,3,пот,0.2484
Кочо Рацин,Тутуноберачите,4,кантар,0.1788
Кочо Рацин,Тутуноберачите,5,матна,0.1788
Кочо Рацин,Тутуноберачите,6,нашав,0.1788
Кочо Рацин,Тутуноберачите,7,утрин,0.169
Кочо Рацин,Тутуноберачите,8,тутун,0.1375
Кочо Рацин,Тутуноберачите,9,клетва,0.1353
Кочо Рацин,Тутуноберачите,10,мери,0.1353
Кочо Рацин,Утрото над нас,1,шумоли,0.3161
Кочо Рацин,Утрото над нас,2,лнце,0.2696
Кочо Рацин,Утрото над нас,3,копне,0.2361
Кочо Рацин,Утрото над нас,4,ширина,0.2238
Кочо Рацин,Утрото над нас,5,росен,0.2107
Кочо Рацин,Утрото над нас,6,рамен,0.1758
Кочо Рацин,Утрото над нас,7,модар,0.1694
Кочо Рацин,Утрото над нас,8,скришен,0.1694
Кочо Рацин,Утрото над нас,9,долг,0.1583
Кочо Рацин,Утрото над нас,10,мртов,0.1351
Лилјана Дирјан,Концерт за мирис и оркестар,1,кујна,0.192
Лилјана Дирјан,Концерт за мирис и оркестар,2,ту,0.1856
Лилјана Дирјан,Концерт за мирис и оркестар,3,шеќер,0.1804
Лилјана Дирјан,Концерт за мирис и оркестар,4,мајка,0.1727
Лилјана Дирјан,Концерт за мирис и оркестар,5,некако,0.1657
Лилјана Дирјан,Концерт за мирис и оркестар,6,запее,0.163
Лилјана Дирјан,Концерт за мирис и оркестар,7,нејзин,0.1128
Лилјана Дирјан,Концерт за мирис и оркестар,8,пее,0.1123
Лилјана Дирјан,Концерт за мирис и оркестар,9,полн,0.1102
Лилјана Дирјан,Концерт за мирис и оркестар,10,аван,0.106
Лилјана Дирјан,Наеднаш срцето ми се стеснило,1,распар,0.4921
Лилјана Дирјан,Наеднаш срцето ми се стеснило,2,некако,0.2565
Лилјана Дирјан,Наеднаш срцето ми се стеснило,3,паѓа,0.1822
Лилјана Дирјан,Наеднаш срцето ми се стеснило,4,варијанта,0.164
Лилјана Дирјан,Наеднаш срцето ми се стеснило,5,гарсониера,0.164
Лилјана Дирјан,Наеднаш срцето ми се стеснило,6,демод,0.164
Лилјана Дирјан,Наеднаш срцето ми се стеснило,7,кршеница,0.164
Лилјана Дирјан,Наеднаш срцето ми се стеснило,8,плакар,0.164
Лилјана Дирјан,Наеднаш срцето ми се стеснило,9,плочка,0.164
Лилјана Дирјан,Наеднаш срцето ми се стеснило,10,преткомора,0.164
Лилјана Дирјан,Оваа ноќ,1,отише,0.2805
Лилјана Дирјан,Оваа ноќ,2,зголемува,0.2634
Лилјана Дирјан,Оваа ноќ,3,перница,0.2634
Лилјана Дирјан,Оваа ноќ,4,ноќ,0.256
Лилјана Дирјан,Оваа ноќ,5,дочека,0.2514
Лилјана Дирјан,Оваа ноќ,6,напушти,0.2464
Лилјана Дирјан,Оваа ноќ,7,објаснува,0.2464
Лилјана Дирјан,Оваа ноќ,8,спаси,0.2464
Лилјана Дирјан,Оваа ноќ,9,очај,0.242
Лилјана Дирјан,Оваа ноќ,10,дави,0.231
Лилјана Дирјан,Пурпур,1,парче,0.2532
Лилјана Дирјан,Пурпур,2,остава,0.2257
Лилјана Дирјан,Пурпур,3,трага,0.2257
Лилјана Дирјан,Пурпур,4,снег,0.1955
Лилјана Дирјан,Пурпур,5,ирвас,0.1784
Лилјана Дирјан,Пурпур,6,оганче,0.1784
Лилјана Дирјан,Пурпур,7,придружен,0.1784
Лилјана Дирјан,Пурпур,8,четворка,0.1784
Лилјана Дирјан,Пурпур,9,запалува,0.1686
Лилјана Дирјан,Пурпур,10,милја,0.1686
Лилјана Дирјан,Рабови,1,фустан,0.3414
Лилјана Дирјан,Рабови,2,конец,0.3353
Лилјана Дирјан,Рабови,3,огледало,0.2894
Лилјана Дирјан,Рабови,4,испара,0.2145
Лилјана Дирјан,Рабови,5,кадифен,0.2145
Лилјана Дирјан,Рабови,6,облече,0.2145
Лилјана Дирјан,Рабови,7,ослепен,0.2027
Лилјана Дирјан,Рабови,8,постава,0.2027
Лилјана Дирјан,Рабови,9,наведне,0.1943
Лилјана Дирјан,Рабови,10,пресече,0.1943
Лилјана Дирјан,Светот – мојот брат,1,свеж,0.2239
Лилјана Дирјан,Светот – мојот брат,2,алг,0.1521
Лилјана Дирјан,Светот – мојот брат,3,бон,0.1521
Лилјана Дирјан,Светот – мојот брат,4,извинува,0.1521
Лилјана Дирјан,Светот – мојот брат,5,крстара,0.1521
Лилјана Дирјан,Светот – мојот брат,6,неоштетен,0.1521
Лилјана Дирјан,Светот – мојот брат,7,протнува,0.1521
Лилјана Дирјан,Светот – мојот брат,8,разлаги,0.1521
Лилјана Дирјан,Светот – мојот брат,9,скоки,0.1521
Лилјана Дирјан,Светот – мојот брат,10,солило,0.1521
Лилјана Дирјан,Стравот мој,1,одвиткува,0.3171
Лилјана Дирјан,Стравот мој,2,станиол,0.3171
Лилјана Дирјан,Стравот мој,3,целофан,0.3171
Лилјана Дирјан,Стравот мој,4,ѕверче,0.3171
Лилјана Дирјан,Стравот мој,5,чоколада,0.2996
Лилјана Дирјан,Стравот мој,6,шушка,0.2872
Лилјана Дирјан,Стравот мој,7,скоро,0.2574
Лилјана Дирјан,Стравот мој,8,гостин,0.2524
Лилјана Дирјан,Стравот мој,9,хартија,0.2478
Лилјана Дирјан,Стравот мој,10,свилен,0.2365
Матеја Матевски,Ѕвона,1,ѕвони,0.6406
Матеја Матевски,Ѕвона,2,некаде,0.4633
Матеја Матевски,Ѕвона,3,звук,0.1997
Матеја Матевски,Ѕвона,4,удри,0.1668
Матеја Матевски,Ѕвона,5,глув,0.1516
Матеја Матевски,Ѕвона,6,трева,0.1301
Матеја Матевски,Ѕвона,7,бездно,0.1102
Матеја Матевски,Ѕвона,8,висне,0.1102
Матеја Матевски,Ѕвона,9,вриски,0.1102
Матеја Матевски,Ѕвона,10,кавез,0.1102
Матеја Матевски,Авантура,1,далеку,0.2856
Матеја Матевски,Авантура,2,еден,0.1903
Матеја Матевски,Авантура,3,толку,0.1757
Матеја Матевски,Авантура,4,земја,0.1404
Матеја Матевски,Авантура,5,река,0.1377
Матеја Матевски,Авантура,6,малечок,0.137
Матеја Матевски,Авантура,7,враќи,0.1327
Матеја Матевски,Авантура,8,поле,0.1323
Матеја Матевски,Авантура,9,стар,0.1296
Матеја Матевски,Авантура,10,патување,0.129
Матеја Матевски,Дождови,1,пристига,0.2514
Матеја Матевски,Дождови,2,врвицо,0.2216
Матеја Матевски,Дождови,3,гриво,0.2216
Матеја Матевски,Дождови,4,однесе,0.2175
Матеја Матевски,Дождови,5,простор,0.1989
Матеја Матевски,Дождови,6,тропа,0.1799
Матеја Матевски,Дождови,7,уморен,0.1631
Матеја Матевски,Дождови,8,дожд,0.1626
Матеја Матевски,Дождови,9,месо,0.1509
Матеја Матевски,Дождови,10,коњ,0.1402
Матеја Матевски,Езеро,1,езерово,0.3985
Матеја Матевски,Езеро,2,остави,0.3734
Матеја Матевски,Езеро,3,крај,0.2834
Матеја Матевски,Езеро,4,горчливово,0.2108
Матеја Матевски,Езеро,5,грабеж,0.191
Матеја Матевски,Езеро,6,дијамант,0.191
Матеја Матевски,Езеро,7,залутан,0.191
Матеја Матевски,Езеро,8,длаби,0.175
Матеја Матевски,Езеро,9,сонце,0.1728
Матеја Матевски,Езеро,10,скут,0.1678
Матеја Матевски,Епитаф,1,нешто,0.3359
Матеја Матевски,Епитаф,2,остане,0.3028
Матеја Матевски,Епитаф,3,многу,0.2623
Матеја Матевски,Епитаф,4,пладне,0.2098
Матеја Матевски,Епитаф,5,далечен,0.1809
Матеја Матевски,Епитаф,6,камен,0.1614
Матеја Матевски,Епитаф,7,намовнување,0.1541
Матеја Матевски,Епитаф,8,ненадејно,0.1541
Матеја Матевски,Епитаф,9,несфатливост,0.1541
Матеја Матевски,Епитаф,10,преполовен,0.1541
Матеја Матевски,На пат,1,копнеж,0.3436
Матеја Матевски,На пат,2,пат,0.3308
Матеја Матевски,На пат,3,зачаден,0.2474
Матеја Матевски,На пат,4,исполнетост,0.2474
Матеја Матевски,На пат,5,истроши,0.2474
Матеја Матевски,На пат,6,прегорен,0.2474
Матеја Матевски,На пат,7,затнат,0.2338
Матеја Матевски,На пат,8,залутан,0.2241
Матеја Матевски,На пат,9,ништо,0.2241
Матеја Матевски,На пат,10,чаде,0.2241
Матеја Матевски,Патување,1,задреме,0.2
Матеја Матевски,Патување,2,заклопен,0.2
Матеја Матевски,Патување,3,монотон,0.2
Матеја Матевски,Патување,4,пристигање,0.2
Матеја Матевски,Патување,5,задушен,0.189
Матеја Матевски,Патување,6,купе,0.189
Матеја Матевски,Патување,7,наслутен,0.189
Матеја Матевски,Патување,8,одмори,0.189
Матеја Матевски,Патување,9,сонлив,0.1812
Матеја Матевски,Патување,10,ваде,0.1751
Матеја Матевски,Поле,1,таго,0.3245
Матеја Матевски,Поле,2,река,0.3139
Матеја Матевски,Поле,3,гушнува,0.1998
Матеја Матевски,Поле,4,замечтан,0.1998
Матеја Матевски,Поле,5,замрежен,0.1998
Матеја Матевски,Поле,6,мавне,0.1998
Матеја Матевски,Поле,7,неосетно,0.1998
Матеја Матевски,Поле,8,овчарче,0.1998
Матеја Матевски,Поле,9,стад,0.1998
Матеја Матевски,Поле,10,успиен,0.1998
Матеја Матевски,Прва ноќ,1,гудало,0.2423
Матеја Матевски,Прва ноќ,2,зборлесто,0.2423
Матеја Матевски,Прва ноќ,3,клик,0.2423
Матеја Матевски,Прва ноќ,4,округли,0.2423
Матеја Матевски,Прва ноќ,5,провирање,0.2423
Матеја Матевски,Прва ноќ,6,слатки,0.2423
Матеја Матевски,Прва ноќ,7,скокотка,0.229
Матеја Матевски,Прва ноќ,8,порева,0.2195
Матеја Матевски,Прва ноќ,9,нерв,0.2122
Матеја Матевски,Прва ноќ,10,виолина,0.2011
Матеја Матевски,Прогонети од рајот,1,измисли,0.2738
Матеја Матевски,Прогонети од рајот,2,распаќе,0.2432
Матеја Матевски,Прогонети од рајот,3,сам,0.1849
Матеја Матевски,Прогонети од рајот,4,сега,0.1815
Матеја Матевски,Прогонети од рајот,5,згасне,0.1788
Матеја Матевски,Прогонети од рајот,6,иден,0.1736
Матеја Матевски,Прогонети од рајот,7,пат,0.1721
Матеја Матевски,Прогонети од рајот,8,светне,0.1721
Матеја Матевски,Прогонети од рајот,9,око,0.1621
Матеја Матевски,Прогонети од рајот,10,дна,0.1617
Матеја Матевски,Свети Трифун,1,твој,0.2102
Матеја Матевски,Свети Трифун,2,врзе,0.2011
Матеја Матевски,Свети Трифун,3,подучува,0.1867
Матеја Матевски,Свети Трифун,4,време,0.1815
Матеја Матевски,Свети Трифун,5,затвори,0.1812
Матеја Матевски,Свети Трифун,6,зрачен,0.1692
Матеја Матевски,Свети Трифун,7,лик,0.1682
Матеја Матевски,Свети Трифун,8,клука,0.1635
Матеја Матевски,Свети Трифун,9,слези,0.1635
Матеја Матевски,Свети Трифун,10,лоза,0.1486
Матеја Матевски,Сон,1,врв,0.282
Матеја Матевски,Сон,2,напред,0.221
Матеја Матевски,Сон,3,рид,0.1858
Матеја Матевски,Сон,4,далеку,0.171
Матеја Матевски,Сон,5,оди,0.1589
Матеја Матевски,Сон,6,беспрекин,0.1574
Матеја Матевски,Сон,7,бурјани,0.1574
Матеја Матевски,Сон,8,дално,0.1574
Матеја Матевски,Сон,9,изјазува,0.1574
Матеја Матевски,Сон,10,камењар,0.1574
Матеја Матевски,Трева,1,шарен,0.3053
Матеја Матевски,Трева,2,крило,0.214
Матеја Матевски,Трева,3,бетон,0.1918
Матеја Матевски,Трева,4,откос,0.1918
Матеја Матевски,Трева,5,сено,0.1918
Матеја Матевски,Трева,6,цреп,0.1918
Матеја Матевски,Трева,7,залутав,0.1812
Матеја Матевски,Трева,8,купиште,0.1812
Матеја Матевски,Трева,9,плитка,0.1812
Матеја Матевски,Трева,10,свенува,0.1812
Матеја Матевски,Целиот живот ми се спомените,1,спомена,0.5632
Матеја Матевски,Целиот живот ми се спомените,2,цел,0.3968
Матеја Матевски,Целиот живот ми се спомените,3,живот,0.3073
Матеја Матевски,Целиот живот ми се спомените,4,измамен,0.2006
Матеја Матевски,Целиот живот ми се спомените,5,преоценка,0.2006
Матеја Матевски,Целиот живот ми се спомените,6,родин,0.2006
Матеја Матевски,Целиот живот ми се спомените,7,вреди,0.1629
Матеја Матевски,Целиот живот ми се спомените,8,грижа,0.1629
Матеја Матевски,Целиот живот ми се спомените,9,краен,0.1629
Матеја Матевски,Целиот живот ми се спомените,10,волја,0.1597
Милош Линдро,АЗЗА,1,грачи,0.2109
Милош Линдро,АЗЗА,2,зловешто,0.2109
Милош Линдро,АЗЗА,3,мигум,0.2109
Милош Линдро,АЗЗА,4,один-војдан,0.2109
Милош Линдро,АЗЗА,5,прелетна,0.2109
Милош Линдро,АЗЗА,6,раширен,0.2109
Милош Линдро,АЗЗА,7,свршеток,0.2109
Милош Линдро,АЗЗА,8,достаса,0.1993
Милош Линдро,АЗЗА,9,крак,0.1993
Милош Линдро,АЗЗА,10,опсебен,0.1993
Милош Линдро,"БЕЛЕЗИ: ОДЕК, ТАЛОГ",1,веднага,0.185
Милош Линдро,"БЕЛЕЗИ: ОДЕК, ТАЛОГ",2,дотука,0.185
Милош Линдро,"БЕЛЕЗИ: ОДЕК, ТАЛОГ",3,запустува,0.185
Милош Линдро,"БЕЛЕЗИ: ОДЕК, ТАЛОГ",4,прескок,0.185
Милош Линдро,"БЕЛЕЗИ: ОДЕК, ТАЛОГ",5,тенчи,0.185
Милош Линдро,"БЕЛЕЗИ: ОДЕК, ТАЛОГ",6,тивне,0.185
Милош Линдро,"БЕЛЕЗИ: ОДЕК, ТАЛОГ",7,должина,0.1748
Милош Линдро,"БЕЛЕЗИ: ОДЕК, ТАЛОГ",8,зарад,0.1748
Милош Линдро,"БЕЛЕЗИ: ОДЕК, ТАЛОГ",9,крвен,0.1676
Милош Линдро,"БЕЛЕЗИ: ОДЕК, ТАЛОГ",10,многумина,0.1676
Милош Линдро,БОКОБИ,1,ботие,0.2243
Милош Линдро,БОКОБИ,2,изригнат,0.2243
Милош Линдро,БОКОБИ,3,плодоносен,0.2243
Милош Линдро,БОКОБИ,4,тројство,0.2243
Милош Линдро,БОКОБИ,5,узрева,0.2243
Милош Линдро,БОКОБИ,6,втренчен,0.2119
Милош Линдро,БОКОБИ,7,излишен,0.2119
Милош Линдро,БОКОБИ,8,миризлив,0.2119
Милош Линдро,БОКОБИ,9,опсебен,0.2119
Милош Линдро,БОКОБИ,10,израснува,0.2032
Милош Линдро,ГОСПОД ЕНОХУ (IV),1,аз-за,0.2447
Милош Линдро,ГОСПОД ЕНОХУ (IV),2,иноче,0.2447
Милош Линдро,ГОСПОД ЕНОХУ (IV),3,писание,0.2447
Милош Линдро,ГОСПОД ЕНОХУ (IV),4,советуван,0.2447
Милош Линдро,ГОСПОД ЕНОХУ (IV),5,сосредоточ,0.2447
Милош Линдро,ГОСПОД ЕНОХУ (IV),6,мој,0.2402
Милош Линдро,ГОСПОД ЕНОХУ (IV),7,истек,0.2312
Милош Линдро,ГОСПОД ЕНОХУ (IV),8,симен,0.2312
Милош Линдро,ГОСПОД ЕНОХУ (IV),9,скрижал,0.2312
Милош Линдро,ГОСПОД ЕНОХУ (IV),10,слово,0.2031
Милош Линдро,ГОСПОД ЕНОХУ (V),1,омраза,0.4079
Милош Линдро,ГОСПОД ЕНОХУ (V),2,злоба,0.301
Милош Линдро,ГОСПОД ЕНОХУ (V),3,грозен,0.2639
Милош Линдро,ГОСПОД ЕНОХУ (V),4,властелин,0.1769
Милош Линдро,ГОСПОД ЕНОХУ (V),5,воздигне,0.1769
Милош Линдро,ГОСПОД ЕНОХУ (V),6,залеја,0.1769
Милош Линдро,ГОСПОД ЕНОХУ (V),7,кик,0.1769
Милош Линдро,ГОСПОД ЕНОХУ (V),8,клевета,0.1769
Милош Линдро,ГОСПОД ЕНОХУ (V),9,смраден,0.1769
Милош Линдро,ГОСПОД ЕНОХУ (V),10,хул,0.1769
Милош Линдро,Господ Еноху,1,престол,0.2162
Милош Линдро,Господ Еноху,2,светлина,0.1804
Милош Линдро,Господ Еноху,3,создаде,0.1803
Милош Линдро,Господ Еноху,4,камење,0.1747
Милош Линдро,Господ Еноху,5,излезе,0.1656
Милош Линдро,Господ Еноху,6,потем,0.1643
Милош Линдро,Господ Еноху,7,тежок,0.133
Милош Линдро,Господ Еноху,8,адоил,0.127
Милош Линдро,Господ Еноху,9,архас,0.127
Милош Линдро,Господ Еноху,10,видливост,0.127
Милош Линдро,Господ Еноху (II),1,воопшто,0.2409
Милош Линдро,Господ Еноху (II),2,дел,0.2277
Милош Линдро,Господ Еноху (II),3,дух,0.225
Милош Линдро,Господ Еноху (II),4,жила,0.22
Милош Линдро,Господ Еноху (II),5,коска,0.2177
Милош Линдро,Господ Еноху (II),6,земен,0.2095
Милош Линдро,Господ Еноху (II),7,блажи,0.1567
Милош Линдро,Господ Еноху (II),8,вкусува,0.1567
Милош Линдро,Господ Еноху (II),9,додели,0.1567
Милош Линдро,Господ Еноху (II),10,насладува,0.1567
Милош Линдро,Господ Еноху (III),1,велик,0.5955
Милош Линдро,Господ Еноху (III),2,име,0.1775
Милош Линдро,Господ Еноху (III),3,мал,0.1656
Милош Линдро,Господ Еноху (III),4,дор,0.1575
Милош Линдро,Господ Еноху (III),5,неверојатно,0.1575
Милош Линдро,Господ Еноху (III),6,родител,0.1575
Милош Линдро,Господ Еноху (III),7,сотворив,0.1575
Милош Линдро,Господ Еноху (III),8,утврден,0.1575
Милош Линдро,Господ Еноху (III),9,адама,0.1489
Милош Линдро,Господ Еноху (III),10,ана,0.1489
Милош Линдро,"ЕНОХ ЗА БОГА, ЗА НЕБЕСАТА И ЗА АДОТ",1,види,0.4695
Милош Линдро,"ЕНОХ ЗА БОГА, ЗА НЕБЕСАТА И ЗА АДОТ",2,роди,0.2085
Милош Линдро,"ЕНОХ ЗА БОГА, ЗА НЕБЕСАТА И ЗА АДОТ",3,дом,0.2072
Милош Линдро,"ЕНОХ ЗА БОГА, ЗА НЕБЕСАТА И ЗА АДОТ",4,облак,0.1847
Милош Линдро,"ЕНОХ ЗА БОГА, ЗА НЕБЕСАТА И ЗА АДОТ",5,негов,0.1775
Милош Линдро,"ЕНОХ ЗА БОГА, ЗА НЕБЕСАТА И ЗА АДОТ",6,буреносен,0.1715
Милош Линдро,"ЕНОХ ЗА БОГА, ЗА НЕБЕСАТА И ЗА АДОТ",7,грмежи,0.1715
Милош Линдро,"ЕНОХ ЗА БОГА, ЗА НЕБЕСАТА И ЗА АДОТ",8,незапирлив,0.1715
Милош Линдро,"ЕНОХ ЗА БОГА, ЗА НЕБЕСАТА И ЗА АДОТ",9,неопфатен,0.1715
Милош Линдро,"ЕНОХ ЗА БОГА, ЗА НЕБЕСАТА И ЗА АДОТ",10,сокрушен,0.1715
Милош Линдро,Енох на второто небо,1,темнина,0.3056
Милош Линдро,Енох на второто небо,2,навнатре,0.2343
Милош Линдро,Енох на второто небо,3,отстапник,0.2343
Милош Линдро,Енох на второто небо,4,плашлив,0.2343
Милош Линдро,Енох на второто небо,5,поиспустен,0.2343
Милош Линдро,Енох на второто небо,6,помрачен,0.2343
Милош Линдро,Енох на второто небо,7,посочи,0.2343
Милош Линдро,Енох на второто небо,8,расплакан,0.2214
Милош Линдро,Енох на второто небо,9,верига,0.2123
Милош Линдро,Енох на второто небо,10,правда,0.2123
Милош Линдро,Енох на петтото небо,1,свенат,0.3049
Милош Линдро,Енох на петтото небо,2,страшен,0.1929
Милош Линдро,Енох на петтото небо,3,зошто,0.1686
Милош Линдро,Енох на петтото небо,4,егрегори,0.1525
Милош Линдро,Енох на петтото небо,5,ермон,0.1525
Милош Линдро,Енох на петтото небо,6,замолчен,0.1525
Милош Линдро,Енох на петтото небо,7,исполини,0.1525
Милош Линдро,Енох на петтото небо,8,кнез,0.1525
Милош Линдро,Енох на петтото небо,9,нечестив,0.1525
Милош Линдро,Енох на петтото небо,10,нечистоплотно,0.1525
Милош Линдро,Енох на првото небо,1,надвиснат,0.2471
Милош Линдро,Енох на првото небо,2,опфатно,0.2471
Милош Линдро,Енох на првото небо,3,чакалишта,0.2471
Милош Линдро,Енох на првото небо,4,купиште,0.2335
Милош Линдро,Енох на првото небо,5,натрупан,0.2335
Милош Линдро,Енох на првото небо,6,небес,0.2335
Милош Линдро,Енох на првото небо,7,преогромен,0.2335
Милош Линдро,Енох на првото небо,8,светило,0.2335
Милош Линдро,Енох на првото небо,9,скита,0.2238
Милош Линдро,Енох на првото небо,10,средина,0.2238
Милош Линдро,Енох на седмото небо,1,престол,0.3233
Милош Линдро,Енох на седмото небо,2,властува,0.2533
Милош Линдро,Енох на седмото небо,3,таму,0.1849
Милош Линдро,Енох на седмото небо,4,лице,0.1793
Милош Линдро,Енох на седмото небо,5,страшен,0.1602
Милош Линдро,Енох на седмото небо,6,бидува,0.1266
Милош Линдро,Енох на седмото небо,7,великознаен,0.1266
Милош Линдро,Енох на седмото небо,8,господова,0.1266
Милош Линдро,Енох на седмото небо,9,господово,0.1266
Милош Линдро,Енох на седмото небо,10,неопислив,0.1266
Милош Линдро,Енох на седмото небо II,1,раскаже,0.4365
Милош Линдро,Енох на седмото небо II,2,архангел,0.3656
Милош Линдро,Енох на седмото небо II,3,вревоил,0.3656
Милош Линдро,Енох на седмото небо II,4,судбина,0.2384
Милош Линдро,Енох на седмото небо II,5,благогласен,0.1828
Милош Линдро,Енох на седмото небо II,6,вревои,0.1828
Милош Линдро,Енох на седмото небо II,7,искажан,0.1828
Милош Линдро,Енох на седмото небо II,8,јавленија,0.1828
Милош Линдро,Енох на седмото небо II,9,еноха,0.1727
Милош Линдро,Енох на седмото небо II,10,преземе,0.1727
Милош Линдро,Енох на третото небо,1,заносно,0.1988
Милош Линдро,Енох на третото небо,2,изобилен,0.1988
Милош Линдро,Енох на третото небо,3,миломирисен,0.1988
Милош Линдро,Енох на третото небо,4,нетлен,0.1988
Милош Линдро,Енох на третото небо,5,прелест,0.1988
Милош Линдро,Енох на третото небо,6,роморат,0.1988
Милош Линдро,Енох на третото небо,7,тлен,0.1988
Милош Линдро,Енох на третото небо,8,украсен,0.1988
Милош Линдро,Енох на третото небо,9,енох,0.1879
Милош Линдро,Енох на третото небо,10,наднесен,0.1879
Милош Линдро,Енох на третото небо II,1,токму,0.2799
Милош Линдро,Енох на третото небо II,2,бездушен,0.1949
Милош Линдро,Енох на третото небо II,3,заобиколен,0.1949
Милош Линдро,Енох на третото небо II,4,заслон,0.1949
Милош Линдро,Енох на третото небо II,5,застрашувачки,0.1949
Милош Линдро,Енох на третото небо II,6,затемнет,0.1949
Милош Линдро,Енох на третото небо II,7,метанисува,0.1949
Милош Линдро,Енох на третото небо II,8,непреоден,0.1949
Милош Линдро,Енох на третото небо II,9,потисник,0.1949
Милош Линдро,Енох на третото небо II,10,штипат,0.1949
Милош Линдро,Енох на четвртото небо,1,впрегнат,0.2276
Милош Линдро,Енох на четвртото небо,2,завртен,0.2276
Милош Линдро,Енох на четвртото небо,3,носител,0.2276
Милош Линдро,Енох на четвртото небо,4,обиколен,0.2276
Милош Линдро,Енох на четвртото небо,5,четврти,0.2276
Милош Линдро,Енох на четвртото небо,6,шестокрили,0.2276
Милош Линдро,Енох на четвртото небо,7,достигне,0.2062
Милош Линдро,Енох на четвртото небо,8,покој,0.2062
Милош Линдро,Енох на четвртото небо,9,заод,0.1993
Милош Линдро,Енох на четвртото небо,10,лево,0.1937
Милош Линдро,Енох на четвртото небо II,1,петлин,0.2951
Милош Линдро,Енох на четвртото небо II,2,венец,0.2868
Милош Линдро,Енох на четвртото небо II,3,исток,0.2551
Милош Линдро,Енох на четвртото небо II,4,горе,0.2132
Милош Линдро,Енох на четвртото небо II,5,ангел,0.2103
Милош Линдро,Енох на четвртото небо II,6,благодатен,0.1685
Милош Линдро,Енох на четвртото небо II,7,возвестува,0.1685
Милош Линдро,Енох на четвртото небо II,8,зајдува,0.1685
Милош Линдро,Енох на четвртото небо II,9,кукурига,0.1685
Милош Линдро,Енох на четвртото небо II,10,наидува,0.1685
Милош Линдро,Енох на шестото небо,1,пресветли,0.2456
Милош Линдро,Енох на шестото небо,2,еноха,0.2321
Милош Линдро,Енох на шестото небо,3,џбун,0.2321
Милош Линдро,Енох на шестото небо,4,внесен,0.2225
Милош Линдро,Енох на шестото небо,5,изброен,0.2225
Милош Линдро,Енох на шестото небо,6,успокојува,0.2225
Милош Линдро,Енох на шестото небо,7,шести,0.2225
Милош Линдро,Енох на шестото небо,8,ангелски,0.2151
Милош Линдро,Енох на шестото небо,9,господов,0.2151
Милош Линдро,Енох на шестото небо,10,лача,0.2151
Милош Линдро,ЗАГУБАТА,1,допрен,0.2946
Милош Линдро,ЗАГУБАТА,2,окрупнува,0.2946
Милош Линдро,ЗАГУБАТА,3,линдра,0.2784
Милош Линдро,ЗАГУБАТА,4,расфрлен,0.2784
Милош Линдро,ЗАГУБАТА,5,самозаборав,0.2784
Милош Линдро,ЗАГУБАТА,6,пласти,0.258
Милош Линдро,ЗАГУБАТА,7,загуби,0.2446
Милош Линдро,ЗАГУБАТА,8,имот,0.2446
Милош Линдро,ЗАГУБАТА,9,трупа,0.2446
Милош Линдро,ЗАГУБАТА,10,стреја,0.2392
Милош Линдро,ЗЕМЈОМЕРОТ ЈА МЕРИ ВИСТИНАТА,1,бледожолт,0.1616
Милош Линдро,ЗЕМЈОМЕРОТ ЈА МЕРИ ВИСТИНАТА,2,враќан,0.1616
Милош Линдро,ЗЕМЈОМЕРОТ ЈА МЕРИ ВИСТИНАТА,3,дрзок,0.1616
Милош Линдро,ЗЕМЈОМЕРОТ ЈА МЕРИ ВИСТИНАТА,4,замор,0.1616
Милош Линдро,ЗЕМЈОМЕРОТ ЈА МЕРИ ВИСТИНАТА,5,испраќан,0.1616
Милош Линдро,ЗЕМЈОМЕРОТ ЈА МЕРИ ВИСТИНАТА,6,куќарка,0.1616
Милош Линдро,ЗЕМЈОМЕРОТ ЈА МЕРИ ВИСТИНАТА,7,одвеќе,0.1616
Милош Линдро,ЗЕМЈОМЕРОТ ЈА МЕРИ ВИСТИНАТА,8,дојденец,0.1527
Милош Линдро,ЗЕМЈОМЕРОТ ЈА МЕРИ ВИСТИНАТА,9,жител,0.1527
Милош Линдро,ЗЕМЈОМЕРОТ ЈА МЕРИ ВИСТИНАТА,10,наврапи,0.1527
Милош Линдро,ЗНАЦИТЕ НА ПОСЛЕДНИТЕ ВРЕМИЊА,1,ете,0.3929
Милош Линдро,ЗНАЦИТЕ НА ПОСЛЕДНИТЕ ВРЕМИЊА,2,зо,0.2168
Милош Линдро,ЗНАЦИТЕ НА ПОСЛЕДНИТЕ ВРЕМИЊА,3,молскавица,0.2168
Милош Линдро,ЗНАЦИТЕ НА ПОСЛЕДНИТЕ ВРЕМИЊА,4,клокот,0.2049
Милош Линдро,ЗНАЦИТЕ НА ПОСЛЕДНИТЕ ВРЕМИЊА,5,шепота,0.2049
Милош Линдро,ЗНАЦИТЕ НА ПОСЛЕДНИТЕ ВРЕМИЊА,6,,0.2049
Милош Линдро,ЗНАЦИТЕ НА ПОСЛЕДНИТЕ ВРЕМИЊА,7,душа,0.1928
Милош Линдро,ЗНАЦИТЕ НА ПОСЛЕДНИТЕ ВРЕМИЊА,8,демонски,0.1899
Милош Линдро,ЗНАЦИТЕ НА ПОСЛЕДНИТЕ ВРЕМИЊА,9,предречен,0.1899
Милош Линдро,ЗНАЦИТЕ НА ПОСЛЕДНИТЕ ВРЕМИЊА,10,исплашен,0.1845
Милош Линдро,ИНО,1,така,0.3073
Милош Линдро,ИНО,2,совест,0.2762
Милош Линдро,ИНО,3,докрај,0.2659
Милош Линдро,ИНО,4,испразнет,0.1701
Милош Линдро,ИНО,5,распространет,0.1701
Милош Линдро,ИНО,6,редица,0.1701
Милош Линдро,ИНО,7,зарад,0.1608
Милош Линдро,ИНО,8,милосрден,0.1608
Милош Линдро,ИНО,9,извртен,0.1541
Милош Линдро,ИНО,10,инаков,0.1541
Милош Линдро,КОН СОНЧЕВИТЕ ПОРТИ,1,грижовно,0.2251
Милош Линдро,КОН СОНЧЕВИТЕ ПОРТИ,2,гумно,0.2251
Милош Линдро,КОН СОНЧЕВИТЕ ПОРТИ,3,запруса,0.2251
Милош Линдро,КОН СОНЧЕВИТЕ ПОРТИ,4,надвисен,0.2251
Милош Линдро,КОН СОНЧЕВИТЕ ПОРТИ,5,прашни,0.2251
Милош Линдро,КОН СОНЧЕВИТЕ ПОРТИ,6,светлечки,0.2251
Милош Линдро,КОН СОНЧЕВИТЕ ПОРТИ,7,чеза,0.2251
Милош Линдро,КОН СОНЧЕВИТЕ ПОРТИ,8,оптегнува,0.2128
Милош Линдро,КОН СОНЧЕВИТЕ ПОРТИ,9,претрчува,0.2128
Милош Линдро,КОН СОНЧЕВИТЕ ПОРТИ,10,достигне,0.204
Милош Линдро,"ЛАЈ, ЈОКАСТА И ОЈДИП",1,праг,0.2423
Милош Линдро,"ЛАЈ, ЈОКАСТА И ОЈДИП",2,вика,0.2139
Милош Линдро,"ЛАЈ, ЈОКАСТА И ОЈДИП",3,вслушан,0.1726
Милош Линдро,"ЛАЈ, ЈОКАСТА И ОЈДИП",4,едина,0.1726
Милош Линдро,"ЛАЈ, ЈОКАСТА И ОЈДИП",5,иниј,0.1726
Милош Линдро,"ЛАЈ, ЈОКАСТА И ОЈДИП",6,мајка-жена,0.1726
Милош Линдро,"ЛАЈ, ЈОКАСТА И ОЈДИП",7,неминлив,0.1726
Милош Линдро,"ЛАЈ, ЈОКАСТА И ОЈДИП",8,неосознат,0.1726
Милош Линдро,"ЛАЈ, ЈОКАСТА И ОЈДИП",9,плодороден,0.1726
Милош Линдро,"ЛАЈ, ЈОКАСТА И ОЈДИП",10,препнат,0.1726
Милош Линдро,НАДВОР,1,неразграден,0.31
Милош Линдро,НАДВОР,2,одвик,0.31
Милош Линдро,НАДВОР,3,отслик,0.31
Милош Линдро,НАДВОР,4,пребег,0.31
Милош Линдро,НАДВОР,5,премисла,0.31
Милош Линдро,НАДВОР,6,сведочи,0.2808
Милош Линдро,НАДВОР,7,крупен,0.2714
Милош Линдро,НАДВОР,8,отворено,0.2517
Милош Линдро,НАДВОР,9,намера,0.2467
Милош Линдро,НАДВОР,10,уплав,0.2467
Милош Линдро,НЕКОГАШ РЕКОВ,1,здрачен,0.3115
Милош Линдро,НЕКОГАШ РЕКОВ,2,непречено,0.3115
Милош Линдро,НЕКОГАШ РЕКОВ,3,одвикнат,0.3115
Милош Линдро,НЕКОГАШ РЕКОВ,4,двоумење,0.2944
Милош Линдро,НЕКОГАШ РЕКОВ,5,неповикан,0.2944
Милош Линдро,НЕКОГАШ РЕКОВ,6,пласти,0.2728
Милош Линдро,НЕКОГАШ РЕКОВ,7,насели,0.2651
Милош Линдро,НЕКОГАШ РЕКОВ,8,минато,0.2142
Милош Линдро,НЕКОГАШ РЕКОВ,9,светло,0.2122
Милош Линдро,НЕКОГАШ РЕКОВ,10,иде,0.2015
Милош Линдро,ОРФЕЈ,1,врати,0.1849
Милош Линдро,ОРФЕЈ,2,возврати,0.1831
Милош Линдро,ОРФЕЈ,3,достојно,0.1831
Милош Линдро,ОРФЕЈ,4,дотера,0.1831
Милош Линдро,ОРФЕЈ,5,нарисан,0.1831
Милош Линдро,ОРФЕЈ,6,осветник,0.1831
Милош Линдро,ОРФЕЈ,7,палка,0.1831
Милош Линдро,ОРФЕЈ,8,преуреден,0.1831
Милош Линдро,ОРФЕЈ,9,прудолу,0.1831
Милош Линдро,ОРФЕЈ,10,решен,0.1831
Милош Линдро,ОСКВЕРНУВАЊЕ,1,ненаш,0.301
Милош Линдро,ОСКВЕРНУВАЊЕ,2,оскверавен,0.301
Милош Линдро,ОСКВЕРНУВАЊЕ,3,позор,0.301
Милош Линдро,ОСКВЕРНУВАЊЕ,4,прелие,0.301
Милош Линдро,ОСКВЕРНУВАЊЕ,5,претече,0.2844
Милош Линдро,ОСКВЕРНУВАЊЕ,6,издив,0.2727
Милош Линдро,ОСКВЕРНУВАЊЕ,7,инаков,0.2727
Милош Линдро,ОСКВЕРНУВАЊЕ,8,преполн,0.2498
Милош Линдро,ОСКВЕРНУВАЊЕ,9,среде,0.2498
Милош Линдро,ОСКВЕРНУВАЊЕ,10,зли,0.2444
Милош Линдро,ПРЕДУПРЕДА,1,долгоочекуван,0.1957
Милош Линдро,ПРЕДУПРЕДА,2,измерен,0.1957
Милош Линдро,ПРЕДУПРЕДА,3,кога-тогаш,0.1957
Милош Линдро,ПРЕДУПРЕДА,4,набразди,0.1957
Милош Линдро,ПРЕДУПРЕДА,5,ненавремено,0.1957
Милош Линдро,ПРЕДУПРЕДА,6,пророни,0.1957
Милош Линдро,ПРЕДУПРЕДА,7,син-слово,0.1957
Милош Линдро,ПРЕДУПРЕДА,8,татне,0.1957
Милош Линдро,ПРЕДУПРЕДА,9,неизоставно,0.1849
Милош Линдро,ПРЕДУПРЕДА,10,распука,0.1849
Милош Линдро,ПРИДУШЕНИОТ ГЛАС,1,јадач,0.2717
Милош Линдро,ПРИДУШЕНИОТ ГЛАС,2,мири,0.2567
Милош Линдро,ПРИДУШЕНИОТ ГЛАС,3,придушен,0.2567
Милош Линдро,ПРИДУШЕНИОТ ГЛАС,4,такт,0.2567
Милош Линдро,ПРИДУШЕНИОТ ГЛАС,5,смерен,0.2379
Милош Линдро,ПРИДУШЕНИОТ ГЛАС,6,стаде,0.2379
Милош Линдро,ПРИДУШЕНИОТ ГЛАС,7,прифати,0.2312
Милош Линдро,ПРИДУШЕНИОТ ГЛАС,8,реч,0.2312
Милош Линдро,ПРИДУШЕНИОТ ГЛАС,9,јадар,0.2312
Милош Линдро,ПРИДУШЕНИОТ ГЛАС,10,отворено,0.2206
Милош Линдро,Падот на создателот,1,он,0.3518
Милош Линдро,Падот на создателот,2,преизподен,0.2482
Милош Линдро,Падот на создателот,3,двера,0.2345
Милош Линдро,Падот на создателот,4,небеса,0.1645
Милош Линдро,Падот на создателот,5,ангел,0.1548
Милош Линдро,Падот на создателот,6,сопствен,0.1538
Милош Линдро,Падот на создателот,7,еон,0.1241
Милош Линдро,Падот на создателот,8,задмине,0.1241
Милош Линдро,Падот на создателот,9,надвиен,0.1241
Милош Линдро,Падот на создателот,10,нестивнувачки,0.1241
Милош Линдро,РАЗМИНУВАЊЕ,1,зборува,0.2929
Милош Линдро,РАЗМИНУВАЊЕ,2,само,0.2349
Милош Линдро,РАЗМИНУВАЊЕ,3,ден-денес,0.2347
Милош Линдро,РАЗМИНУВАЊЕ,4,кривоклетие,0.2347
Милош Линдро,РАЗМИНУВАЊЕ,5,маловерен,0.2347
Милош Линдро,РАЗМИНУВАЊЕ,6,празнословие,0.2347
Милош Линдро,РАЗМИНУВАЊЕ,7,продума,0.2347
Милош Линдро,РАЗМИНУВАЊЕ,8,слова,0.2347
Милош Линдро,РАЗМИНУВАЊЕ,9,срамословие,0.2347
Милош Линдро,РАЗМИНУВАЊЕ,10,малодушен,0.2218
Милош Линдро,РАМКАТА НА ЖИВОТОТ,1,вознесе,0.2463
Милош Линдро,РАМКАТА НА ЖИВОТОТ,2,вјавне,0.2463
Милош Линдро,РАМКАТА НА ЖИВОТОТ,3,затскри,0.2463
Милош Линдро,РАМКАТА НА ЖИВОТОТ,4,нишкање,0.2463
Милош Линдро,РАМКАТА НА ЖИВОТОТ,5,плашливо,0.2463
Милош Линдро,РАМКАТА НА ЖИВОТОТ,6,појавен,0.2463
Милош Линдро,РАМКАТА НА ЖИВОТОТ,7,шиндра,0.2463
Милош Линдро,РАМКАТА НА ЖИВОТОТ,8,кршлив,0.2327
Милош Линдро,РАМКАТА НА ЖИВОТОТ,9,линдра,0.2327
Милош Линдро,РАМКАТА НА ЖИВОТОТ,10,пожолтен,0.2157
Милош Линдро,САМОЗАБОРАВ,1,невид,0.2674
Милош Линдро,САМОЗАБОРАВ,2,површта,0.2674
Милош Линдро,САМОЗАБОРАВ,3,проговор,0.2674
Милош Линдро,САМОЗАБОРАВ,4,невера,0.2527
Милош Линдро,САМОЗАБОРАВ,5,ромор,0.2527
Милош Линдро,САМОЗАБОРАВ,6,исполнет,0.2342
Милош Линдро,САМОЗАБОРАВ,7,пласти,0.2342
Милош Линдро,САМОЗАБОРАВ,8,распослан,0.2342
Милош Линдро,САМОЗАБОРАВ,9,спокојно,0.2342
Милош Линдро,САМОЗАБОРАВ,10,шумно,0.2276
Милош Линдро,СВЕДОШТВОТО НА ЕНОХ ЗА АДАМА,1,зело,0.2899
Милош Линдро,СВЕДОШТВОТО НА ЕНОХ ЗА АДАМА,2,земја,0.2563
Милош Линдро,СВЕДОШТВОТО НА ЕНОХ ЗА АДАМА,3,буква,0.2325
Милош Линдро,СВЕДОШТВОТО НА ЕНОХ ЗА АДАМА,4,маж,0.2179
Милош Линдро,СВЕДОШТВОТО НА ЕНОХ ЗА АДАМА,5,адор,0.2133
Милош Линдро,СВЕДОШТВОТО НА ЕНОХ ЗА АДАМА,6,таму,0.2076
Милош Линдро,СВЕДОШТВОТО НА ЕНОХ ЗА АДАМА,7,адама,0.2016
Милош Линдро,СВЕДОШТВОТО НА ЕНОХ ЗА АДАМА,8,ана,0.2016
Милош Линдро,СВЕДОШТВОТО НА ЕНОХ ЗА АДАМА,9,ѕвезда,0.1997
Милош Линдро,СВЕДОШТВОТО НА ЕНОХ ЗА АДАМА,10,отише,0.1933
Милош Линдро,СО ГОВОРОТ,1,изискува,0.286
Милош Линдро,СО ГОВОРОТ,2,имање,0.286
Милош Линдро,СО ГОВОРОТ,3,метнува,0.286
Милош Линдро,СО ГОВОРОТ,4,подлог,0.286
Милош Линдро,СО ГОВОРОТ,5,покров,0.2703
Милош Линдро,СО ГОВОРОТ,6,прогледува,0.2703
Милош Линдро,СО ГОВОРОТ,7,стапнува,0.2703
Милош Линдро,СО ГОВОРОТ,8,стигнува,0.2504
Милош Линдро,СО ГОВОРОТ,9,одење,0.2434
Милош Линдро,СО ГОВОРОТ,10,заден,0.2322
Милош Линдро,СТРОЕЊЕ,1,другост,0.2616
Милош Линдро,СТРОЕЊЕ,2,исход,0.2616
Милош Линдро,СТРОЕЊЕ,3,назадгазум,0.2616
Милош Линдро,СТРОЕЊЕ,4,неодминлив,0.2616
Милош Линдро,СТРОЕЊЕ,5,одречно,0.2616
Милош Линдро,СТРОЕЊЕ,6,основ,0.2616
Милош Линдро,СТРОЕЊЕ,7,крево,0.2472
Милош Линдро,СТРОЕЊЕ,8,говори,0.2124
Милош Линдро,СТРОЕЊЕ,9,краен,0.2124
Милош Линдро,СТРОЕЊЕ,10,таван,0.2124
Милош Линдро,Словото-знак на синот,1,свиреж,0.3016
Милош Линдро,Словото-знак на синот,2,грмеж,0.285
Милош Линдро,Словото-знак на синот,3,сат,0.285
Милош Линдро,Словото-знак на синот,4,свој,0.1674
Милош Линдро,Словото-знак на синот,5,гореш,0.1508
Милош Линдро,Словото-знак на синот,6,затресе,0.1508
Милош Линдро,Словото-знак на синот,7,избледнее,0.1508
Милош Линдро,Словото-знак на синот,8,неизмерен,0.1508
Милош Линдро,Словото-знак на синот,9,несвенлив,0.1508
Милош Линдро,Словото-знак на синот,10,повел,0.1508
Милош Линдро,ТОЧКА НА ПРЕВОЈ,1,изѕидан,0.2729
Милош Линдро,ТОЧКА НА ПРЕВОЈ,2,незапирно,0.2472
Милош Линдро,ТОЧКА НА ПРЕВОЈ,3,сеприсутен,0.239
Милош Линдро,ТОЧКА НА ПРЕВОЈ,4,сита,0.239
Милош Линдро,ТОЧКА НА ПРЕВОЈ,5,вознес,0.2322
Милош Линдро,ТОЧКА НА ПРЕВОЈ,6,неба,0.2265
Милош Линдро,ТОЧКА НА ПРЕВОЈ,7,среде,0.2265
Милош Линдро,ТОЧКА НА ПРЕВОЈ,8,решетка,0.2172
Милош Линдро,ТОЧКА НА ПРЕВОЈ,9,слух,0.2098
Милош Линдро,ТОЧКА НА ПРЕВОЈ,10,пад,0.2065
Петре М. Андреевски,1903,1,слобода,0.309
Петре М. Андреевски,1903,2,смрт,0.2691
Петре М. Андреевски,1903,3,погоди,0.222
Петре М. Андреевски,1903,4,води,0.1597
Петре М. Андреевски,1903,5,мака,0.1529
Петре М. Андреевски,1903,6,гаврану,0.1337
Петре М. Андреевски,1903,7,годино,0.1337
Петре М. Андреевски,1903,8,збиру,0.1337
Петре М. Андреевски,1903,9,камбанаријо,0.1337
Петре М. Андреевски,1903,10,недоветно,0.1337
Петре М. Андреевски,АКО НЕ СИ ТИ,1,погоди,0.2402
Петре М. Андреевски,АКО НЕ СИ ТИ,2,доближи,0.235
Петре М. Андреевски,АКО НЕ СИ ТИ,3,твој,0.2172
Петре М. Андреевски,АКО НЕ СИ ТИ,4,онаму,0.2159
Петре М. Андреевски,АКО НЕ СИ ТИ,5,боја,0.1728
Петре М. Андреевски,АКО НЕ СИ ТИ,6,куќа,0.1608
Петре М. Андреевски,АКО НЕ СИ ТИ,7,постои,0.154
Петре М. Андреевски,АКО НЕ СИ ТИ,8,гал,0.1447
Петре М. Андреевски,АКО НЕ СИ ТИ,9,збогатува,0.1447
Петре М. Андреевски,АКО НЕ СИ ТИ,10,порачува,0.1447
Петре М. Андреевски,БОЛЕСТА НА ДЕНИЦИЈА,1,оздрави,0.2231
Петре М. Андреевски,БОЛЕСТА НА ДЕНИЦИЈА,2,знае,0.1948
Петре М. Андреевски,БОЛЕСТА НА ДЕНИЦИЈА,3,умира,0.1662
Петре М. Андреевски,БОЛЕСТА НА ДЕНИЦИЈА,4,умре,0.1648
Петре М. Андреевски,БОЛЕСТА НА ДЕНИЦИЈА,5,губи,0.1569
Петре М. Андреевски,БОЛЕСТА НА ДЕНИЦИЈА,6,враќа,0.1415
Петре М. Андреевски,БОЛЕСТА НА ДЕНИЦИЈА,7,воздух,0.1361
Петре М. Андреевски,БОЛЕСТА НА ДЕНИЦИЈА,8,нејзин,0.1356
Петре М. Андреевски,БОЛЕСТА НА ДЕНИЦИЈА,9,мисла,0.1305
Петре М. Андреевски,БОЛЕСТА НА ДЕНИЦИЈА,10,глава,0.1286
Петре М. Андреевски,ВО СОБАТА НА ДЕНИЦИЈА,1,соба,0.4881
Петре М. Андреевски,ВО СОБАТА НА ДЕНИЦИЈА,2,нејзин,0.463
Петре М. Андреевски,ВО СОБАТА НА ДЕНИЦИЈА,3,заборави,0.3395
Петре М. Андреевски,ВО СОБАТА НА ДЕНИЦИЈА,4,еден,0.1575
Петре М. Андреевски,ВО СОБАТА НА ДЕНИЦИЈА,5,мува,0.1234
Петре М. Андреевски,ВО СОБАТА НА ДЕНИЦИЈА,6,друг,0.1194
Петре М. Андреевски,ВО СОБАТА НА ДЕНИЦИЈА,7,чита,0.1115
Петре М. Андреевски,ВО СОБАТА НА ДЕНИЦИЈА,8,пеперуга,0.1041
Петре М. Андреевски,ВО СОБАТА НА ДЕНИЦИЈА,9,може,0.1029
Петре М. Андреевски,ВО СОБАТА НА ДЕНИЦИЈА,10,молња,0.1008
Петре М. Андреевски,ВТОРА ИСПОВЕД,1,прв,0.8972
Петре М. Андреевски,ВТОРА ИСПОВЕД,2,коложег,0.1027
Петре М. Андреевски,ВТОРА ИСПОВЕД,3,заљубен,0.09
Петре М. Андреевски,ВТОРА ИСПОВЕД,4,успее,0.0778
Петре М. Андреевски,ВТОРА ИСПОВЕД,5,твој,0.0771
Петре М. Андреевски,ВТОРА ИСПОВЕД,6,ѕвер,0.0706
Петре М. Андреевски,ВТОРА ИСПОВЕД,7,мој,0.0672
Петре М. Андреевски,ВТОРА ИСПОВЕД,8,дожд,0.0565
Петре М. Андреевски,ВТОРА ИСПОВЕД,9,пламен,0.0556
Петре М. Андреевски,ВТОРА ИСПОВЕД,10,вардевме,0.0514
Петре М. Андреевски,ВТОРО ПИСМО,1,мој,0.3231
Петре М. Андреевски,ВТОРО ПИСМО,2,чита,0.2847
Петре М. Андреевски,ВТОРО ПИСМО,3,твој,0.2779
Петре М. Андреевски,ВТОРО ПИСМО,4,паметува,0.2237
Петре М. Андреевски,ВТОРО ПИСМО,5,љуби,0.1562
Петре М. Андреевски,ВТОРО ПИСМО,6,свој,0.137
Петре М. Андреевски,ВТОРО ПИСМО,7,живее,0.1313
Петре М. Андреевски,ВТОРО ПИСМО,8,величетврток,0.1234
Петре М. Андреевски,ВТОРО ПИСМО,9,копна,0.1234
Петре М. Андреевски,ВТОРО ПИСМО,10,пола,0.1234
Петре М. Андреевски,До кога,1,овде,0.5265
Петре М. Андреевски,До кога,2,убаво,0.3563
Петре М. Андреевски,До кога,3,убиец,0.3563
Петре М. Андреевски,До кога,4,вака,0.308
Петре М. Андреевски,До кога,5,може,0.2886
Петре М. Андреевски,До кога,6,лесно,0.2721
Петре М. Андреевски,До кога,7,праша,0.2653
Петре М. Андреевски,До кога,8,можеби,0.2292
Петре М. Андреевски,До кога,9,каже,0.2183
Петре М. Андреевски,До кога,10,убав,0.2147
Петре М. Андреевски,ИЗЛЕТ,1,ѕевгар,0.3113
Петре М. Андреевски,ИЗЛЕТ,2,маж,0.212
Петре М. Андреевски,ИЗЛЕТ,3,ноќа,0.203
Петре М. Андреевски,ИЗЛЕТ,4,нејзин,0.1656
Петре М. Андреевски,ИЗЛЕТ,5,допи,0.1557
Петре М. Андреевски,ИЗЛЕТ,6,неола,0.1557
Петре М. Андреевски,ИЗЛЕТ,7,неспрегнат,0.1557
Петре М. Андреевски,ИЗЛЕТ,8,бивол,0.1471
Петре М. Андреевски,ИЗЛЕТ,9,грав,0.1471
Петре М. Андреевски,ИЗЛЕТ,10,рал,0.1471
Петре М. Андреевски,Има денови,1,избегнува,0.3639
Петре М. Андреевски,Има денови,2,друг,0.2996
Петре М. Андреевски,Има денови,3,само,0.2428
Петре М. Андреевски,Има денови,4,сретне,0.2354
Петре М. Андреевски,Има денови,5,ден,0.2106
Петре М. Андреевски,Има денови,6,викота,0.1819
Петре М. Андреевски,Има денови,7,дотечен,0.1819
Петре М. Андреевски,Има денови,8,поземи,0.1819
Петре М. Андреевски,Има денови,9,путоши,0.1819
Петре М. Андреевски,Има денови,10,слуша,0.1794
Петре М. Андреевски,КОГА ЈА ЉУБЕВ ДЕНИЦИЈА,1,дениција,0.5303
Петре М. Андреевски,КОГА ЈА ЉУБЕВ ДЕНИЦИЈА,2,љуби,0.4042
Петре М. Андреевски,КОГА ЈА ЉУБЕВ ДЕНИЦИЈА,3,славеј,0.1835
Петре М. Андреевски,КОГА ЈА ЉУБЕВ ДЕНИЦИЈА,4,воздух,0.1365
Петре М. Андреевски,КОГА ЈА ЉУБЕВ ДЕНИЦИЈА,5,калемев,0.1278
Петре М. Андреевски,КОГА ЈА ЉУБЕВ ДЕНИЦИЈА,6,одделував,0.1278
Петре М. Андреевски,КОГА ЈА ЉУБЕВ ДЕНИЦИЈА,7,пронајдував,0.1278
Петре М. Андреевски,КОГА ЈА ЉУБЕВ ДЕНИЦИЈА,8,спријателува,0.1278
Петре М. Андреевски,КОГА ЈА ЉУБЕВ ДЕНИЦИЈА,9,сместен,0.1208
Петре М. Андреевски,КОГА ЈА ЉУБЕВ ДЕНИЦИЈА,10,зимен,0.1158
Петре М. Андреевски,Како ќе го најдеш Ристо Шишков,1,згреши,0.3302
Петре М. Андреевски,Како ќе го најдеш Ристо Шишков,2,негов,0.2831
Петре М. Андреевски,Како ќе го најдеш Ристо Шишков,3,каже,0.1955
Петре М. Андреевски,Како ќе го најдеш Ристо Шишков,4,едикоис,0.1823
Петре М. Андреевски,Како ќе го најдеш Ристо Шишков,5,едишто,0.1823
Петре М. Андреевски,Како ќе го најдеш Ристо Шишков,6,изминува,0.1823
Петре М. Андреевски,Како ќе го најдеш Ристо Шишков,7,ест,0.1722
Петре М. Андреевски,Како ќе го најдеш Ристо Шишков,8,отсекаде,0.1722
Петре М. Андреевски,Како ќе го најдеш Ристо Шишков,9,сенка,0.1687
Петре М. Андреевски,Како ќе го најдеш Ристо Шишков,10,оддалечува,0.1596
Петре М. Андреевски,Ко да беше лани,1,твој,0.2743
Петре М. Андреевски,Ко да беше лани,2,пошти,0.2437
Петре М. Андреевски,Ко да беше лани,3,бајрактар,0.2303
Петре М. Андреевски,Ко да беше лани,4,моштин,0.2303
Петре М. Андреевски,Ко да беше лани,5,подземе,0.2303
Петре М. Андреевски,Ко да беше лани,6,сношти,0.2073
Петре М. Андреевски,Ко да беше лани,7,бајрак,0.1939
Петре М. Андреевски,Ко да беше лани,8,бесмртен,0.1939
Петре М. Андреевски,Ко да беше лани,9,вчера,0.1873
Петре М. Андреевски,Ко да беше лани,10,смрт,0.1838
Петре М. Андреевски,Кукавица,1,кукање,0.6985
Петре М. Андреевски,Кукавица,2,кука,0.5961
Петре М. Андреевски,Кукавица,3,брат,0.0955
Петре М. Андреевски,Кукавица,4,заборави,0.0937
Петре М. Андреевски,Кукавица,5,знае,0.0804
Петре М. Андреевски,Кукавица,6,убав,0.074
Петре М. Андреевски,Кукавица,7,место,0.0703
Петре М. Андреевски,Кукавица,8,кукавичин,0.0701
Петре М. Андреевски,Кукавица,9,куковден,0.0701
Петре М. Андреевски,Кукавица,10,порачан,0.0701
Петре М. Андреевски,ЛЕТУВАЊЕ,1,нејзин,0.2843
Петре М. Андреевски,ЛЕТУВАЊЕ,2,треба,0.2643
Петре М. Андреевски,ЛЕТУВАЊЕ,3,премести,0.2421
Петре М. Андреевски,ЛЕТУВАЊЕ,4,појавува,0.234
Петре М. Андреевски,ЛЕТУВАЊЕ,5,море,0.1957
Петре М. Андреевски,ЛЕТУВАЊЕ,6,секаде,0.1838
Петре М. Андреевски,ЛЕТУВАЊЕ,7,дома,0.1716
Петре М. Андреевски,ЛЕТУВАЊЕ,8,брсјачки,0.1263
Петре М. Андреевски,ЛЕТУВАЊЕ,9,заболување,0.1263
Петре М. Андреевски,ЛЕТУВАЊЕ,10,напамет,0.1263
Петре М. Андреевски,Летно пладне,1,брка,0.2923
Петре М. Андреевски,Летно пладне,2,рид,0.197
Петре М. Андреевски,Летно пладне,3,бегање,0.1669
Петре М. Андреевски,Летно пладне,4,вол,0.1669
Петре М. Андреевски,Летно пладне,5,исмејува,0.1669
Петре М. Андреевски,Летно пладне,6,ите,0.1669
Петре М. Андреевски,Летно пладне,7,кинисува,0.1669
Петре М. Андреевски,Летно пладне,8,насаден,0.1669
Петре М. Андреевски,Летно пладне,9,одзади,0.1669
Петре М. Андреевски,Летно пладне,10,созема,0.1669
Петре М. Андреевски,Летување,1,нејзин,0.285
Петре М. Андреевски,Летување,2,треба,0.265
Петре М. Андреевски,Летување,3,премести,0.2427
Петре М. Андреевски,Летување,4,појавува,0.2346
Петре М. Андреевски,Летување,5,море,0.1962
Петре М. Андреевски,Летување,6,секаде,0.1842
Петре М. Андреевски,Летување,7,дома,0.172
Петре М. Андреевски,Летување,8,брсјачки,0.1266
Петре М. Андреевски,Летување,9,заболување,0.1266
Петре М. Андреевски,Летување,10,напамет,0.1266
Петре М. Андреевски,Лицето на зборовите,1,баба,0.4694
Петре М. Андреевски,Лицето на зборовите,2,запамети,0.268
Петре М. Андреевски,Лицето на зборовите,3,скутина,0.268
Петре М. Андреевски,Лицето на зборовите,4,лице,0.253
Петре М. Андреевски,Лицето на зборовите,5,еден,0.2495
Петре М. Андреевски,Лицето на зборовите,6,запознае,0.2347
Петре М. Андреевски,Лицето на зборовите,7,гушне,0.2176
Петре М. Андреевски,Лицето на зборовите,8,скут,0.2133
Петре М. Андреевски,Лицето на зборовите,9,шарен,0.2133
Петре М. Андреевски,Лицето на зборовите,10,оддалеку,0.2095
Петре М. Андреевски,НА ГРОБОТ ОД ДЕНИЦИЈА,1,дениција,0.6169
Петре М. Андреевски,НА ГРОБОТ ОД ДЕНИЦИЈА,2,дошто,0.5717
Петре М. Андреевски,НА ГРОБОТ ОД ДЕНИЦИЈА,3,твој,0.2574
Петре М. Андреевски,НА ГРОБОТ ОД ДЕНИЦИЈА,4,види,0.1305
Петре М. Андреевски,НА ГРОБОТ ОД ДЕНИЦИЈА,5,блажен,0.0949
Петре М. Андреевски,НА ГРОБОТ ОД ДЕНИЦИЈА,6,мисли,0.0888
Петре М. Андреевски,НА ГРОБОТ ОД ДЕНИЦИЈА,7,везден,0.0879
Петре М. Андреевски,НА ГРОБОТ ОД ДЕНИЦИЈА,8,сив,0.0779
Петре М. Андреевски,НА ГРОБОТ ОД ДЕНИЦИЈА,9,сретне,0.074
Петре М. Андреевски,НА ГРОБОТ ОД ДЕНИЦИЈА,10,глуварица,0.0572
Петре М. Андреевски,Наопачно оро,1,таму,0.6409
Петре М. Андреевски,Наопачно оро,2,свирка,0.262
Петре М. Андреевски,Наопачно оро,3,глува,0.2531
Петре М. Андреевски,Наопачно оро,4,лев,0.2456
Петре М. Андреевски,Наопачно оро,5,негде,0.2311
Петре М. Андреевски,Наопачно оро,6,оро,0.2311
Петре М. Андреевски,Наопачно оро,7,глув,0.2264
Петре М. Андреевски,Наопачно оро,8,слеп,0.2221
Петре М. Андреевски,Наопачно оро,9,нога,0.2001
Петре М. Андреевски,Наопачно оро,10,води,0.1966
Петре М. Андреевски,ОТКАКО ТЕ НЕМА,1,мој,0.3152
Петре М. Андреевски,ОТКАКО ТЕ НЕМА,2,продолжува,0.1796
Петре М. Андреевски,ОТКАКО ТЕ НЕМА,3,доживотен,0.1204
Петре М. Андреевски,ОТКАКО ТЕ НЕМА,4,држазен,0.1204
Петре М. Андреевски,ОТКАКО ТЕ НЕМА,5,железник,0.1204
Петре М. Андреевски,ОТКАКО ТЕ НЕМА,6,забаво,0.1204
Петре М. Андреевски,ОТКАКО ТЕ НЕМА,7,зближува,0.1204
Петре М. Андреевски,ОТКАКО ТЕ НЕМА,8,извикне,0.1204
Петре М. Андреевски,ОТКАКО ТЕ НЕМА,9,изговорен,0.1204
Петре М. Андреевски,ОТКАКО ТЕ НЕМА,10,интересен,0.1204
Петре М. Андреевски,ПЕСНА ЗА МОЈАТА ПЕСНА,1,речен,0.175
Петре М. Андреевски,ПЕСНА ЗА МОЈАТА ПЕСНА,2,грмотеви,0.1138
Петре М. Андреевски,ПЕСНА ЗА МОЈАТА ПЕСНА,3,дожда,0.1138
Петре М. Андреевски,ПЕСНА ЗА МОЈАТА ПЕСНА,4,запечатен,0.1138
Петре М. Андреевски,ПЕСНА ЗА МОЈАТА ПЕСНА,5,затскриен,0.1138
Петре М. Андреевски,ПЕСНА ЗА МОЈАТА ПЕСНА,6,мировен,0.1138
Петре М. Андреевски,ПЕСНА ЗА МОЈАТА ПЕСНА,7,неизодлив,0.1138
Петре М. Андреевски,ПЕСНА ЗА МОЈАТА ПЕСНА,8,непомрден,0.1138
Петре М. Андреевски,ПЕСНА ЗА МОЈАТА ПЕСНА,9,непце,0.1138
Петре М. Андреевски,ПЕСНА ЗА МОЈАТА ПЕСНА,10,отспрегне,0.1138
Петре М. Андреевски,ПЕСНА ЗА НЕЈЗИНАТА ПЕСНА,1,земја,0.2189
Петре М. Андреевски,ПЕСНА ЗА НЕЈЗИНАТА ПЕСНА,2,добива,0.2069
Петре М. Андреевски,ПЕСНА ЗА НЕЈЗИНАТА ПЕСНА,3,сретне,0.1768
Петре М. Андреевски,ПЕСНА ЗА НЕЈЗИНАТА ПЕСНА,4,нејзин,0.1454
Петре М. Андреевски,ПЕСНА ЗА НЕЈЗИНАТА ПЕСНА,5,бесцен,0.1291
Петре М. Андреевски,ПЕСНА ЗА НЕЈЗИНАТА ПЕСНА,6,болска,0.1291
Петре М. Андреевски,ПЕСНА ЗА НЕЈЗИНАТА ПЕСНА,7,заоблува,0.1291
Петре М. Андреевски,ПЕСНА ЗА НЕЈЗИНАТА ПЕСНА,8,запомнував,0.1291
Петре М. Андреевски,ПЕСНА ЗА НЕЈЗИНАТА ПЕСНА,9,иследувач,0.1291
Петре М. Андреевски,ПЕСНА ЗА НЕЈЗИНАТА ПЕСНА,10,купечки,0.1291
Петре М. Андреевски,ПЕТТО ПИСМО,1,бара,0.5431
Петре М. Андреевски,ПЕТТО ПИСМО,2,непроучен,0.199
Петре М. Андреевски,ПЕТТО ПИСМО,3,неразбран,0.1652
Петре М. Андреевски,ПЕТТО ПИСМО,4,најде,0.1063
Петре М. Андреевски,ПЕТТО ПИСМО,5,атентат,0.0995
Петре М. Андреевски,ПЕТТО ПИСМО,6,билјарка,0.0995
Петре М. Андреевски,ПЕТТО ПИСМО,7,вчудовиден,0.0995
Петре М. Андреевски,ПЕТТО ПИСМО,8,зашива,0.0995
Петре М. Андреевски,ПЕТТО ПИСМО,9,интерпункцција,0.0995
Петре М. Андреевски,ПЕТТО ПИСМО,10,киселица,0.0995
Петре М. Андреевски,ПРВА ИСПОВЕД,1,куќа,0.273
Петре М. Андреевски,ПРВА ИСПОВЕД,2,убавице,0.2322
Петре М. Андреевски,ПРВА ИСПОВЕД,3,искрен,0.204
Петре М. Андреевски,ПРВА ИСПОВЕД,4,наш,0.1989
Петре М. Андреевски,ПРВА ИСПОВЕД,5,тајно,0.1889
Петре М. Андреевски,ПРВА ИСПОВЕД,6,мој,0.1608
Петре М. Андреевски,ПРВА ИСПОВЕД,7,коњ,0.1555
Петре М. Андреевски,ПРВА ИСПОВЕД,8,знае,0.1409
Петре М. Андреевски,ПРВА ИСПОВЕД,9,може,0.1307
Петре М. Андреевски,ПРВА ИСПОВЕД,10,глава,0.1241
Петре М. Андреевски,ПРВАТА РАЗДЕЛБА,1,далеку,0.1934
Петре М. Андреевски,ПРВАТА РАЗДЕЛБА,2,солза,0.1879
Петре М. Андреевски,ПРВАТА РАЗДЕЛБА,3,дерем,0.1781
Петре М. Андреевски,ПРВАТА РАЗДЕЛБА,4,тристан,0.1781
Петре М. Андреевски,ПРВАТА РАЗДЕЛБА,5,задева,0.1683
Петре М. Андреевски,ПРВАТА РАЗДЕЛБА,6,колнев,0.1683
Петре М. Андреевски,ПРВАТА РАЗДЕЛБА,7,посвети,0.1683
Петре М. Андреевски,ПРВАТА РАЗДЕЛБА,8,предишен,0.1683
Петре М. Андреевски,ПРВАТА РАЗДЕЛБА,9,престројува,0.1683
Петре М. Андреевски,ПРВАТА РАЗДЕЛБА,10,придојден,0.1683
Петре М. Андреевски,ПРВИТЕ ПОДАТОЦИ ЗА ДЕНИЦИЈА,1,дениција,0.3568
Петре М. Андреевски,ПРВИТЕ ПОДАТОЦИ ЗА ДЕНИЦИЈА,2,реткост,0.2149
Петре М. Андреевски,ПРВИТЕ ПОДАТОЦИ ЗА ДЕНИЦИЈА,3,нејзин,0.1715
Петре М. Андреевски,ПРВИТЕ ПОДАТОЦИ ЗА ДЕНИЦИЈА,4,диши,0.168
Петре М. Андреевски,ПРВИТЕ ПОДАТОЦИ ЗА ДЕНИЦИЈА,5,дневен,0.1652
Петре М. Андреевски,ПРВИТЕ ПОДАТОЦИ ЗА ДЕНИЦИЈА,6,значи,0.1437
Петре М. Андреевски,ПРВИТЕ ПОДАТОЦИ ЗА ДЕНИЦИЈА,7,верува,0.1276
Петре М. Андреевски,ПРВИТЕ ПОДАТОЦИ ЗА ДЕНИЦИЈА,8,оган,0.1255
Петре М. Андреевски,ПРВИТЕ ПОДАТОЦИ ЗА ДЕНИЦИЈА,9,може,0.1143
Петре М. Андреевски,ПРВИТЕ ПОДАТОЦИ ЗА ДЕНИЦИЈА,10,безбедност,0.1075
Петре М. Андреевски,ПРВО ПИСМО,1,видлив,0.3318
Петре М. Андреевски,ПРВО ПИСМО,2,слух,0.2212
Петре М. Андреевски,ПРВО ПИСМО,3,твој,0.216
Петре М. Андреевски,ПРВО ПИСМО,4,афионов,0.1439
Петре М. Андреевски,ПРВО ПИСМО,5,закажан,0.1439
Петре М. Андреевски,ПРВО ПИСМО,6,крајпатен,0.1439
Петре М. Андреевски,ПРВО ПИСМО,7,купен,0.1439
Петре М. Андреевски,ПРВО ПИСМО,8,меанче,0.1439
Петре М. Андреевски,ПРВО ПИСМО,9,навива,0.1439
Петре М. Андреевски,ПРВО ПИСМО,10,надојдува,0.1439
Петре М. Андреевски,Песна за нејзината песна,1,земја,0.2141
Петре М. Андреевски,Песна за нејзината песна,2,сè,0.2098
Петре М. Андреевски,Песна за нејзината песна,3,добива,0.2022
Петре М. Андреевски,Песна за нејзината песна,4,сретне,0.1729
Петре М. Андреевски,Песна за нејзината песна,5,нејзин,0.1421
Петре М. Андреевски,Песна за нејзината песна,6,бесцен,0.1262
Петре М. Андреевски,Песна за нејзината песна,7,болска,0.1262
Петре М. Андреевски,Песна за нејзината песна,8,заоблува,0.1262
Петре М. Андреевски,Песна за нејзината песна,9,запомнував,0.1262
Петре М. Андреевски,Песна за нејзината песна,10,иследувач,0.1262
Петре М. Андреевски,Првата разделба,1,сè,0.2264
Петре М. Андреевски,Првата разделба,2,далеку,0.2088
Петре М. Андреевски,Првата разделба,3,задева,0.1816
Петре М. Андреевски,Првата разделба,4,колнев,0.1816
Петре М. Андреевски,Првата разделба,5,посвети,0.1816
Петре М. Андреевски,Првата разделба,6,предишен,0.1816
Петре М. Андреевски,Првата разделба,7,престројува,0.1816
Петре М. Андреевски,Првата разделба,8,придојден,0.1816
Петре М. Андреевски,Првата разделба,9,противее,0.1816
Петре М. Андреевски,Првата разделба,10,развенчан,0.1816
Петре М. Андреевски,Проштенски поклади,1,проштава,0.7841
Петре М. Андреевски,Проштенски поклади,2,денеска,0.2395
Петре М. Андреевски,Проштенски поклади,3,негов,0.1493
Петре М. Андреевски,Проштенски поклади,4,кажување,0.1442
Петре М. Андреевски,Проштенски поклади,5,прорече,0.1442
Петре М. Андреевски,Проштенски поклади,6,наречница,0.1363
Петре М. Андреевски,Проштенски поклади,7,опачина,0.1363
Петре М. Андреевски,Проштенски поклади,8,нарече,0.1307
Петре М. Андреевски,Проштенски поклади,9,почине,0.1197
Петре М. Андреевски,Проштенски поклади,10,ноќ,0.1193
Петре М. Андреевски,СПИЕЊЕТО НА ДЕНИЦИЈА,1,нејзин,0.3178
Петре М. Андреевски,СПИЕЊЕТО НА ДЕНИЦИЈА,2,таен,0.1868
Петре М. Андреевски,СПИЕЊЕТО НА ДЕНИЦИЈА,3,ден,0.1844
Петре М. Андреевски,СПИЕЊЕТО НА ДЕНИЦИЈА,4,става,0.1716
Петре М. Андреевски,СПИЕЊЕТО НА ДЕНИЦИЈА,5,помине,0.1643
Петре М. Андреевски,СПИЕЊЕТО НА ДЕНИЦИЈА,6,лежи,0.1427
Петре М. Андреевски,СПИЕЊЕТО НА ДЕНИЦИЈА,7,далеку,0.1298
Петре М. Андреевски,СПИЕЊЕТО НА ДЕНИЦИЈА,8,може,0.1271
Петре М. Андреевски,СПИЕЊЕТО НА ДЕНИЦИЈА,9,закопчува,0.1195
Петре М. Андреевски,СПИЕЊЕТО НА ДЕНИЦИЈА,10,засолнат,0.1195
Петре М. Андреевски,Сеќавање,1,рече,0.4202
Петре М. Андреевски,Сеќавање,2,сеќава,0.3591
Петре М. Андреевски,Сеќавање,3,мисли,0.2781
Петре М. Андреевски,Сеќавање,4,гледа,0.2425
Петре М. Андреевски,Сеќавање,5,убав,0.1417
Петре М. Андреевски,Сеќавање,6,праша,0.1313
Петре М. Андреевски,Сеќавање,7,свој,0.1242
Петре М. Андреевски,Сеќавање,8,потоа,0.1217
Петре М. Андреевски,Сеќавање,9,дојде,0.1076
Петре М. Андреевски,Сеќавање,10,работи,0.105
Петре М. Андреевски,ТИ И ЈАС,1,мој,0.3119
Петре М. Андреевски,ТИ И ЈАС,2,душман,0.2062
Петре М. Андреевски,ТИ И ЈАС,3,твој,0.2044
Петре М. Андреевски,ТИ И ЈАС,4,така,0.1845
Петре М. Андреевски,ТИ И ЈАС,5,воздух,0.1455
Петре М. Андреевски,ТИ И ЈАС,6,блазе,0.1362
Петре М. Андреевски,ТИ И ЈАС,7,близен,0.1362
Петре М. Андреевски,ТИ И ЈАС,8,влијание,0.1362
Петре М. Андреевски,ТИ И ЈАС,9,вртоглавица,0.1362
Петре М. Андреевски,ТИ И ЈАС,10,изветрува,0.1362
Петре М. Андреевски,ТРЕТО ПИСМО,1,помислува,0.3568
Петре М. Андреевски,ТРЕТО ПИСМО,2,мој,0.2344
Петре М. Андреевски,ТРЕТО ПИСМО,3,предок,0.2281
Петре М. Андреевски,ТРЕТО ПИСМО,4,почнува,0.1813
Петре М. Андреевски,ТРЕТО ПИСМО,5,останува,0.1776
Петре М. Андреевски,ТРЕТО ПИСМО,6,трае,0.1742
Петре М. Андреевски,ТРЕТО ПИСМО,7,туѓ,0.1721
Петре М. Андреевски,ТРЕТО ПИСМО,8,година,0.1452
Петре М. Андреевски,ТРЕТО ПИСМО,9,ветрен,0.1433
Петре М. Андреевски,ТРЕТО ПИСМО,10,витол,0.1433
Петре М. Андреевски,Таа,1,тело,0.3863
Петре М. Андреевски,Таа,2,позајмува,0.272
Петре М. Андреевски,Таа,3,светлина,0.2575
Петре М. Андреевски,Таа,4,појава,0.257
Петре М. Андреевски,Таа,5,рамноденица,0.257
Петре М. Андреевски,Таа,6,душа,0.2418
Петре М. Андреевски,Таа,7,природен,0.2382
Петре М. Андреевски,Таа,8,дај,0.2258
Петре М. Андреевски,Таа,9,викне,0.2208
Петре М. Андреевски,Таа,10,напушта,0.2208
Петре М. Андреевски,Тешко мене,1,тешко,0.8289
Петре М. Андреевски,Тешко мене,2,онему,0.2066
Петре М. Андреевски,Тешко мене,3,тежок,0.1803
Петре М. Андреевски,Тешко мене,4,знае,0.1316
Петре М. Андреевски,Тешко мене,5,изгори,0.1118
Петре М. Андреевски,Тешко мене,6,може,0.0977
Петре М. Андреевски,Тешко мене,7,тежи,0.0957
Петре М. Андреевски,Тешко мене,8,тежина,0.0957
Петре М. Андреевски,Тешко мене,9,соба,0.0843
Петре М. Андреевски,Тешко мене,10,вистина,0.0796
Петре М. Андреевски,Тоа таму,1,таму,0.458
Петре М. Андреевски,Тоа таму,2,оттаму,0.4005
Петре М. Андреевски,Тоа таму,3,бара,0.3114
Петре М. Андреевски,Тоа таму,4,веќе,0.2652
Петре М. Андреевски,Тоа таму,5,чини,0.2179
Петре М. Андреевски,Тоа таму,6,гледа,0.1889
Петре М. Андреевски,Тоа таму,7,страна,0.1776
Петре М. Андреевски,Тоа таму,8,тоаби,0.1569
Петре М. Андреевски,Тоа таму,9,изменет,0.1482
Петре М. Андреевски,Тоа таму,10,прозборува,0.1482
Петре М. Андреевски,Тркалезни форми,1,тркалезен,0.926
Петре М. Андреевски,Тркалезни форми,2,трпеза,0.0756
Петре М. Андреевски,Тркалезни форми,3,единствен,0.062
Петре М. Андреевски,Тркалезни форми,4,уста,0.053
Петре М. Андреевски,Тркалезни форми,5,место,0.0476
Петре М. Андреевски,Тркалезни форми,6,брадавик,0.0475
Петре М. Андреевски,Тркалезни форми,7,вечераш,0.0475
Петре М. Андреевски,Тркалезни форми,8,вратниче,0.0475
Петре М. Андреевски,Тркалезни форми,9,засејува,0.0475
Петре М. Андреевски,Тркалезни форми,10,зафаќа,0.0475
Петре М. Андреевски,УМИЛКУВАЊЕ,1,сака,0.2885
Петре М. Андреевски,УМИЛКУВАЊЕ,2,сув,0.1689
Петре М. Андреевски,УМИЛКУВАЊЕ,3,вечен,0.164
Петре М. Андреевски,УМИЛКУВАЊЕ,4,влепа,0.1389
Петре М. Андреевски,УМИЛКУВАЊЕ,5,закова,0.1389
Петре М. Андреевски,УМИЛКУВАЊЕ,6,затне,0.1389
Петре М. Андреевски,УМИЛКУВАЊЕ,7,исцели,0.1389
Петре М. Андреевски,УМИЛКУВАЊЕ,8,куди,0.1389
Петре М. Андреевски,УМИЛКУВАЊЕ,9,молено,0.1389
Петре М. Андреевски,УМИЛКУВАЊЕ,10,одмижанка,0.1389
Петре М. Андреевски,УШТЕ ЕДНИ ПОДАТОЦИ ЗА ДЕНИЦИЈА,1,нејзин,0.2802
Петре М. Андреевски,УШТЕ ЕДНИ ПОДАТОЦИ ЗА ДЕНИЦИЈА,2,свој,0.2728
Петре М. Андреевски,УШТЕ ЕДНИ ПОДАТОЦИ ЗА ДЕНИЦИЈА,3,диши,0.1647
Петре М. Андреевски,УШТЕ ЕДНИ ПОДАТОЦИ ЗА ДЕНИЦИЈА,4,човек,0.1381
Петре М. Андреевски,УШТЕ ЕДНИ ПОДАТОЦИ ЗА ДЕНИЦИЈА,5,небесен,0.1289
Петре М. Андреевски,УШТЕ ЕДНИ ПОДАТОЦИ ЗА ДЕНИЦИЈА,6,вилает,0.1054
Петре М. Андреевски,УШТЕ ЕДНИ ПОДАТОЦИ ЗА ДЕНИЦИЈА,7,градее,0.1054
Петре М. Андреевски,УШТЕ ЕДНИ ПОДАТОЦИ ЗА ДЕНИЦИЈА,8,клучалник,0.1054
Петре М. Андреевски,УШТЕ ЕДНИ ПОДАТОЦИ ЗА ДЕНИЦИЈА,9,корза,0.1054
Петре М. Андреевски,УШТЕ ЕДНИ ПОДАТОЦИ ЗА ДЕНИЦИЈА,10,нотен,0.1054
Петре М. Андреевски,ЧЕТВРТО ПИСМО,1,година,0.4733
Петре М. Андреевски,ЧЕТВРТО ПИСМО,2,еден,0.2899
Петре М. Андреевски,ЧЕТВРТО ПИСМО,3,празен,0.1984
Петре М. Андреевски,ЧЕТВРТО ПИСМО,4,брани,0.1591
Петре М. Андреевски,ЧЕТВРТО ПИСМО,5,мој,0.1529
Петре М. Андреевски,ЧЕТВРТО ПИСМО,6,почнува,0.1478
Петре М. Андреевски,ЧЕТВРТО ПИСМО,7,балсам,0.1168
Петре М. Андреевски,ЧЕТВРТО ПИСМО,8,едначење,0.1168
Петре М. Андреевски,ЧЕТВРТО ПИСМО,9,елениче,0.1168
Петре М. Андреевски,ЧЕТВРТО ПИСМО,10,плетен,0.1168
Пијан Славеј,***,1,уво,0.2441
Пијан Славеј,***,2,песна,0.2338
Пијан Славеј,***,3,љубов,0.2302
Пијан Славеј,***,4,греби,0.197
Пијан Славеј,***,5,затрескан,0.197
Пијан Славеј,***,6,касаш,0.197
Пијан Славеј,***,7,наспан,0.197
Пијан Славеј,***,8,предиш,0.197
Пијан Славеј,***,9,раселен,0.197
Пијан Славеј,***,10,скутов,0.197
Пијан Славеј,1. (Адам и Ева),1,дама,0.2553
Пијан Славеј,1. (Адам и Ева),2,облека,0.2448
Пијан Славеј,1. (Адам и Ева),3,гол,0.2434
Пијан Славеј,1. (Адам и Ева),4,реши,0.2243
Пијан Славеј,1. (Адам и Ева),5,човек,0.1771
Пијан Славеј,1. (Адам и Ева),6,роден,0.1674
Пијан Славеј,1. (Адам и Ева),7,фати,0.1664
Пијан Славеј,1. (Адам и Ева),8,мајка,0.1468
Пијан Славеј,1. (Адам и Ева),9,жена,0.1449
Пијан Славеј,1. (Адам и Ева),10,прави,0.1409
Пијан Славеј,2. (Боксер),1,пушти,0.395
Пијан Славеј,2. (Боксер),2,лазев,0.3166
Пијан Славеј,2. (Боксер),3,разлигавен,0.3166
Пијан Славеј,2. (Боксер),4,штрбав,0.3166
Пијан Славеј,2. (Боксер),5,бодре,0.2868
Пијан Славеј,2. (Боксер),6,стутка,0.2868
Пијан Славеј,2. (Боксер),7,јагне,0.257
Пијан Славеј,2. (Боксер),8,ко,0.233
Пијан Славеј,2. (Боксер),9,плачи,0.2199
Пијан Славеј,2. (Боксер),10,плаши,0.2064
Пијан Славеј,APPALOOSA,1,застанува,0.2231
Пијан Славеј,APPALOOSA,2,стаса,0.2049
Пијан Славеј,APPALOOSA,3,уште,0.1729
Пијан Славеј,APPALOOSA,4,име,0.1608
Пијан Славеј,APPALOOSA,5,appaloosa,0.1427
Пијан Славеј,APPALOOSA,6,вигвам,0.1427
Пијан Славеј,APPALOOSA,7,гласина,0.1427
Пијан Славеј,APPALOOSA,8,депеш,0.1427
Пијан Славеј,APPALOOSA,9,застрела,0.1427
Пијан Славеј,APPALOOSA,10,збодни,0.1427
Пијан Славеј,"Mr SANDMAN, BRING ME A DREAM",1,косилка,0.217
Пијан Славеј,"Mr SANDMAN, BRING ME A DREAM",2,ноемвриски,0.217
Пијан Славеј,"Mr SANDMAN, BRING ME A DREAM",3,прошепнува,0.217
Пијан Славеј,"Mr SANDMAN, BRING ME A DREAM",4,удобен,0.217
Пијан Славеј,"Mr SANDMAN, BRING ME A DREAM",5,отфрли,0.205
Пијан Славеј,"Mr SANDMAN, BRING ME A DREAM",6,седнува,0.205
Пијан Славеј,"Mr SANDMAN, BRING ME A DREAM",7,стуткан,0.1966
Пијан Славеј,"Mr SANDMAN, BRING ME A DREAM",8,трагичен,0.1966
Пијан Славеј,"Mr SANDMAN, BRING ME A DREAM",9,крај,0.1944
Пијан Славеј,"Mr SANDMAN, BRING ME A DREAM",10,визија,0.19
Пијан Славеј,ЅЕНЅАР,1,дрпа,0.2274
Пијан Славеј,ЅЕНЅАР,2,залет,0.2274
Пијан Славеј,ЅЕНЅАР,3,лити,0.2274
Пијан Славеј,ЅЕНЅАР,4,недвижнина,0.2274
Пијан Славеј,ЅЕНЅАР,5,почуј,0.2274
Пијан Славеј,ЅЕНЅАР,6,ѕенѕам,0.2274
Пијан Славеј,ЅЕНЅАР,7,доаѓи,0.2149
Пијан Славеј,ЅЕНЅАР,8,застоен,0.2149
Пијан Славеј,ЅЕНЅАР,9,затнат,0.2149
Пијан Славеј,ЅЕНЅАР,10,каснат,0.2149
Пијан Славеј,ЈАБОЛЧЕ,1,јаболче,0.4436
Пијан Славеј,ЈАБОЛЧЕ,2,старче,0.4192
Пијан Славеј,ЈАБОЛЧЕ,3,залигави,0.2958
Пијан Славеј,ЈАБОЛЧЕ,4,соблазниш,0.2958
Пијан Славеј,ЈАБОЛЧЕ,5,касне,0.2795
Пијан Славеј,ЈАБОЛЧЕ,6,падне,0.165
Пијан Славеј,ЈАБОЛЧЕ,7,грдотија,0.1479
Пијан Славеј,ЈАБОЛЧЕ,8,изгниј,0.1479
Пијан Славеј,ЈАБОЛЧЕ,9,изнагледа,0.1479
Пијан Славеј,ЈАБОЛЧЕ,10,нишаш,0.1479
Пијан Славеј,ЈАЗИК,1,заеднички,0.507
Пијан Славеј,ЈАЗИК,2,јазик,0.4583
Пијан Славеј,ЈАЗИК,3,наш,0.2527
Пијан Славеј,ЈАЗИК,4,гадевме,0.2081
Пијан Славеј,ЈАЗИК,5,котеа,0.2081
Пијан Славеј,ЈАЗИК,6,лачи,0.2081
Пијан Славеј,ЈАЗИК,7,мевлем,0.2081
Пијан Славеј,ЈАЗИК,8,влакна,0.1967
Пијан Славеј,ЈАЗИК,9,заборавивме,0.1967
Пијан Славеј,ЈАЗИК,10,лижи,0.1886
Пијан Славеј,ЈАЗИК ЗА ДВАЈЦА,1,јазик,0.5097
Пијан Славеј,ЈАЗИК ЗА ДВАЈЦА,2,почеток,0.2191
Пијан Славеј,ЈАЗИК ЗА ДВАЈЦА,3,збор,0.1851
Пијан Славеј,ЈАЗИК ЗА ДВАЈЦА,4,име,0.1739
Пијан Славеј,ЈАЗИК ЗА ДВАЈЦА,5,зборлив,0.1543
Пијан Славеј,ЈАЗИК ЗА ДВАЈЦА,6,лабијал,0.1543
Пијан Славеј,ЈАЗИК ЗА ДВАЈЦА,7,невешт,0.1543
Пијан Славеј,ЈАЗИК ЗА ДВАЈЦА,8,осамне,0.1543
Пијан Славеј,ЈАЗИК ЗА ДВАЈЦА,9,прилепи,0.1543
Пијан Славеј,ЈАЗИК ЗА ДВАЈЦА,10,разменет,0.1543
Пијан Славеј,АЈ ШТО МИ СЕ СВИРАТ,1,стриптизетски,0.3976
Пијан Славеј,АЈ ШТО МИ СЕ СВИРАТ,2,свири,0.3301
Пијан Славеј,АЈ ШТО МИ СЕ СВИРАТ,3,тупан,0.2651
Пијан Славеј,АЈ ШТО МИ СЕ СВИРАТ,4,орда,0.2505
Пијан Славеј,АЈ ШТО МИ СЕ СВИРАТ,5,бесвест,0.2402
Пијан Славеј,АЈ ШТО МИ СЕ СВИРАТ,6,орa,0.2321
Пијан Славеј,АЈ ШТО МИ СЕ СВИРАТ,7,мома,0.1757
Пијан Славеј,АЈ ШТО МИ СЕ СВИРАТ,8,брлаје,0.1325
Пијан Славеј,АЈ ШТО МИ СЕ СВИРАТ,9,викториски,0.1325
Пијан Славеј,АЈ ШТО МИ СЕ СВИРАТ,10,деверица,0.1325
Пијан Славеј,АЈАХУАСКА,1,ајахуаска,0.3827
Пијан Славеј,АЈАХУАСКА,2,седи,0.2476
Пијан Славеј,АЈАХУАСКА,3,лет,0.2404
Пијан Славеј,АЈАХУАСКА,4,уста,0.2136
Пијан Славеј,АЈАХУАСКА,5,живее,0.2036
Пијан Славеј,АЈАХУАСКА,6,вчеравечер,0.1914
Пијан Славеј,АЈАХУАСКА,7,голтки,0.1914
Пијан Славеј,АЈАХУАСКА,8,дурум,0.1914
Пијан Славеј,АЈАХУАСКА,9,еднокри,0.1914
Пијан Славеј,АЈАХУАСКА,10,еднокрилец,0.1914
Пијан Славеј,АБРАКАДАБРА,1,клада,0.3702
Пијан Славеј,АБРАКАДАБРА,2,птицо,0.3597
Пијан Славеј,АБРАКАДАБРА,3,ноќен,0.2586
Пијан Славеј,АБРАКАДАБРА,4,месечина,0.2359
Пијан Славеј,АБРАКАДАБРА,5,рече,0.2205
Пијан Славеј,АБРАКАДАБРА,6,дење,0.2133
Пијан Славеј,АБРАКАДАБРА,7,може,0.1998
Пијан Славеј,АБРАКАДАБРА,8,ноќ,0.1748
Пијан Славеј,АБРАКАДАБРА,9,сега,0.1704
Пијан Славеј,АБРАКАДАБРА,10,сонува,0.1673
Пијан Славеј,АВТОПОРТРЕТИ,1,ѕид,0.1823
Пијан Славеј,АВТОПОРТРЕТИ,2,место,0.1598
Пијан Славеј,АВТОПОРТРЕТИ,3,miro,0.1594
Пијан Славеј,АВТОПОРТРЕТИ,4,главоболка,0.1594
Пијан Славеј,АВТОПОРТРЕТИ,5,духовен,0.1594
Пијан Славеј,АВТОПОРТРЕТИ,6,кафан,0.1594
Пијан Славеј,АВТОПОРТРЕТИ,7,лорд,0.1594
Пијан Славеј,АВТОПОРТРЕТИ,8,мајмуна,0.1594
Пијан Славеј,АВТОПОРТРЕТИ,9,позира,0.1594
Пијан Славеј,АВТОПОРТРЕТИ,10,разгневен,0.1594
Пијан Славеј,АДРЕНАЛИН,1,типок,0.3626
Пијан Славеј,АДРЕНАЛИН,2,трансплантиран,0.3626
Пијан Славеј,АДРЕНАЛИН,3,чукање,0.3285
Пијан Славеј,АДРЕНАЛИН,4,машина,0.2887
Пијан Славеј,АДРЕНАЛИН,5,досега,0.2706
Пијан Славеј,АДРЕНАЛИН,6,писмо,0.2546
Пијан Славеј,АДРЕНАЛИН,7,чука,0.2546
Пијан Славеј,АДРЕНАЛИН,8,љубовен,0.2278
Пијан Славеј,АДРЕНАЛИН,9,адреналин,0.1813
Пијан Славеј,АДРЕНАЛИН,10,масажа,0.1813
Пијан Славеј,АКО БАРАШ ЉУБОВ НЕМА ШТО ДА ЧЕКАШ,1,засекогаш,0.4992
Пијан Славеј,АКО БАРАШ ЉУБОВ НЕМА ШТО ДА ЧЕКАШ,2,еднаш,0.3426
Пијан Славеј,АКО БАРАШ ЉУБОВ НЕМА ШТО ДА ЧЕКАШ,3,никогаш,0.3426
Пијан Славеј,АКО БАРАШ ЉУБОВ НЕМА ШТО ДА ЧЕКАШ,4,бара,0.3169
Пијан Славеј,АКО БАРАШ ЉУБОВ НЕМА ШТО ДА ЧЕКАШ,5,чека,0.3089
Пијан Славеј,АКО БАРАШ ЉУБОВ НЕМА ШТО ДА ЧЕКАШ,6,сега,0.2574
Пијан Славеј,АКО БАРАШ ЉУБОВ НЕМА ШТО ДА ЧЕКАШ,7,љубов,0.2488
Пијан Славеј,АКО БАРАШ ЉУБОВ НЕМА ШТО ДА ЧЕКАШ,8,прометејски,0.1597
Пијан Славеј,АКО БАРАШ ЉУБОВ НЕМА ШТО ДА ЧЕКАШ,9,отисок,0.1398
Пијан Славеј,АКО БАРАШ ЉУБОВ НЕМА ШТО ДА ЧЕКАШ,10,краток,0.1296
Пијан Славеј,АМАНАМАН,1,наштоседолжикурофаманаман,0.5061
Пијан Славеј,АМАНАМАН,2,гатанка,0.4585
Пијан Славеј,АМАНАМАН,3,лев,0.3776
Пијан Славеј,АМАНАМАН,4,мачи,0.3776
Пијан Славеј,АМАНАМАН,5,дланка,0.2865
Пијан Славеј,АМАНАМАН,6,месечко,0.2391
Пијан Славеј,АМАНАМАН,7,облак,0.1363
Пијан Славеј,АМАНАМАН,8,зачепив,0.1265
Пијан Славеј,АМАНАМАН,9,начулив,0.1265
Пијан Славеј,АМАНАМАН,10,ококорив,0.1265
Пијан Славеј,АНАТОМИЈА НА ЕДНА ПОРАНЕШНА ЉУБОВ,1,прст,0.2161
Пијан Славеј,АНАТОМИЈА НА ЕДНА ПОРАНЕШНА ЉУБОВ,2,гламносан,0.1918
Пијан Славеј,АНАТОМИЈА НА ЕДНА ПОРАНЕШНА ЉУБОВ,3,избушавен,0.1918
Пијан Славеј,АНАТОМИЈА НА ЕДНА ПОРАНЕШНА ЉУБОВ,4,искадравен,0.1918
Пијан Славеј,АНАТОМИЈА НА ЕДНА ПОРАНЕШНА ЉУБОВ,5,натопорен,0.1918
Пијан Славеј,АНАТОМИЈА НА ЕДНА ПОРАНЕШНА ЉУБОВ,6,оформен,0.1918
Пијан Славеј,АНАТОМИЈА НА ЕДНА ПОРАНЕШНА ЉУБОВ,7,распетлува,0.1918
Пијан Славеј,АНАТОМИЈА НА ЕДНА ПОРАНЕШНА ЉУБОВ,8,забревтан,0.1813
Пијан Славеј,АНАТОМИЈА НА ЕДНА ПОРАНЕШНА ЉУБОВ,9,зацврстен,0.1813
Пијан Славеј,АНАТОМИЈА НА ЕДНА ПОРАНЕШНА ЉУБОВ,10,збудален,0.1813
Пијан Славеј,АНГЕЛОТ-ЧУВАР СНОШТИ ГО ЗГАЗИВ,1,наситен,0.2099
Пијан Славеј,АНГЕЛОТ-ЧУВАР СНОШТИ ГО ЗГАЗИВ,2,одврза,0.2099
Пијан Славеј,АНГЕЛОТ-ЧУВАР СНОШТИ ГО ЗГАЗИВ,3,опцу,0.2099
Пијан Славеј,АНГЕЛОТ-ЧУВАР СНОШТИ ГО ЗГАЗИВ,4,офене,0.2099
Пијан Славеј,АНГЕЛОТ-ЧУВАР СНОШТИ ГО ЗГАЗИВ,5,трие,0.2099
Пијан Славеј,АНГЕЛОТ-ЧУВАР СНОШТИ ГО ЗГАЗИВ,6,џембос,0.2099
Пијан Славеј,АНГЕЛОТ-ЧУВАР СНОШТИ ГО ЗГАЗИВ,7,смрди,0.1984
Пијан Славеј,АНГЕЛОТ-ЧУВАР СНОШТИ ГО ЗГАЗИВ,8,џабе,0.1984
Пијан Славеј,АНГЕЛОТ-ЧУВАР СНОШТИ ГО ЗГАЗИВ,9,згази,0.1902
Пијан Славеј,АНГЕЛОТ-ЧУВАР СНОШТИ ГО ЗГАЗИВ,10,водо,0.1838
Пијан Славеј,АНТИТЕЛО,1,здроби,0.38
Пијан Славеј,АНТИТЕЛО,2,совест,0.3265
Пијан Славеј,АНТИТЕЛО,3,згасне,0.2793
Пијан Славеј,АНТИТЕЛО,4,коска,0.2793
Пијан Славеј,АНТИТЕЛО,5,мил,0.2492
Пијан Славеј,АНТИТЕЛО,6,оген,0.2476
Пијан Славеј,АНТИТЕЛО,7,гора,0.2311
Пијан Славеј,АНТИТЕЛО,8,антитело,0.201
Пијан Славеј,АНТИТЕЛО,9,креветизам,0.201
Пијан Славеј,АНТИТЕЛО,10,проструи,0.201
Пијан Славеј,АРАПСКИ НОЌИ,1,комбинација,0.3465
Пијан Славеј,АРАПСКИ НОЌИ,2,потурен,0.3465
Пијан Славеј,АРАПСКИ НОЌИ,3,сеф,0.3465
Пијан Славеј,АРАПСКИ НОЌИ,4,шербет,0.3275
Пијан Славеј,АРАПСКИ НОЌИ,5,фраза,0.3139
Пијан Славеј,АРАПСКИ НОЌИ,6,саноќ,0.2709
Пијан Славеј,АРАПСКИ НОЌИ,7,нуди,0.2623
Пијан Славеј,АРАПСКИ НОЌИ,8,дума,0.2518
Пијан Славеј,АРАПСКИ НОЌИ,9,благ,0.2297
Пијан Славеј,АРАПСКИ НОЌИ,10,врти,0.2133
Пијан Славеј,АТЛАНТИДА НА МЕРАКОТ,1,последен,0.1863
Пијан Славеј,АТЛАНТИДА НА МЕРАКОТ,2,матен,0.1601
Пијан Славеј,АТЛАНТИДА НА МЕРАКОТ,3,сѐ,0.1483
Пијан Славеј,АТЛАНТИДА НА МЕРАКОТ,4,ѕид,0.129
Пијан Славеј,АТЛАНТИДА НА МЕРАКОТ,5,ака,0.1128
Пијан Славеј,АТЛАНТИДА НА МЕРАКОТ,6,безопасен,0.1128
Пијан Славеј,АТЛАНТИДА НА МЕРАКОТ,7,бечва,0.1128
Пијан Славеј,АТЛАНТИДА НА МЕРАКОТ,8,богдан,0.1128
Пијан Славеј,АТЛАНТИДА НА МЕРАКОТ,9,бричен,0.1128
Пијан Славеј,АТЛАНТИДА НА МЕРАКОТ,10,валцер,0.1128
Пијан Славеј,БЕЗУМИЕ,1,ум,0.5917
Пијан Славеј,БЕЗУМИЕ,2,крене,0.2658
Пијан Славеј,БЕЗУМИЕ,3,лета,0.255
Пијан Славеј,БЕЗУМИЕ,4,угоре,0.2465
Пијан Славеј,БЕЗУМИЕ,5,мерак,0.2192
Пијан Славеј,БЕЗУМИЕ,6,вивне,0.2132
Пијан Славеј,БЕЗУМИЕ,7,мачор,0.1448
Пијан Славеј,БЕЗУМИЕ,8,падобранец,0.1448
Пијан Славеј,БЕЗУМИЕ,9,чавка,0.1448
Пијан Славеј,БЕЗУМИЕ,10,таму,0.141
Пијан Славеј,БЕЛАТА СМРТ НА ЕДНА КРАТКА ЉУБОВ,1,уште,0.438
Пијан Славеј,БЕЛАТА СМРТ НА ЕДНА КРАТКА ЉУБОВ,2,држи,0.4342
Пијан Славеј,БЕЛАТА СМРТ НА ЕДНА КРАТКА ЉУБОВ,3,вудве,0.3615
Пијан Славеј,БЕЛАТА СМРТ НА ЕДНА КРАТКА ЉУБОВ,4,снема,0.2697
Пијан Славеј,БЕЛАТА СМРТ НА ЕДНА КРАТКА ЉУБОВ,5,заспива,0.2661
Пијан Славеј,БЕЛАТА СМРТ НА ЕДНА КРАТКА ЉУБОВ,6,чудо,0.2595
Пијан Славеј,БЕЛАТА СМРТ НА ЕДНА КРАТКА ЉУБОВ,7,буден,0.2338
Пијан Славеј,БЕЛАТА СМРТ НА ЕДНА КРАТКА ЉУБОВ,8,дремне,0.1807
Пијан Славеј,БЕЛАТА СМРТ НА ЕДНА КРАТКА ЉУБОВ,9,мигне,0.1807
Пијан Славеј,БЕЛАТА СМРТ НА ЕДНА КРАТКА ЉУБОВ,10,кратки,0.1708
Пијан Славеј,БЛОСОЕЊЕ,1,мил,0.4178
Пијан Славеј,БЛОСОЕЊЕ,2,вратничка,0.3371
Пијан Славеј,БЛОСОЕЊЕ,3,офка,0.3371
Пијан Славеј,БЛОСОЕЊЕ,4,пивце,0.3371
Пијан Славеј,БЛОСОЕЊЕ,5,фрижидер,0.3371
Пијан Славеј,БЛОСОЕЊЕ,6,грабнува,0.3185
Пијан Славеј,БЛОСОЕЊЕ,7,пцуе,0.3185
Пијан Славеј,БЛОСОЕЊЕ,8,подотвори,0.3054
Пијан Славеј,БЛОСОЕЊЕ,9,гушне,0.2737
Пијан Славеј,БУКЕ НА ЕДЕН ДОБРО ОДЛЕЖАН БАКНЕЖ,1,ветрее,0.2877
Пијан Славеј,БУКЕ НА ЕДЕН ДОБРО ОДЛЕЖАН БАКНЕЖ,2,миризба,0.2591
Пијан Славеј,БУКЕ НА ЕДЕН ДОБРО ОДЛЕЖАН БАКНЕЖ,3,нос,0.2527
Пијан Славеј,БУКЕ НА ЕДЕН ДОБРО ОДЛЕЖАН БАКНЕЖ,4,клун,0.2241
Пијан Славеј,БУКЕ НА ЕДЕН ДОБРО ОДЛЕЖАН БАКНЕЖ,5,грло,0.1797
Пијан Славеј,БУКЕ НА ЕДЕН ДОБРО ОДЛЕЖАН БАКНЕЖ,6,бакнеж,0.1741
Пијан Славеј,БУКЕ НА ЕДЕН ДОБРО ОДЛЕЖАН БАКНЕЖ,7,ваму-таму,0.1522
Пијан Славеј,БУКЕ НА ЕДЕН ДОБРО ОДЛЕЖАН БАКНЕЖ,8,зовривавме,0.1522
Пијан Славеј,БУКЕ НА ЕДЕН ДОБРО ОДЛЕЖАН БАКНЕЖ,9,каснување,0.1522
Пијан Славеј,БУКЕ НА ЕДЕН ДОБРО ОДЛЕЖАН БАКНЕЖ,10,коњак,0.1522
Пијан Славеј,ВЕРБА,1,безвременски,0.2148
Пијан Славеј,ВЕРБА,2,грабен,0.2148
Пијан Славеј,ВЕРБА,3,завета,0.2148
Пијан Славеј,ВЕРБА,4,заснован,0.2148
Пијан Славеј,ВЕРБА,5,клоцно,0.2148
Пијан Славеј,ВЕРБА,6,самари,0.2148
Пијан Славеј,ВЕРБА,7,свисне,0.2148
Пијан Славеј,ВЕРБА,8,седлаш,0.2148
Пијан Славеј,ВЕРБА,9,штипне,0.2148
Пијан Славеј,ВЕРБА,10,напротив,0.203
Пијан Славеј,ВИДЕЛИНА,1,здогледи,0.3497
Пијан Славеј,ВИДЕЛИНА,2,рожница,0.3497
Пијан Славеј,ВИДЕЛИНА,3,согледа,0.3497
Пијан Славеј,ВИДЕЛИНА,4,ископи,0.3168
Пијан Славеј,ВИДЕЛИНА,5,отпечаток,0.3168
Пијан Славеј,ВИДЕЛИНА,6,подари,0.3062
Пијан Славеј,ВИДЕЛИНА,7,гледа,0.2807
Пијан Славеј,ВИДЕЛИНА,8,огледа,0.2733
Пијан Славеј,ВИДЕЛИНА,9,може,0.248
Пијан Славеј,ВИДЕЛИНА,10,слеп,0.2359
Пијан Славеј,ВИНОВЕН,1,совест,0.3647
Пијан Славеј,ВИНОВЕН,2,може,0.2389
Пијан Славеј,ВИНОВЕН,3,неподмитлив,0.2246
Пијан Славеј,ВИНОВЕН,4,помилување,0.2246
Пијан Славеј,ВИНОВЕН,5,порота,0.2246
Пијан Славеј,ВИНОВЕН,6,толчи,0.2246
Пијан Славеј,ВИНОВЕН,7,цркне,0.2246
Пијан Славеј,ВИНОВЕН,8,исчисти,0.2122
Пијан Славеј,ВИНОВЕН,9,отфрлање,0.2122
Пијан Славеј,ВИНОВЕН,10,судија,0.2122
Пијан Славеј,ВКУС,1,јазик,0.4844
Пијан Славеј,ВКУС,2,менува,0.3996
Пијан Славеј,ВКУС,3,запева,0.2934
Пијан Славеј,ВКУС,4,мен,0.2934
Пијан Славеј,ВКУС,5,неутешно,0.2772
Пијан Славеј,ВКУС,6,совршенство,0.2658
Пијан Славеј,ВКУС,7,вкус,0.2293
Пијан Славеј,ВКУС,8,чита,0.2255
Пијан Славеј,ВКУС,9,учи,0.2132
Пијан Славеј,ВКУС,10,пишува,0.1818
Пијан Славеј,ВКУСНИ ВИНСКИ УСНИ,1,испиви,0.3636
Пијан Славеј,ВКУСНИ ВИНСКИ УСНИ,2,градиве,0.3294
Пијан Славеј,ВКУСНИ ВИНСКИ УСНИ,3,насмев,0.3094
Пијан Славеј,ВКУСНИ ВИНСКИ УСНИ,4,татнеж,0.3094
Пијан Славеј,ВКУСНИ ВИНСКИ УСНИ,5,питом,0.2952
Пијан Славеј,ВКУСНИ ВИНСКИ УСНИ,6,душава,0.2842
Пијан Славеј,ВКУСНИ ВИНСКИ УСНИ,7,заоѓа,0.2842
Пијан Славеј,ВКУСНИ ВИНСКИ УСНИ,8,предава,0.2752
Пијан Славеј,ВКУСНИ ВИНСКИ УСНИ,9,трепетен,0.2752
Пијан Славеј,ВКУСНИ ВИНСКИ УСНИ,10,роса,0.241
Пијан Славеј,ВО ЈУЛИ БИТОЛА,1,битола,0.5567
Пијан Славеј,ВО ЈУЛИ БИТОЛА,2,јули,0.5044
Пијан Славеј,ВО ЈУЛИ БИТОЛА,3,љуби,0.3522
Пијан Славеј,ВО ЈУЛИ БИТОЛА,4,вдиши,0.3507
Пијан Славеј,ВО ЈУЛИ БИТОЛА,5,ќерамид,0.1856
Пијан Славеј,ВО ЈУЛИ БИТОЛА,6,жештина,0.1754
Пијан Славеј,ВО ЈУЛИ БИТОЛА,7,издише,0.1681
Пијан Славеј,ВО ЈУЛИ БИТОЛА,8,лепи,0.1579
Пијан Славеј,ВО ЈУЛИ БИТОЛА,9,задржи,0.1451
Пијан Славеј,ВО ЈУЛИ БИТОЛА,10,немирен,0.1276
Пијан Славеј,ГАЛЕЖЛИВО,1,вчера,0.3925
Пијан Славеј,ГАЛЕЖЛИВО,2,красен,0.2553
Пијан Славеј,ГАЛЕЖЛИВО,3,отровник,0.2553
Пијан Славеј,ГАЛЕЖЛИВО,4,некосен,0.2412
Пијан Славеј,ГАЛЕЖЛИВО,5,гризи,0.2313
Пијан Славеј,ГАЛЕЖЛИВО,6,запуштен,0.2313
Пијан Славеј,ГАЛЕЖЛИВО,7,рајски,0.2313
Пијан Славеј,ГАЛЕЖЛИВО,8,чешла,0.2313
Пијан Славеј,ГАЛЕЖЛИВО,9,бос,0.2073
Пијан Славеј,ГАЛЕЖЛИВО,10,мајски,0.2032
Пијан Славеј,ГНЕЗДО,1,гнездо,0.5318
Пијан Славеј,ГНЕЗДО,2,лош,0.4726
Пијан Славеј,ГНЕЗДО,3,добар,0.4162
Пијан Славеј,ГНЕЗДО,4,вишен,0.2659
Пијан Славеј,ГНЕЗДО,5,љубов,0.2651
Пијан Славеј,ГНЕЗДО,6,гранка,0.2055
Пијан Славеј,ГНЕЗДО,7,стебло,0.2043
Пијан Славеј,ГНЕЗДО,8,долу,0.2019
Пијан Славеј,ГНЕЗДО,9,дно,0.1907
Пијан Славеј,ГНЕЗДО,10,небо,0.1357
Пијан Славеј,ДВЕ ПТИЦИ,1,утка,0.6039
Пијан Славеј,ДВЕ ПТИЦИ,2,тандем,0.3548
Пијан Славеј,ДВЕ ПТИЦИ,3,птица,0.3465
Пијан Славеј,ДВЕ ПТИЦИ,4,пиле,0.2612
Пијан Славеј,ДВЕ ПТИЦИ,5,мрдне,0.1774
Пијан Славеј,ДВЕ ПТИЦИ,6,оттука,0.1677
Пијан Славеј,ДВЕ ПТИЦИ,7,расплет,0.1677
Пијан Славеј,ДВЕ ПТИЦИ,8,сели,0.1607
Пијан Славеј,ДВЕ ПТИЦИ,9,стутка,0.1607
Пијан Славеј,ДВЕ ПТИЦИ,10,песна,0.1404
Пијан Славеј,ДВОЈКА,1,морнар,0.375
Пијан Славеј,ДВОЈКА,2,длабоко,0.2582
Пијан Славеј,ДВОЈКА,3,задави,0.2069
Пијан Славеј,ДВОЈКА,4,клечев,0.2069
Пијан Славеј,ДВОЈКА,5,промрморив,0.2069
Пијан Славеј,ДВОЈКА,6,распадлив,0.2069
Пијан Славеј,ДВОЈКА,7,сакс,0.2069
Пијан Славеј,ДВОЈКА,8,чисти,0.2069
Пијан Славеј,ДВОЈКА,9,бројка,0.1956
Пијан Славеј,ДВОЈКА,10,лупи,0.1956
Пијан Славеј,ДЛАНКОПИС,1,дланка,0.4734
Пијан Славеј,ДЛАНКОПИС,2,згазен,0.433
Пијан Славеј,ДЛАНКОПИС,3,протри,0.3584
Пијан Славеј,ДЛАНКОПИС,4,плукне,0.305
Пијан Славеј,ДЛАНКОПИС,5,линија,0.2573
Пијан Славеј,ДЛАНКОПИС,6,орај,0.239
Пијан Славеј,ДЛАНКОПИС,7,штотуку,0.194
Пијан Славеј,ДЛАНКОПИС,8,погледне,0.1716
Пијан Славеј,ДЛАНКОПИС,9,трева,0.141
Пијан Славеј,ДЛАНКОПИС,10,преболувај,0.1195
Пијан Славеј,"ДОБРО УТРО, КАЛИПСО",1,намовне,0.312
Пијан Славеј,"ДОБРО УТРО, КАЛИПСО",2,очо,0.312
Пијан Славеј,"ДОБРО УТРО, КАЛИПСО",3,плитки,0.312
Пијан Славеј,"ДОБРО УТРО, КАЛИПСО",4,синожолтозен,0.312
Пијан Славеј,"ДОБРО УТРО, КАЛИПСО",5,исплаши,0.2948
Пијан Славеј,"ДОБРО УТРО, КАЛИПСО",6,рипче,0.2948
Пијан Славеј,"ДОБРО УТРО, КАЛИПСО",7,погали,0.2827
Пијан Славеј,"ДОБРО УТРО, КАЛИПСО",8,нурне,0.2655
Пијан Славеј,"ДОБРО УТРО, КАЛИПСО",9,ветре,0.259
Пијан Славеј,"ДОБРО УТРО, КАЛИПСО",10,површина,0.2362
Пијан Славеј,ЕБАНГЕЛИЕ ПО ЗИФРЕДИ,1,порно,0.3386
Пијан Славеј,ЕБАНГЕЛИЕ ПО ЗИФРЕДИ,2,глумец,0.32
Пијан Славеј,ЕБАНГЕЛИЕ ПО ЗИФРЕДИ,3,потоп,0.3068
Пијан Славеј,ЕБАНГЕЛИЕ ПО ЗИФРЕДИ,4,заблесне,0.1693
Пијан Славеј,ЕБАНГЕЛИЕ ПО ЗИФРЕДИ,5,крла,0.1693
Пијан Славеј,ЕБАНГЕЛИЕ ПО ЗИФРЕДИ,6,културен,0.1693
Пијан Славеј,ЕБАНГЕЛИЕ ПО ЗИФРЕДИ,7,ној,0.1693
Пијан Славеј,ЕБАНГЕЛИЕ ПО ЗИФРЕДИ,8,порн,0.1693
Пијан Славеј,ЕБАНГЕЛИЕ ПО ЗИФРЕДИ,9,посно,0.1693
Пијан Славеј,ЕБАНГЕЛИЕ ПО ЗИФРЕДИ,10,спласне,0.1693
Пијан Славеј,ЕДНА ВЕДРА НОЌ,1,дојде,0.4507
Пијан Славеј,ЕДНА ВЕДРА НОЌ,2,ведар,0.2962
Пијан Славеј,ЕДНА ВЕДРА НОЌ,3,види,0.2888
Пијан Славеј,ЕДНА ВЕДРА НОЌ,4,календарски,0.211
Пијан Славеј,ЕДНА ВЕДРА НОЌ,5,ластовик,0.211
Пијан Славеј,ЕДНА ВЕДРА НОЌ,6,молскавицa,0.211
Пијан Славеј,ЕДНА ВЕДРА НОЌ,7,ожари,0.211
Пијан Славеј,ЕДНА ВЕДРА НОЌ,8,предвесник,0.211
Пијан Славеј,ЕДНА ВЕДРА НОЌ,9,испразни,0.1911
Пијан Славеј,ЕДНА ВЕДРА НОЌ,10,расцути,0.1847
Пијан Славеј,ЕЛА СИ В КРЕВЕТ,1,ремек-дело,0.5426
Пијан Славеј,ЕЛА СИ В КРЕВЕТ,2,ела,0.4916
Пијан Славеј,ЕЛА СИ В КРЕВЕТ,3,кревет,0.3851
Пијан Славеј,ЕЛА СИ В КРЕВЕТ,4,бакнува,0.2567
Пијан Славеј,ЕЛА СИ В КРЕВЕТ,5,прст,0.2038
Пијан Славеј,ЕЛА СИ В КРЕВЕТ,6,ваје,0.1809
Пијан Славеј,ЕЛА СИ В КРЕВЕТ,7,голорак,0.1809
Пијан Славеј,ЕЛА СИ В КРЕВЕТ,8,мазне,0.1809
Пијан Славеј,ЕЛА СИ В КРЕВЕТ,9,педа,0.1809
Пијан Славеј,ЕЛА СИ В КРЕВЕТ,10,штипи,0.1809
Пијан Славеј,ЗАБЛУДИ,1,значи,0.4245
Пијан Славеј,ЗАБЛУДИ,2,допаѓа,0.3174
Пијан Славеј,ЗАБЛУДИ,3,намокрив,0.3174
Пијан Славеј,ЗАБЛУДИ,4,дигне,0.2876
Пијан Славеј,ЗАБЛУДИ,5,злати,0.278
Пијан Славеј,ЗАБЛУДИ,6,секрет,0.278
Пијан Славеј,ЗАБЛУДИ,7,заблуда,0.2701
Пијан Славеј,ЗАБЛУДИ,8,трње,0.2635
Пијан Славеј,ЗАБЛУДИ,9,посака,0.2307
Пијан Славеј,ЗАБЛУДИ,10,рано,0.2142
Пијан Славеј,ЗАБОРАВИВ КАКО ИЗГЛЕДАШ,1,знае,0.2926
Пијан Славеј,ЗАБОРАВИВ КАКО ИЗГЛЕДАШ,2,добиен,0.2552
Пијан Славеј,ЗАБОРАВИВ КАКО ИЗГЛЕДАШ,3,комар,0.2552
Пијан Славеј,ЗАБОРАВИВ КАКО ИЗГЛЕДАШ,4,пофаќи,0.2552
Пијан Славеј,ЗАБОРАВИВ КАКО ИЗГЛЕДАШ,5,робинка,0.2552
Пијан Славеј,ЗАБОРАВИВ КАКО ИЗГЛЕДАШ,6,прамен,0.2312
Пијан Славеј,ЗАБОРАВИВ КАКО ИЗГЛЕДАШ,7,престанува,0.2235
Пијан Славеј,ЗАБОРАВИВ КАКО ИЗГЛЕДАШ,8,свиен,0.2172
Пијан Славеј,ЗАБОРАВИВ КАКО ИЗГЛЕДАШ,9,изгледа,0.2072
Пијан Славеј,ЗАБОРАВИВ КАКО ИЗГЛЕДАШ,10,скока,0.2031
Пијан Славеј,ЗАБРАНЕТО ОВОШЈЕ,1,година,0.6524
Пијан Славеј,ЗАБРАНЕТО ОВОШЈЕ,2,разлистува,0.184
Пијан Славеј,ЗАБРАНЕТО ОВОШЈЕ,3,ток,0.184
Пијан Славеј,ЗАБРАНЕТО ОВОШЈЕ,4,ок,0.1739
Пијан Славеј,ЗАБРАНЕТО ОВОШЈЕ,5,папсува,0.1739
Пијан Славеј,ЗАБРАНЕТО ОВОШЈЕ,6,разгранува,0.1739
Пијан Славеј,ЗАБРАНЕТО ОВОШЈЕ,7,расцветува,0.1739
Пијан Славеј,ЗАБРАНЕТО ОВОШЈЕ,8,ниско,0.1667
Пијан Славеј,ЗАБРАНЕТО ОВОШЈЕ,9,редовно,0.1667
Пијан Славеј,ЗАБРАНЕТО ОВОШЈЕ,10,бесцелно,0.1611
Пијан Славеј,ЗБОГУМ,1,гаќичка,0.4501
Пијан Славеј,ЗБОГУМ,2,ветре,0.3736
Пијан Славеј,ЗБОГУМ,3,вее,0.3313
Пијан Славеј,ЗБОГУМ,4,вели,0.2445
Пијан Славеј,ЗБОГУМ,5,заклави,0.2251
Пијан Славеј,ЗБОГУМ,6,хронично,0.2251
Пијан Славеј,ЗБОГУМ,7,болештина,0.1971
Пијан Славеј,ЗБОГУМ,8,бел,0.1916
Пијан Славеј,ЗБОГУМ,9,милно,0.1915
Пијан Славеј,ЗБОГУМ,10,сношти,0.1915
Пијан Славеј,ИГРИВО СРЦЕ,1,гајле,0.3694
Пијан Славеј,ИГРИВО СРЦЕ,2,сабајле,0.3694
Пијан Славеј,ИГРИВО СРЦЕ,3,улови,0.3347
Пијан Славеј,ИГРИВО СРЦЕ,4,игрив,0.3144
Пијан Славеј,ИГРИВО СРЦЕ,5,случајно,0.3067
Пијан Славеј,ИГРИВО СРЦЕ,6,мами,0.2685
Пијан Славеј,ИГРИВО СРЦЕ,7,буди,0.2193
Пијан Славеј,ИГРИВО СРЦЕ,8,убав,0.195
Пијан Славеј,ИГРИВО СРЦЕ,9,тогаш,0.176
Пијан Славеј,ИГРИВО СРЦЕ,10,мижи,0.1674
Пијан Славеј,ИСПИЛУВАЊЕ,1,покрсти,0.2532
Пијан Славеј,ИСПИЛУВАЊЕ,2,предрожбен,0.2532
Пијан Славеј,ИСПИЛУВАЊЕ,3,протегне,0.2532
Пијан Славеј,ИСПИЛУВАЊЕ,4,проѕива,0.2393
Пијан Славеј,ИСПИЛУВАЊЕ,5,пукне,0.2393
Пијан Славеј,ИСПИЛУВАЊЕ,6,тесно,0.2393
Пијан Славеј,ИСПИЛУВАЊЕ,7,прсне,0.2294
Пијан Славеј,ИСПИЛУВАЊЕ,8,матка,0.2155
Пијан Славеј,ИСПИЛУВАЊЕ,9,заспие,0.2056
Пијан Славеј,ИСПИЛУВАЊЕ,10,лушпа,0.2056
Пијан Славеј,КАЈ ЌЕ ОДИ СЕТО ТОА САКАЊЕ,1,сакање,0.3377
Пијан Славеј,КАЈ ЌЕ ОДИ СЕТО ТОА САКАЊЕ,2,треба,0.3148
Пијан Славеј,КАЈ ЌЕ ОДИ СЕТО ТОА САКАЊЕ,3,стврдне,0.2121
Пијан Славеј,КАЈ ЌЕ ОДИ СЕТО ТОА САКАЊЕ,4,остане,0.2085
Пијан Славеј,КАЈ ЌЕ ОДИ СЕТО ТОА САКАЊЕ,5,незаборавен,0.2005
Пијан Славеј,КАЈ ЌЕ ОДИ СЕТО ТОА САКАЊЕ,6,пеплоса,0.2005
Пијан Славеј,КАЈ ЌЕ ОДИ СЕТО ТОА САКАЊЕ,7,прострелен,0.2005
Пијан Славеј,КАЈ ЌЕ ОДИ СЕТО ТОА САКАЊЕ,8,баба,0.1858
Пијан Славеј,КАЈ ЌЕ ОДИ СЕТО ТОА САКАЊЕ,9,врежан,0.1858
Пијан Славеј,КАЈ ЌЕ ОДИ СЕТО ТОА САКАЊЕ,10,деда,0.1858
Пијан Славеј,КАБАЕТ,1,гаќа,0.2605
Пијан Славеј,КАБАЕТ,2,извлекување,0.2605
Пијан Славеј,КАБАЕТ,3,ластик,0.2605
Пијан Славеј,КАБАЕТ,4,нагласен,0.2605
Пијан Славеј,КАБАЕТ,5,непрогледан,0.2605
Пијан Славеј,КАБАЕТ,6,парфем,0.2605
Пијан Славеј,КАБАЕТ,7,плескање,0.2605
Пијан Славеј,КАБАЕТ,8,сркање,0.2605
Пијан Славеј,КАБАЕТ,9,фиока,0.2605
Пијан Славеј,КАБАЕТ,10,долап,0.236
Пијан Славеј,КАДЕ И ДА ОДИШ,1,постела,0.2868
Пијан Славеј,КАДЕ И ДА ОДИШ,2,нога,0.2584
Пијан Славеј,КАДЕ И ДА ОДИШ,3,крева,0.2361
Пијан Славеј,КАДЕ И ДА ОДИШ,4,засуши,0.2125
Пијан Славеј,КАДЕ И ДА ОДИШ,5,надоаѓаш,0.2125
Пијан Славеј,КАДЕ И ДА ОДИШ,6,ноќни,0.2125
Пијан Славеј,КАДЕ И ДА ОДИШ,7,опчекорен,0.2125
Пијан Славеј,КАДЕ И ДА ОДИШ,8,раменица,0.2125
Пијан Славеј,КАДЕ И ДА ОДИШ,9,едро,0.2008
Пијан Славеј,КАДЕ И ДА ОДИШ,10,котва,0.2008
Пијан Славеј,КАКО ДА ПРЕПОЗНАЕШ ПРЕДОЧЕНА УБАВИНА,1,предочен,0.4065
Пијан Славеј,КАКО ДА ПРЕПОЗНАЕШ ПРЕДОЧЕНА УБАВИНА,2,препознае,0.2992
Пијан Славеј,КАКО ДА ПРЕПОЗНАЕШ ПРЕДОЧЕНА УБАВИНА,3,убавина,0.2312
Пијан Славеј,КАКО ДА ПРЕПОЗНАЕШ ПРЕДОЧЕНА УБАВИНА,4,некогаш,0.1647
Пијан Славеј,КАКО ДА ПРЕПОЗНАЕШ ПРЕДОЧЕНА УБАВИНА,5,падне,0.1512
Пијан Славеј,КАКО ДА ПРЕПОЗНАЕШ ПРЕДОЧЕНА УБАВИНА,6,антиперископски,0.1355
Пијан Славеј,КАКО ДА ПРЕПОЗНАЕШ ПРЕДОЧЕНА УБАВИНА,7,аџилак,0.1355
Пијан Славеј,КАКО ДА ПРЕПОЗНАЕШ ПРЕДОЧЕНА УБАВИНА,8,бараба,0.1355
Пијан Славеј,КАКО ДА ПРЕПОЗНАЕШ ПРЕДОЧЕНА УБАВИНА,9,бербеник,0.1355
Пијан Славеј,КАКО ДА ПРЕПОЗНАЕШ ПРЕДОЧЕНА УБАВИНА,10,изложбен,0.1355
Пијан Славеј,КАЛЕМЕЊЕ,1,тамбура,0.4122
Пијан Славеј,КАЛЕМЕЊЕ,2,круша,0.3907
Пијан Славеј,КАЛЕМЕЊЕ,3,благадуша,0.3138
Пијан Славеј,КАЛЕМЕЊЕ,4,бушав,0.2965
Пијан Славеј,КАЛЕМЕЊЕ,5,песна,0.1863
Пијан Славеј,КАЛЕМЕЊЕ,6,грло,0.1852
Пијан Славеј,КАЛЕМЕЊЕ,7,певецец,0.1569
Пијан Славеј,КАЛЕМЕЊЕ,8,сој,0.1569
Пијан Славеј,КАЛЕМЕЊЕ,9,гуша,0.1483
Пијан Славеј,КАЛЕМЕЊЕ,10,жеднее,0.1483
Пијан Славеј,КЛИНЧ,1,рунда,0.4421
Пијан Славеј,КЛИНЧ,2,божествено,0.3316
Пијан Славеј,КЛИНЧ,3,улав,0.3004
Пијан Славеј,КЛИНЧ,4,распеан,0.2752
Пијан Славеј,КЛИНЧ,5,песна,0.2625
Пијан Славеј,КЛИНЧ,6,ваков,0.2549
Пијан Славеј,КЛИНЧ,7,љуба,0.241
Пијан Славеј,КЛИНЧ,8,земи,0.2328
Пијан Славеј,КЛИНЧ,9,жив,0.1604
Пијан Славеј,КЛИНЧ,10,може,0.1568
Пијан Славеј,КЛУПА,1,спиење,0.6471
Пијан Славеј,КЛУПА,2,агол,0.3722
Пијан Славеј,КЛУПА,3,филмски,0.225
Пијан Славеј,КЛУПА,4,суво,0.2157
Пијан Славеј,КЛУПА,5,дождец,0.2026
Пијан Славеј,КЛУПА,6,клупа,0.1976
Пијан Славеј,КЛУПА,7,мокар,0.1976
Пијан Славеј,КЛУПА,8,сјае,0.1752
Пијан Славеј,КЛУПА,9,кревет,0.169
Пијан Славеј,КЛУПА,10,глув,0.1637
Пијан Славеј,КОЈ МОЖЕ ДА РАСИПЕ ЕДЕН ВАКОВ ДЕН,1,расипе,0.4512
Пијан Славеј,КОЈ МОЖЕ ДА РАСИПЕ ЕДЕН ВАКОВ ДЕН,2,ваков,0.367
Пијан Славеј,КОЈ МОЖЕ ДА РАСИПЕ ЕДЕН ВАКОВ ДЕН,3,боли,0.3351
Пијан Славеј,КОЈ МОЖЕ ДА РАСИПЕ ЕДЕН ВАКОВ ДЕН,4,издание,0.2387
Пијан Славеј,КОЈ МОЖЕ ДА РАСИПЕ ЕДЕН ВАКОВ ДЕН,5,џебен,0.2387
Пијан Славеј,КОЈ МОЖЕ ДА РАСИПЕ ЕДЕН ВАКОВ ДЕН,6,ден,0.2303
Пијан Славеј,КОЈ МОЖЕ ДА РАСИПЕ ЕДЕН ВАКОВ ДЕН,7,клекне,0.2256
Пијан Славеј,КОЈ МОЖЕ ДА РАСИПЕ ЕДЕН ВАКОВ ДЕН,8,еден,0.1852
Пијан Славеј,КОЈ МОЖЕ ДА РАСИПЕ ЕДЕН ВАКОВ ДЕН,9,ноќва,0.1807
Пијан Славеј,КОЈ МОЖЕ ДА РАСИПЕ ЕДЕН ВАКОВ ДЕН,10,може,0.1693
Пијан Славеј,КОГА СОНОТ ЗАМИНА ПЕНЗИЈА,1,замине,0.3451
Пијан Славеј,КОГА СОНОТ ЗАМИНА ПЕНЗИЈА,2,пензија,0.3412
Пијан Славеј,КОГА СОНОТ ЗАМИНА ПЕНЗИЈА,3,апол,0.1805
Пијан Славеј,КОГА СОНОТ ЗАМИНА ПЕНЗИЈА,4,вдлабнат,0.1805
Пијан Славеј,КОГА СОНОТ ЗАМИНА ПЕНЗИЈА,5,загледување,0.1805
Пијан Славеј,КОГА СОНОТ ЗАМИНА ПЕНЗИЈА,6,колега,0.1805
Пијан Славеј,КОГА СОНОТ ЗАМИНА ПЕНЗИЈА,7,поплочен,0.1805
Пијан Славеј,КОГА СОНОТ ЗАМИНА ПЕНЗИЈА,8,промет,0.1805
Пијан Славеј,КОГА СОНОТ ЗАМИНА ПЕНЗИЈА,9,чекорење,0.1805
Пијан Славеј,КОГА СОНОТ ЗАМИНА ПЕНЗИЈА,10,едноставно,0.1706
Пијан Славеј,КОГА ТЕ НЕМАМ,1,зацапи,0.2541
Пијан Славеј,КОГА ТЕ НЕМАМ,2,камен-змијарник,0.2541
Пијан Славеј,КОГА ТЕ НЕМАМ,3,одоколу,0.2541
Пијан Славеј,КОГА ТЕ НЕМАМ,4,потпрашува,0.2541
Пијан Славеј,КОГА ТЕ НЕМАМ,5,рацеве,0.2541
Пијан Славеј,КОГА ТЕ НЕМАМ,6,босоног,0.2401
Пијан Славеј,КОГА ТЕ НЕМАМ,7,одговори,0.2401
Пијан Славеј,КОГА ТЕ НЕМАМ,8,подметнува,0.2401
Пијан Славеј,КОГА ТЕ НЕМАМ,9,фер,0.2401
Пијан Славеј,КОГА ТЕ НЕМАМ,10,отровен,0.2302
Пијан Славеј,КОРЕЊА,1,дрвце,0.4001
Пијан Славеј,КОРЕЊА,2,спие,0.3449
Пијан Славеј,КОРЕЊА,3,дрвје,0.2718
Пијан Славеј,КОРЕЊА,4,сонува,0.2513
Пијан Славеј,КОРЕЊА,5,малку,0.232
Пијан Славеј,КОРЕЊА,6,никогаш,0.2271
Пијан Славеј,КОРЕЊА,7,живее,0.2252
Пијан Славеј,КОРЕЊА,8,толку,0.2122
Пијан Славеј,КОРЕЊА,9,измелезен,0.2117
Пијан Славеј,КОРЕЊА,10,искалемен,0.2117
Пијан Славеј,КРСТ,1,крст,0.3547
Пијан Славеј,КРСТ,2,земи,0.3289
Пијан Славеј,КРСТ,3,жалица,0.2343
Пијан Славеј,КРСТ,4,одмени,0.2343
Пијан Славеј,КРСТ,5,ослови,0.2343
Пијан Славеј,КРСТ,6,пелин-мед,0.2343
Пијан Славеј,КРСТ,7,стигм,0.2343
Пијан Славеј,КРСТ,8,топло,0.2123
Пијан Славеј,КРСТ,9,перница,0.1994
Пијан Славеј,КРСТ,10,шајка,0.1994
Пијан Славеј,КУПИДОН,1,купидон,0.3818
Пијан Славеј,КУПИДОН,2,вене,0.3608
Пијан Славеј,КУПИДОН,3,стрелец,0.3608
Пијан Славеј,КУПИДОН,4,безболно,0.3459
Пијан Славеј,КУПИДОН,5,здрав,0.3249
Пијан Славеј,КУПИДОН,6,драг,0.2774
Пијан Славеј,КУПИДОН,7,боли,0.268
Пијан Славеј,КУПИДОН,8,лош,0.2652
Пијан Славеј,КУПИДОН,9,глава,0.1927
Пијан Славеј,КУПИДОН,10,жив,0.1846
Пијан Славеј,ЛАВА ЛАВА,1,lover,0.3218
Пијан Славеј,ЛАВА ЛАВА,2,вулкански,0.3218
Пијан Славеј,ЛАВА ЛАВА,3,гуши,0.3218
Пијан Славеј,ЛАВА ЛАВА,4,попокатепетл,0.3218
Пијан Славеј,ЛАВА ЛАВА,5,раснеш,0.3218
Пијан Славеј,ЛАВА ЛАВА,6,лава,0.2915
Пијан Славеј,ЛАВА ЛАВА,7,надоаѓа,0.2818
Пијан Славеј,ЛАВА ЛАВА,8,згасне,0.2235
Пијан Славеј,ЛАВА ЛАВА,9,пепел,0.2051
Пијан Славеј,ЛАВА ЛАВА,10,мора,0.1889
Пијан Славеј,ЛАГАДИН,1,година,0.3608
Пијан Славеј,ЛАГАДИН,2,мекнее,0.3561
Пијан Славеј,ЛАГАДИН,3,слаби,0.3561
Пијан Славеј,ЛАГАДИН,4,шлагер,0.3561
Пијан Славеј,ЛАГАДИН,5,вдишува,0.3226
Пијан Славеј,ЛАГАДИН,6,волја,0.2834
Пијан Славеј,ЛАГАДИН,7,лебди,0.2783
Пијан Славеј,ЛАГАДИН,8,рака,0.278
Пијан Славеј,ЛАГАДИН,9,влегува,0.2269
Пијан Славеј,ЛАГАДИН,10,езеро,0.2269
Пијан Славеј,ЛЕБЕДОВА,1,љуба,0.5529
Пијан Славеј,ЛЕБЕДОВА,2,погрешно,0.2536
Пијан Славеј,ЛЕБЕДОВА,3,тогаш,0.2416
Пијан Славеј,ЛЕБЕДОВА,4,крево,0.2397
Пијан Славеј,ЛЕБЕДОВА,5,побегне,0.2397
Пијан Славеј,ЛЕБЕДОВА,6,моие,0.2105
Пијан Славеј,ЛЕБЕДОВА,7,покрие,0.2059
Пијан Славеј,ЛЕБЕДОВА,8,цути,0.1983
Пијан Славеј,ЛЕБЕДОВА,9,живот,0.1943
Пијан Славеј,ЛЕБЕДОВА,10,трепетен,0.192
Пијан Славеј,ЛЕТ,1,вода,0.2347
Пијан Славеј,ЛЕТ,2,гори,0.2166
Пијан Славеј,ЛЕТ,3,врвца,0.2028
Пијан Славеј,ЛЕТ,4,закачен,0.2028
Пијан Славеј,ЛЕТ,5,затворски,0.2028
Пијан Славеј,ЛЕТ,6,изблуен,0.2028
Пијан Славеј,ЛЕТ,7,меланхоличен,0.2028
Пијан Славеј,ЛЕТ,8,повраќаница,0.2028
Пијан Славеј,ЛЕТ,9,полетен,0.2028
Пијан Славеј,ЛЕТ,10,бездомник,0.1916
Пијан Славеј,ЛУТА,1,разигрува,0.261
Пијан Славеј,ЛУТА,2,ракава,0.261
Пијан Славеј,ЛУТА,3,исчекување,0.2467
Пијан Славеј,ЛУТА,4,мирува,0.2467
Пијан Славеј,ЛУТА,5,простување,0.2467
Пијан Славеј,ЛУТА,6,свежо,0.2467
Пијан Славеј,ЛУТА,7,однадвор,0.2119
Пијан Славеј,ЛУТА,8,совршен,0.2119
Пијан Славеј,ЛУТА,9,момент,0.2078
Пијан Славеј,ЛУТА,10,колк,0.204
Пијан Славеј,МАЈКО,1,крај,0.6208
Пијан Славеј,МАЈКО,2,сукње,0.2309
Пијан Славеј,МАЈКО,3,дете,0.2213
Пијан Славеј,МАЈКО,4,плачка,0.2182
Пијан Славеј,МАЈКО,5,разгалува,0.2182
Пијан Славеј,МАЈКО,6,кујна,0.2092
Пијан Славеј,МАЈКО,7,сокрива,0.2092
Пијан Славеј,МАЈКО,8,збир,0.2022
Пијан Славеј,МАЈКО,9,мајчин,0.1838
Пијан Славеј,МАЈКО,10,парче,0.1639
Пијан Славеј,МАРШ!,1,десен,0.4727
Пијан Славеј,МАРШ!,2,лев,0.4344
Пијан Славеј,МАРШ!,3,рима,0.2751
Пијан Славеј,МАРШ!,4,плукне,0.2477
Пијан Славеј,МАРШ!,5,хор,0.2477
Пијан Славеј,МАРШ!,6,клетнички,0.1455
Пијан Славеј,МАРШ!,7,олути,0.1455
Пијан Славеј,МАРШ!,8,патос,0.1455
Пијан Славеј,МАРШ!,9,почетен,0.1455
Пијан Славеј,МАРШ!,10,разурлан,0.1455
Пијан Славеј,МАЧКА ВО ВРЕЌА,1,вреќа,0.5178
Пијан Славеј,МАЧКА ВО ВРЕЌА,2,мачка,0.4622
Пијан Славеј,МАЧКА ВО ВРЕЌА,3,среќа,0.2696
Пијан Славеј,МАЧКА ВО ВРЕЌА,4,трет,0.2206
Пијан Славеј,МАЧКА ВО ВРЕЌА,5,кратковида,0.1478
Пијан Славеј,МАЧКА ВО ВРЕЌА,6,непросветлен,0.1478
Пијан Славеј,МАЧКА ВО ВРЕЌА,7,предзнаење,0.1478
Пијан Славеј,МАЧКА ВО ВРЕЌА,8,стрчи,0.1478
Пијан Славеј,МАЧКА ВО ВРЕЌА,9,џрџа,0.1478
Пијан Славеј,МАЧКА ВО ВРЕЌА,10,бескорисен,0.1397
Пијан Славеј,МИ СЕ ВОДИ ЉУБОВ,1,води,0.6481
Пијан Славеј,МИ СЕ ВОДИ ЉУБОВ,2,љубов,0.4229
Пијан Славеј,МИ СЕ ВОДИ ЉУБОВ,3,делакроа,0.1809
Пијан Славеј,МИ СЕ ВОДИ ЉУБОВ,4,егзистенцијално,0.1809
Пијан Славеј,МИ СЕ ВОДИ ЉУБОВ,5,некомерцијално,0.1809
Пијан Славеј,МИ СЕ ВОДИ ЉУБОВ,6,неморален,0.1809
Пијан Славеј,МИ СЕ ВОДИ ЉУБОВ,7,обѕир,0.1809
Пијан Славеј,МИ СЕ ВОДИ ЉУБОВ,8,церемонијално,0.1809
Пијан Славеј,МИ СЕ ВОДИ ЉУБОВ,9,младешки,0.171
Пијан Славеј,МИ СЕ ВОДИ ЉУБОВ,10,раскошно,0.1639
Пијан Славеј,МИЗАНТРОПИЈА,1,човек,0.2235
Пијан Славеј,МИЗАНТРОПИЈА,2,знае,0.1955
Пијан Славеј,МИЗАНТРОПИЈА,3,веродостојност,0.1705
Пијан Славеј,МИЗАНТРОПИЈА,4,вџашив,0.1705
Пијан Славеј,МИЗАНТРОПИЈА,5,грлцце,0.1705
Пијан Славеј,МИЗАНТРОПИЈА,6,еба,0.1705
Пијан Славеј,МИЗАНТРОПИЈА,7,кучка,0.1705
Пијан Славеј,МИЗАНТРОПИЈА,8,наквасив,0.1705
Пијан Славеј,МИЗАНТРОПИЈА,9,поарен,0.1705
Пијан Славеј,МИЗАНТРОПИЈА,10,посто,0.1705
Пијан Славеј,МИРО,1,миро,0.4847
Пијан Славеј,МИРО,2,сити,0.3419
Пијан Славеј,МИРО,3,око,0.2461
Пијан Славеј,МИРО,4,кревет,0.2427
Пијан Славеј,МИРО,5,грб,0.2375
Пијан Славеј,МИРО,6,жеден,0.2267
Пијан Славеј,МИРО,7,врти,0.2105
Пијан Славеј,МИРО,8,сонува,0.203
Пијан Славеј,МИРО,9,корсет,0.171
Пијан Славеј,МИРО,10,крцкав,0.171
Пијан Славеј,МОЛИТВА,1,смисла,0.2657
Пијан Славеј,МОЛИТВА,2,спие,0.2389
Пијан Славеј,МОЛИТВА,3,екстрасистола,0.2199
Пијан Славеј,МОЛИТВА,4,извики,0.2199
Пијан Славеј,МОЛИТВА,5,обратен,0.2199
Пијан Славеј,МОЛИТВА,6,пеана,0.2199
Пијан Славеј,МОЛИТВА,7,пратки,0.2199
Пијан Славеј,МОЛИТВА,8,скокотне,0.2199
Пијан Славеј,МОЛИТВА,9,смислен,0.2199
Пијан Славеј,МОЛИТВА,10,тогаш,0.2095
Пијан Славеј,МОЛИТВА бр. 2,1,потрае,0.3895
Пијан Славеј,МОЛИТВА бр. 2,2,потполно,0.3609
Пијан Славеј,МОЛИТВА бр. 2,3,крепи,0.312
Пијан Славеј,МОЛИТВА бр. 2,4,исчезне,0.3075
Пијан Славеј,МОЛИТВА бр. 2,5,спомена,0.2893
Пијан Славеј,МОЛИТВА бр. 2,6,само,0.275
Пијан Славеј,МОЛИТВА бр. 2,7,моли,0.2667
Пијан Славеј,МОЛИТВА бр. 2,8,сети,0.2419
Пијан Славеј,МОЛИТВА бр. 2,9,век,0.2289
Пијан Славеј,МОЛИТВА бр. 2,10,рече,0.215
Пијан Славеј,"МОЛЧИ, МОЛЧИ, ЉУБОВ МОЈА",1,стегне,0.2927
Пијан Славеј,"МОЛЧИ, МОЛЧИ, ЉУБОВ МОЈА",2,фати,0.2381
Пијан Славеј,"МОЛЧИ, МОЛЧИ, ЉУБОВ МОЈА",3,живца,0.1934
Пијан Славеј,"МОЛЧИ, МОЛЧИ, ЉУБОВ МОЈА",4,канџа,0.1934
Пијан Славеј,"МОЛЧИ, МОЛЧИ, ЉУБОВ МОЈА",5,маче,0.1934
Пијан Славеј,"МОЛЧИ, МОЛЧИ, ЉУБОВ МОЈА",6,мјаукне,0.1934
Пијан Славеј,"МОЛЧИ, МОЛЧИ, ЉУБОВ МОЈА",7,преди,0.1934
Пијан Славеј,"МОЛЧИ, МОЛЧИ, ЉУБОВ МОЈА",8,припив,0.1934
Пијан Славеј,"МОЛЧИ, МОЛЧИ, ЉУБОВ МОЈА",9,замав,0.1827
Пијан Славеј,"МОЛЧИ, МОЛЧИ, ЉУБОВ МОЈА",10,изостри,0.1827
Пијан Славеј,МУЗА,1,зачести,0.3646
Пијан Славеј,МУЗА,2,плукнат,0.3646
Пијан Славеј,МУЗА,3,труд,0.3102
Пијан Славеј,МУЗА,4,дај,0.3026
Пијан Славеј,МУЗА,5,радува,0.3026
Пијан Славеј,МУЗА,6,зачне,0.296
Пијан Славеј,МУЗА,7,стави,0.2587
Пијан Славеј,МУЗА,8,раѓа,0.2483
Пијан Славеј,МУЗА,9,добро,0.2359
Пијан Славеј,МУЗА,10,стои,0.2064
Пијан Славеј,МУЗИКАТА В РАЦЕ,1,музика,0.3905
Пијан Славеј,МУЗИКАТА В РАЦЕ,2,болка,0.3872
Пијан Славеј,МУЗИКАТА В РАЦЕ,3,носи,0.3303
Пијан Славеј,МУЗИКАТА В РАЦЕ,4,свирач,0.2572
Пијан Славеј,МУЗИКАТА В РАЦЕ,5,само,0.2368
Пијан Славеј,МУЗИКАТА В РАЦЕ,6,свирка,0.226
Пијан Славеј,МУЗИКАТА В РАЦЕ,7,рака,0.2216
Пијан Славеј,МУЗИКАТА В РАЦЕ,8,милост,0.2149
Пијан Славеј,МУЗИКАТА В РАЦЕ,9,љубовник,0.1851
Пијан Славеј,МУЗИКАТА В РАЦЕ,10,затегнат,0.142
Пијан Славеј,НА ЅИДОТ,1,смрт,0.2768
Пијан Славеј,НА ЅИДОТ,2,дојде,0.196
Пијан Славеј,НА ЅИДОТ,3,згоди,0.1834
Пијан Славеј,НА ЅИДОТ,4,мам,0.1834
Пијан Славеј,НА ЅИДОТ,5,опус,0.1834
Пијан Славеј,НА ЅИДОТ,6,стрелачки,0.1834
Пијан Славеј,НА ЅИДОТ,7,тајфа,0.1834
Пијан Славеј,НА ЅИДОТ,8,фредерик,0.1834
Пијан Славеј,НА ЅИДОТ,9,бакшиш,0.1733
Пијан Славеј,НА ЅИДОТ,10,вроден,0.1733
Пијан Славеј,НА ЗДРАВЈЕ,1,пие,0.4542
Пијан Славеј,НА ЗДРАВЈЕ,2,здравје,0.3209
Пијан Славеј,НА ЗДРАВЈЕ,3,очиве,0.3118
Пијан Славеј,НА ЗДРАВЈЕ,4,точи,0.2864
Пијан Славеј,НА ЗДРАВЈЕ,5,вода,0.2828
Пијан Славеј,НА ЗДРАВЈЕ,6,однатре,0.2734
Пијан Славеј,НА ЗДРАВЈЕ,7,лут,0.2318
Пијан Славеј,НА ЗДРАВЈЕ,8,вино,0.2242
Пијан Славеј,НА ЗДРАВЈЕ,9,збор,0.2197
Пијан Славеј,НА ЗДРАВЈЕ,10,зеде,0.166
Пијан Славеј,НЕ ГО БАРАЈ ТОА ОД МЕНЕ,1,чевел,0.3813
Пијан Славеј,НЕ ГО БАРАЈ ТОА ОД МЕНЕ,2,чекори,0.3745
Пијан Славеј,НЕ ГО БАРАЈ ТОА ОД МЕНЕ,3,одвратен,0.2395
Пијан Славеј,НЕ ГО БАРАЈ ТОА ОД МЕНЕ,4,собуј,0.2395
Пијан Славеј,НЕ ГО БАРАЈ ТОА ОД МЕНЕ,5,шутка,0.2395
Пијан Славеј,НЕ ГО БАРАЈ ТОА ОД МЕНЕ,6,барај,0.2263
Пијан Славеј,НЕ ГО БАРАЈ ТОА ОД МЕНЕ,7,босоног,0.2263
Пијан Славеј,НЕ ГО БАРАЈ ТОА ОД МЕНЕ,8,фер,0.2263
Пијан Славеј,НЕ ГО БАРАЈ ТОА ОД МЕНЕ,9,згази,0.217
Пијан Славеј,НЕ ГО БАРАЈ ТОА ОД МЕНЕ,10,број,0.1988
Пијан Славеј,НЕ ДОЗВОЛУВАЈ ДА ТИ ПРОСТАМ,1,влечкав,0.256
Пијан Славеј,НЕ ДОЗВОЛУВАЈ ДА ТИ ПРОСТАМ,2,навредлив,0.256
Пијан Славеј,НЕ ДОЗВОЛУВАЈ ДА ТИ ПРОСТАМ,3,скилавив,0.256
Пијан Славеј,НЕ ДОЗВОЛУВАЈ ДА ТИ ПРОСТАМ,4,урнав,0.256
Пијан Славеј,НЕ ДОЗВОЛУВАЈ ДА ТИ ПРОСТАМ,5,бесрамно,0.2419
Пијан Славеј,НЕ ДОЗВОЛУВАЈ ДА ТИ ПРОСТАМ,6,насме,0.2419
Пијан Славеј,НЕ ДОЗВОЛУВАЈ ДА ТИ ПРОСТАМ,7,заслужи,0.2319
Пијан Славеј,НЕ ДОЗВОЛУВАЈ ДА ТИ ПРОСТАМ,8,дозволува,0.2242
Пијан Славеј,НЕ ДОЗВОЛУВАЈ ДА ТИ ПРОСТАМ,9,смрдлив,0.2242
Пијан Славеј,НЕ ДОЗВОЛУВАЈ ДА ТИ ПРОСТАМ,10,наскоро,0.2125
Пијан Славеј,НЕ МЕ ВОЗНЕМИРУВАЈ,1,води,0.4347
Пијан Славеј,НЕ МЕ ВОЗНЕМИРУВАЈ,2,под,0.364
Пијан Славеј,НЕ МЕ ВОЗНЕМИРУВАЈ,3,вознемирува,0.344
Пијан Славеј,НЕ МЕ ВОЗНЕМИРУВАЈ,4,потпрен,0.3098
Пијан Славеј,НЕ МЕ ВОЗНЕМИРУВАЈ,5,кревет,0.2584
Пијан Славеј,НЕ МЕ ВОЗНЕМИРУВАЈ,6,грб,0.2529
Пијан Славеј,НЕ МЕ ВОЗНЕМИРУВАЈ,7,седи,0.2355
Пијан Славеј,НЕ МЕ ВОЗНЕМИРУВАЈ,8,љубов,0.2127
Пијан Славеј,НЕ МЕ ВОЗНЕМИРУВАЈ,9,задишан,0.1594
Пијан Славеј,НЕ МЕ ВОЗНЕМИРУВАЈ,10,смирува,0.1594
Пијан Славеј,НЕ СМЕ ЗА ВЕРУВАЊЕ,1,верување,0.624
Пијан Славеј,НЕ СМЕ ЗА ВЕРУВАЊЕ,2,последен,0.3922
Пијан Славеј,НЕ СМЕ ЗА ВЕРУВАЊЕ,3,пат,0.3176
Пијан Славеј,НЕ СМЕ ЗА ВЕРУВАЊЕ,4,докрај,0.2785
Пијан Славеј,НЕ СМЕ ЗА ВЕРУВАЊЕ,5,пушти,0.2223
Пијан Славеј,НЕ СМЕ ЗА ВЕРУВАЊЕ,6,искрвави,0.1781
Пијан Славеј,НЕ СМЕ ЗА ВЕРУВАЊЕ,7,помош,0.1781
Пијан Славеј,НЕ СМЕ ЗА ВЕРУВАЊЕ,8,превивај,0.1781
Пијан Славеј,НЕ СМЕ ЗА ВЕРУВАЊЕ,9,пролеа,0.1781
Пијан Славеј,НЕ СМЕ ЗА ВЕРУВАЊЕ,10,ветување,0.1614
Пијан Славеј,НЕ СТАВАЈ КАРМИН,1,грмам,0.1952
Пијан Славеј,НЕ СТАВАЈ КАРМИН,2,згазнува,0.1952
Пијан Славеј,НЕ СТАВАЈ КАРМИН,3,масно,0.1952
Пијан Славеј,НЕ СТАВАЈ КАРМИН,4,меко,0.1952
Пијан Славеј,НЕ СТАВАЈ КАРМИН,5,накитен,0.1952
Пијан Славеј,НЕ СТАВАЈ КАРМИН,6,ороводец,0.1952
Пијан Славеј,НЕ СТАВАЈ КАРМИН,7,прачка,0.1952
Пијан Славеј,НЕ СТАВАЈ КАРМИН,8,тапанџија,0.1952
Пијан Славеј,НЕ СТАВАЈ КАРМИН,9,тропнува,0.1952
Пијан Славеј,НЕ СТАВАЈ КАРМИН,10,трубат-свира,0.1952
Пијан Славеј,НЕДОПРЕНА,1,важи,0.4974
Пијан Славеј,НЕДОПРЕНА,2,прероден,0.2745
Пијан Славеј,НЕДОПРЕНА,3,недопрен,0.2487
Пијан Славеј,НЕДОПРЕНА,4,исправи,0.2229
Пијан Славеј,НЕДОПРЕНА,5,удави,0.2229
Пијан Славеј,НЕДОПРЕНА,6,среди,0.1971
Пијан Славеј,НЕДОПРЕНА,7,тежи,0.1907
Пијан Славеј,НЕДОПРЕНА,8,само,0.1832
Пијан Славеј,НЕДОПРЕНА,9,излезе,0.179
Пијан Славеј,НЕДОПРЕНА,10,назад,0.1776
Пијан Славеј,НЕЖНОСТ,1,лира,0.3985
Пијан Славеј,НЕЖНОСТ,2,орфеј,0.3985
Пијан Славеј,НЕЖНОСТ,3,зјапа,0.3852
Пијан Славеј,НЕЖНОСТ,4,продолжи,0.3382
Пијан Славеј,НЕЖНОСТ,5,нежност,0.3158
Пијан Славеј,НЕЖНОСТ,6,умре,0.2846
Пијан Славеј,НЕЖНОСТ,7,малку,0.241
Пијан Славеј,НЕЖНОСТ,8,пее,0.2331
Пијан Славеј,НЕЖНОСТ,9,тежок,0.2303
Пијан Славеј,НЕЖНОСТ,10,тогаш,0.2095
Пијан Славеј,НЕЗНАЈНИОТ ЉУБОВНИК,1,цвеќе,0.2779
Пијан Славеј,НЕЗНАЈНИОТ ЉУБОВНИК,2,незнаен,0.2649
Пијан Славеј,НЕЗНАЈНИОТ ЉУБОВНИК,3,букет,0.2367
Пијан Славеј,НЕЗНАЈНИОТ ЉУБОВНИК,4,сака-ме,0.2367
Пијан Славеј,НЕЗНАЈНИОТ ЉУБОВНИК,5,џоинт,0.2367
Пијан Славеј,НЕЗНАЈНИОТ ЉУБОВНИК,6,нејќе,0.2145
Пијан Славеј,НЕЗНАЈНИОТ ЉУБОВНИК,7,положи,0.2145
Пијан Славеј,НЕЗНАЈНИОТ ЉУБОВНИК,8,пуши,0.2145
Пијан Славеј,НЕЗНАЈНИОТ ЉУБОВНИК,9,девица,0.2073
Пијан Славеј,НЕЗНАЈНИОТ ЉУБОВНИК,10,свеж,0.1742
Пијан Славеј,НЕКА ТЕЧЕ ЉУБОВТА,1,семеен,0.295
Пијан Славеј,НЕКА ТЕЧЕ ЉУБОВТА,2,љубов,0.1824
Пијан Славеј,НЕКА ТЕЧЕ ЉУБОВТА,3,тече,0.1776
Пијан Славеј,НЕКА ТЕЧЕ ЉУБОВТА,4,бране,0.1561
Пијан Славеј,НЕКА ТЕЧЕ ЉУБОВТА,5,бујно,0.1561
Пијан Славеј,НЕКА ТЕЧЕ ЉУБОВТА,6,вразумува,0.1561
Пијан Славеј,НЕКА ТЕЧЕ ЉУБОВТА,7,досели,0.1561
Пијан Славеј,НЕКА ТЕЧЕ ЉУБОВТА,8,дует,0.1561
Пијан Славеј,НЕКА ТЕЧЕ ЉУБОВТА,9,згнети,0.1561
Пијан Славеј,НЕКА ТЕЧЕ ЉУБОВТА,10,кадро,0.1561
Пијан Славеј,НЕКОГАШ ЗАПАЃАМ ВО ДЛАБОКА ЛИРИКА,1,лирика,0.3588
Пијан Славеј,НЕКОГАШ ЗАПАЃАМ ВО ДЛАБОКА ЛИРИКА,2,длабок,0.2471
Пијан Славеј,НЕКОГАШ ЗАПАЃАМ ВО ДЛАБОКА ЛИРИКА,3,гледа,0.2384
Пијан Славеј,НЕКОГАШ ЗАПАЃАМ ВО ДЛАБОКА ЛИРИКА,4,ебати,0.198
Пијан Славеј,НЕКОГАШ ЗАПАЃАМ ВО ДЛАБОКА ЛИРИКА,5,запаѓи,0.198
Пијан Славеј,НЕКОГАШ ЗАПАЃАМ ВО ДЛАБОКА ЛИРИКА,6,запостави,0.198
Пијан Славеј,НЕКОГАШ ЗАПАЃАМ ВО ДЛАБОКА ЛИРИКА,7,кирија,0.198
Пијан Славеј,НЕКОГАШ ЗАПАЃАМ ВО ДЛАБОКА ЛИРИКА,8,офарбал,0.198
Пијан Славеј,НЕКОГАШ ЗАПАЃАМ ВО ДЛАБОКА ЛИРИКА,9,плаќа,0.198
Пијан Славеј,НЕКОГАШ ЗАПАЃАМ ВО ДЛАБОКА ЛИРИКА,10,умирачки,0.198
Пијан Славеј,НЕКОЛКУ ЗБОРА,1,неколку,0.571
Пијан Славеј,НЕКОЛКУ ЗБОРА,2,човек,0.3697
Пијан Славеј,НЕКОЛКУ ЗБОРА,3,збор,0.3383
Пијан Славеј,НЕКОЛКУ ЗБОРА,4,мора,0.2484
Пијан Славеј,НЕКОЛКУ ЗБОРА,5,викне,0.229
Пијан Славеј,НЕКОЛКУ ЗБОРА,6,шепне,0.2135
Пијан Славеј,НЕКОЛКУ ЗБОРА,7,рече,0.1471
Пијан Славеј,НЕКОЛКУ ЗБОРА,8,тирада,0.141
Пијан Славеј,НЕКОЛКУ ЗБОРА,9,тока,0.141
Пијан Славеј,НЕКОЛКУ ЗБОРА,10,расипан,0.1278
Пијан Славеј,НЕСОНИЦА,1,изгоре,0.427
Пијан Славеј,НЕСОНИЦА,2,кучешки,0.2729
Пијан Славеј,НЕСОНИЦА,3,ден,0.1744
Пијан Славеј,НЕСОНИЦА,4,акцент,0.1506
Пијан Славеј,НЕСОНИЦА,5,анапест,0.1506
Пијан Славеј,НЕСОНИЦА,6,дактил,0.1506
Пијан Славеј,НЕСОНИЦА,7,дивее,0.1506
Пијан Славеј,НЕСОНИЦА,8,еп,0.1506
Пијан Славеј,НЕСОНИЦА,9,комшиски,0.1506
Пијан Славеј,НЕСОНИЦА,10,лавеж,0.1506
Пијан Славеј,НИЕ,1,ветер,0.5146
Пијан Славеј,НИЕ,2,коњски,0.3404
Пијан Славеј,НИЕ,3,сплетка,0.3263
Пијан Славеј,НИЕ,4,галоп,0.2924
Пијан Славеј,НИЕ,5,тревка,0.2867
Пијан Славеј,НИЕ,6,грива,0.2769
Пијан Славеј,НИЕ,7,огнен,0.2651
Пијан Славеј,НИЕ,8,цветен,0.2617
Пијан Славеј,НИЕ,9,коса,0.2081
Пијан Славеј,НИЕ,10,крева,0.2001
Пијан Славеј,НОЌТА КОГА РЕЧЕ: МОЖЕШ САМО ДА МЕ СОНУВАШ!,1,залудно,0.3397
Пијан Славеј,НОЌТА КОГА РЕЧЕ: МОЖЕШ САМО ДА МЕ СОНУВАШ!,2,граница,0.2853
Пијан Славеј,НОЌТА КОГА РЕЧЕ: МОЖЕШ САМО ДА МЕ СОНУВАШ!,3,дешка,0.2134
Пијан Славеј,НОЌТА КОГА РЕЧЕ: МОЖЕШ САМО ДА МЕ СОНУВАШ!,4,издолжи,0.2134
Пијан Славеј,НОЌТА КОГА РЕЧЕ: МОЖЕШ САМО ДА МЕ СОНУВАШ!,5,лунарен,0.2134
Пијан Славеј,НОЌТА КОГА РЕЧЕ: МОЖЕШ САМО ДА МЕ СОНУВАШ!,6,неспаница,0.2134
Пијан Славеј,НОЌТА КОГА РЕЧЕ: МОЖЕШ САМО ДА МЕ СОНУВАШ!,7,нимбус,0.2134
Пијан Славеј,НОЌТА КОГА РЕЧЕ: МОЖЕШ САМО ДА МЕ СОНУВАШ!,8,прекрши,0.2134
Пијан Славеј,НОЌТА КОГА РЕЧЕ: МОЖЕШ САМО ДА МЕ СОНУВАШ!,9,пријавува,0.2134
Пијан Славеј,НОЌТА КОГА РЕЧЕ: МОЖЕШ САМО ДА МЕ СОНУВАШ!,10,сомбреро,0.2134
Пијан Славеј,НОЕ ДРЕМЕ ГОРЕ НА ТЕРАСАТА НА ГОРИЦА,1,последен,0.2279
Пијан Славеј,НОЕ ДРЕМЕ ГОРЕ НА ТЕРАСАТА НА ГОРИЦА,2,најде,0.2211
Пијан Славеј,НОЕ ДРЕМЕ ГОРЕ НА ТЕРАСАТА НА ГОРИЦА,3,белограѓан,0.207
Пијан Славеј,НОЕ ДРЕМЕ ГОРЕ НА ТЕРАСАТА НА ГОРИЦА,4,винар,0.207
Пијан Славеј,НОЕ ДРЕМЕ ГОРЕ НА ТЕРАСАТА НА ГОРИЦА,5,прекинат,0.207
Пијан Славеј,НОЕ ДРЕМЕ ГОРЕ НА ТЕРАСАТА НА ГОРИЦА,6,пријди,0.207
Пијан Славеј,НОЕ ДРЕМЕ ГОРЕ НА ТЕРАСАТА НА ГОРИЦА,7,трпејца,0.207
Пијан Славеј,НОЕ ДРЕМЕ ГОРЕ НА ТЕРАСАТА НА ГОРИЦА,8,чека,0.2002
Пијан Славеј,НОЕ ДРЕМЕ ГОРЕ НА ТЕРАСАТА НА ГОРИЦА,9,белка,0.1956
Пијан Славеј,НОЕ ДРЕМЕ ГОРЕ НА ТЕРАСАТА НА ГОРИЦА,10,рипне,0.1956
Пијан Славеј,ОБЛАЧЕ,1,облаче,0.6724
Пијан Славеј,ОБЛАЧЕ,2,плени,0.346
Пијан Славеј,ОБЛАЧЕ,3,личи,0.3037
Пијан Славеј,ОБЛАЧЕ,4,чист,0.2306
Пијан Славеј,ОБЛАЧЕ,5,малку,0.2165
Пијан Славеј,ОБЛАЧЕ,6,бел,0.1682
Пијан Славеј,ОБЛАЧЕ,7,сега,0.1592
Пијан Славеј,ОБЛАЧЕ,8,запенет,0.1317
Пијан Славеј,ОБЛАЧЕ,9,џина,0.1317
Пијан Славеј,ОБЛАЧЕ,10,мрсен,0.1244
Пијан Славеј,ОВОШНИ ПЕСНИ,1,вински,0.4174
Пијан Славеј,ОВОШНИ ПЕСНИ,2,вкусен,0.4174
Пијан Славеј,ОВОШНИ ПЕСНИ,3,усна,0.2411
Пијан Славеј,ОВОШНИ ПЕСНИ,4,гризнат,0.2087
Пијан Славеј,ОВОШНИ ПЕСНИ,5,деликатно,0.2087
Пијан Славеј,ОВОШНИ ПЕСНИ,6,замижан,0.2087
Пијан Славеј,ОВОШНИ ПЕСНИ,7,капинка,0.2087
Пијан Славеј,ОВОШНИ ПЕСНИ,8,ферментиран,0.2087
Пијан Славеј,ОВОШНИ ПЕСНИ,9,бакнување,0.1972
Пијан Славеј,ОВОШНИ ПЕСНИ,10,распнува,0.1972
Пијан Славеј,ОГЛЕДАЛО,1,огледало,0.3308
Пијан Славеј,ОГЛЕДАЛО,2,генијалност,0.3268
Пијан Славеј,ОГЛЕДАЛО,3,неудобен,0.3268
Пијан Славеј,ОГЛЕДАЛО,4,знак,0.3101
Пијан Славеј,ОГЛЕДАЛО,5,баналност,0.3088
Пијан Славеј,ОГЛЕДАЛО,6,дотеран,0.3088
Пијан Славеј,ОГЛЕДАЛО,7,виси,0.2961
Пијан Славеј,ОГЛЕДАЛО,8,верува,0.194
Пијан Славеј,ОГЛЕДАЛО,9,бог,0.1824
Пијан Славеј,ОГЛЕДАЛО,10,дотерува,0.1634
Пијан Славеј,ОД ЉУБОВТА ТРЕБА ДА СЕ ПАЗИМЕ,1,румени,0.5486
Пијан Славеј,ОД ЉУБОВТА ТРЕБА ДА СЕ ПАЗИМЕ,2,образ,0.3938
Пијан Славеј,ОД ЉУБОВТА ТРЕБА ДА СЕ ПАЗИМЕ,3,румен,0.3736
Пијан Славеј,ОД ЉУБОВТА ТРЕБА ДА СЕ ПАЗИМЕ,4,пази,0.2811
Пијан Славеј,ОД ЉУБОВТА ТРЕБА ДА СЕ ПАЗИМЕ,5,љубов,0.2137
Пијан Славеј,ОД ЉУБОВТА ТРЕБА ДА СЕ ПАЗИМЕ,6,дремеж,0.1829
Пијан Славеј,ОД ЉУБОВТА ТРЕБА ДА СЕ ПАЗИМЕ,7,заебе,0.1829
Пијан Славеј,ОД ЉУБОВТА ТРЕБА ДА СЕ ПАЗИМЕ,8,разебе,0.1829
Пијан Славеј,ОД ЉУБОВТА ТРЕБА ДА СЕ ПАЗИМЕ,9,треба,0.1809
Пијан Славеј,ОД ЉУБОВТА ТРЕБА ДА СЕ ПАЗИМЕ,10,сладолед,0.1601
Пијан Славеј,ОДДИШКА,1,душа,0.3141
Пијан Славеј,ОДДИШКА,2,дорече,0.2355
Пијан Славеј,ОДДИШКА,3,оддишка,0.2355
Пијан Славеј,ОДДИШКА,4,потегнат,0.2355
Пијан Славеј,ОДДИШКА,5,раздаде,0.2355
Пијан Славеј,ОДДИШКА,6,спрегне,0.2355
Пијан Славеј,ОДДИШКА,7,запале,0.2225
Пијан Славеј,ОДДИШКА,8,однеде,0.2225
Пијан Славеј,ОДДИШКА,9,проѕирка,0.2225
Пијан Славеј,ОДДИШКА,10,дувне,0.2133
Пијан Славеј,ОКО,1,месечино,0.3885
Пијан Славеј,ОКО,2,примаш,0.3885
Пијан Славеј,ОКО,3,осека,0.3671
Пијан Славеј,ОКО,4,превртлив,0.3671
Пијан Славеј,ОКО,5,одбива,0.3154
Пијан Славеј,ОКО,6,плима,0.3154
Пијан Славеј,ОКО,7,земе,0.2376
Пијан Славеј,ОКО,8,навлекува,0.1942
Пијан Славеј,ОКО,9,светилник,0.176
Пијан Славеј,ОКО,10,изгаснат,0.1701
Пијан Славеј,ОПУЛ,1,опул,0.3933
Пијан Славеј,ОПУЛ,2,траен,0.3448
Пијан Славеј,ОПУЛ,3,око,0.3327
Пијан Славеј,ОПУЛ,4,трае,0.281
Пијан Славеј,ОПУЛ,5,главно,0.2311
Пијан Славеј,ОПУЛ,6,зацапав,0.2311
Пијан Славеј,ОПУЛ,7,убајна,0.2311
Пијан Славеј,ОПУЛ,8,задник,0.2184
Пијан Славеј,ОПУЛ,9,спореден,0.2184
Пијан Славеј,ОПУЛ,10,цицка,0.2094
Пијан Славеј,ОЧИ В ОЧИ,1,око,0.9319
Пијан Славеј,ОЧИ В ОЧИ,2,кофи,0.1618
Пијан Славеј,ОЧИ В ОЧИ,3,култен,0.1618
Пијан Славеј,ОЧИ В ОЧИ,4,грамофон,0.1529
Пијан Славеј,ОЧИ В ОЧИ,5,бунар,0.1417
Пијан Славеј,ОЧИ В ОЧИ,6,плоча,0.1244
Пијан Славеј,ОЧИ В ОЧИ,7,фрлен,0.1207
Пијан Славеј,ОЧИ В ОЧИ,8,црн,0.0751
Пијан Славеј,ПАЈАКОВА МРЕЖА,1,ежи,0.666
Пијан Славеј,ПАЈАКОВА МРЕЖА,2,ниша,0.4902
Пијан Славеј,ПАЈАКОВА МРЕЖА,3,пајаков,0.444
Пијан Славеј,ПАЈАКОВА МРЕЖА,4,мрежа,0.3084
Пијан Славеј,ПАЈАКОВА МРЕЖА,5,тежи,0.1542
Пијан Славеј,ПАЛИМПСЕСТ,1,оздола,0.6854
Пијан Славеј,ПАЛИМПСЕСТ,2,мерак-уличка,0.2685
Пијан Славеј,ПАЛИМПСЕСТ,3,презапомнува,0.2685
Пијан Славеј,ПАЛИМПСЕСТ,4,презатоплува,0.2685
Пијан Славеј,ПАЛИМПСЕСТ,5,светли,0.2685
Пијан Славеј,ПАЛИМПСЕСТ,6,чити,0.2432
Пијан Славеј,ПАЛИМПСЕСТ,7,мој,0.1757
Пијан Славеј,ПАЛИМПСЕСТ,8,вика,0.1664
Пијан Славеј,ПАЛИМПСЕСТ,9,лик,0.1612
Пијан Славеј,ПАЛИМПСЕСТ,10,здив,0.139
Пијан Славеј,ПАРФЕМ,1,прашање,0.3862
Пијан Славеј,ПАРФЕМ,2,сеќавање,0.3228
Пијан Славеј,ПАРФЕМ,3,смел,0.2823
Пијан Славеј,ПАРФЕМ,4,пее,0.2703
Пијан Славеј,ПАРФЕМ,5,промена,0.2442
Пијан Славеј,ПАРФЕМ,6,заборави,0.2274
Пијан Славеј,ПАРФЕМ,7,врти,0.2094
Пијан Славеј,ПАРФЕМ,8,чуе,0.2094
Пијан Славеј,ПАРФЕМ,9,љубов,0.1988
Пијан Славеј,ПАРФЕМ,10,вљубенично,0.1701
Пијан Славеј,ПЕЕЊЕ ПОД ТУШ,1,ист,0.315
Пијан Славеј,ПЕЕЊЕ ПОД ТУШ,2,белец,0.2874
Пијан Славеј,ПЕЕЊЕ ПОД ТУШ,3,прскалка,0.2874
Пијан Славеј,ПЕЕЊЕ ПОД ТУШ,4,цигански,0.2874
Пијан Славеј,ПЕЕЊЕ ПОД ТУШ,5,бања,0.2604
Пијан Славеј,ПЕЕЊЕ ПОД ТУШ,6,прекор,0.2288
Пијан Славеј,ПЕЕЊЕ ПОД ТУШ,7,време,0.2235
Пијан Славеј,ПЕЕЊЕ ПОД ТУШ,8,вода,0.2218
Пијан Славеј,ПЕЕЊЕ ПОД ТУШ,9,вена,0.2209
Пијан Славеј,ПЕЕЊЕ ПОД ТУШ,10,пече,0.2176
Пијан Славеј,ПЕПЕЛАШКА,1,бестелесно,0.3336
Пијан Славеј,ПЕПЕЛАШКА,2,пливање,0.3336
Пијан Славеј,ПЕПЕЛАШКА,3,тричетврти-ноќ,0.3336
Пијан Славеј,ПЕПЕЛАШКА,4,грбно,0.3153
Пијан Славеј,ПЕПЕЛАШКА,5,лебдее,0.3022
Пијан Славеј,ПЕПЕЛАШКА,6,прекор,0.2655
Пијан Славеј,ПЕПЕЛАШКА,7,погледне,0.2395
Пијан Славеј,ПЕПЕЛАШКА,8,лесно,0.2231
Пијан Славеј,ПЕПЕЛАШКА,9,праша,0.2175
Пијан Славеј,ПЕПЕЛАШКА,10,ѕвезден,0.2142
Пијан Славеј,ПИЈАН СЛАВЕЈ,1,крилце,0.4833
Пијан Славеј,ПИЈАН СЛАВЕЈ,2,немој,0.4359
Пијан Славеј,ПИЈАН СЛАВЕЈ,3,вете,0.3036
Пијан Славеј,ПИЈАН СЛАВЕЈ,4,преселница,0.3036
Пијан Славеј,ПИЈАН СЛАВЕЈ,5,набрекнат,0.2659
Пијан Славеј,ПИЈАН СЛАВЕЈ,6,џеб,0.2465
Пијан Славеј,ПИЈАН СЛАВЕЈ,7,умре,0.1964
Пијан Славеј,ПИЈАН СЛАВЕЈ,8,љуби,0.1921
Пијан Славеј,ПИЈАН СЛАВЕЈ,9,фати,0.1869
Пијан Славеј,ПИЈАН СЛАВЕЈ,10,непослушен,0.1518
Пијан Славеј,ПИГМАЛИОН ВО ОБИД,1,мома,0.305
Пијан Славеј,ПИГМАЛИОН ВО ОБИД,2,можеби,0.2592
Пијан Славеј,ПИГМАЛИОН ВО ОБИД,3,исклесан,0.2301
Пијан Славеј,ПИГМАЛИОН ВО ОБИД,4,кукле,0.2301
Пијан Славеј,ПИГМАЛИОН ВО ОБИД,5,лувр,0.2301
Пијан Славеј,ПИГМАЛИОН ВО ОБИД,6,музеј,0.2301
Пијан Славеј,ПИГМАЛИОН ВО ОБИД,7,океј,0.2301
Пијан Славеј,ПИГМАЛИОН ВО ОБИД,8,памти,0.2301
Пијан Славеј,ПИГМАЛИОН ВО ОБИД,9,вешт,0.2174
Пијан Славеј,ПИГМАЛИОН ВО ОБИД,10,гаќи,0.2174
Пијан Славеј,ПЛЕСОК,1,празнење,0.342
Пијан Славеј,ПЛЕСОК,2,дожд,0.2824
Пијан Славеј,ПЛЕСОК,3,капка,0.1946
Пијан Славеј,ПЛЕСОК,4,жива-вода,0.171
Пијан Славеј,ПЛЕСОК,5,изнагали,0.171
Пијан Славеј,ПЛЕСОК,6,одлежан,0.171
Пијан Славеј,ПЛЕСОК,7,отстојан,0.171
Пијан Славеј,ПЛЕСОК,8,просветление,0.171
Пијан Славеј,ПЛЕСОК,9,славејавление,0.171
Пијан Славеј,ПЛЕСОК,10,забревтан,0.1616
Пијан Славеј,ПОЈАНИЦА,1,план,0.5253
Пијан Славеј,ПОЈАНИЦА,2,погоди,0.3208
Пијан Славеј,ПОЈАНИЦА,3,ситен,0.2501
Пијан Славеј,ПОЈАНИЦА,4,сонува,0.2294
Пијан Славеј,ПОЈАНИЦА,5,прави,0.2016
Пијан Славеј,ПОЈАНИЦА,6,толку,0.1938
Пијан Славеј,ПОЈАНИЦА,7,биљбих,0.1933
Пијан Славеј,ПОЈАНИЦА,8,собори,0.1933
Пијан Славеј,ПОЈАНИЦА,9,пар,0.1826
Пијан Славеј,ПОЈАНИЦА,10,скокотка,0.1826
Пијан Славеј,ПОЛИГРАФ,1,излаже,0.3325
Пијан Славеј,ПОЛИГРАФ,2,испита,0.3325
Пијан Славеј,ПОЛИГРАФ,3,полиграф,0.3325
Пијан Славеј,ПОЛИГРАФ,4,потисне,0.3325
Пијан Славеј,ПОЛИГРАФ,5,истисне,0.3142
Пијан Славеј,ПОЛИГРАФ,6,библија,0.3013
Пијан Славеј,ПОЛИГРАФ,7,рака,0.2596
Пијан Славеј,ПОЛИГРАФ,8,јаве,0.2481
Пијан Славеј,ПОЛИГРАФ,9,стави,0.236
Пијан Славеј,ПОЛИГРАФ,10,гол,0.1997
Пијан Славеј,ПОПАТНА,1,насушна,0.2495
Пијан Славеј,ПОПАТНА,2,узда,0.2495
Пијан Славеј,ПОПАТНА,3,ушка,0.2495
Пијан Славеј,ПОПАТНА,4,наслуша,0.2357
Пијан Славеј,ПОПАТНА,5,спружи,0.2357
Пијан Славеј,ПОПАТНА,6,гитара,0.226
Пијан Славеј,ПОПАТНА,7,мила,0.2185
Пијан Славеј,ПОПАТНА,8,качи,0.2123
Пијан Славеј,ПОПАТНА,9,недоглед,0.2071
Пијан Славеј,ПОПАТНА,10,сончоглед,0.2071
Пијан Славеј,ПОТРЕБНО Е ЧУДО ДА ВОСКРЕСНЕ ЧОВЕК,1,срце,0.3391
Пијан Славеј,ПОТРЕБНО Е ЧУДО ДА ВОСКРЕСНЕ ЧОВЕК,2,воскресне,0.3316
Пијан Славеј,ПОТРЕБНО Е ЧУДО ДА ВОСКРЕСНЕ ЧОВЕК,3,потребен,0.2972
Пијан Славеј,ПОТРЕБНО Е ЧУДО ДА ВОСКРЕСНЕ ЧОВЕК,4,момент,0.2913
Пијан Славеј,ПОТРЕБНО Е ЧУДО ДА ВОСКРЕСНЕ ЧОВЕК,5,чудо,0.2627
Пијан Славеј,ПОТРЕБНО Е ЧУДО ДА ВОСКРЕСНЕ ЧОВЕК,6,вклучи,0.183
Пијан Славеј,ПОТРЕБНО Е ЧУДО ДА ВОСКРЕСНЕ ЧОВЕК,7,доктор,0.183
Пијан Славеј,ПОТРЕБНО Е ЧУДО ДА ВОСКРЕСНЕ ЧОВЕК,8,живне,0.183
Пијан Славеј,ПОТРЕБНО Е ЧУДО ДА ВОСКРЕСНЕ ЧОВЕК,9,збуне,0.183
Пијан Славеј,ПОТРЕБНО Е ЧУДО ДА ВОСКРЕСНЕ ЧОВЕК,10,мотор,0.183
Пијан Славеј,ПРАШАЈ МЕ СТОПАТИ СТОПАТИ ЌЕ ПОВТОРАМ,1,трипати,0.3805
Пијан Славеј,ПРАШАЈ МЕ СТОПАТИ СТОПАТИ ЌЕ ПОВТОРАМ,2,праша,0.2625
Пијан Славеј,ПРАШАЈ МЕ СТОПАТИ СТОПАТИ ЌЕ ПОВТОРАМ,3,година,0.204
Пијан Славеј,ПРАШАЈ МЕ СТОПАТИ СТОПАТИ ЌЕ ПОВТОРАМ,4,зазелен,0.2013
Пијан Славеј,ПРАШАЈ МЕ СТОПАТИ СТОПАТИ ЌЕ ПОВТОРАМ,5,запролети,0.2013
Пијан Славеј,ПРАШАЈ МЕ СТОПАТИ СТОПАТИ ЌЕ ПОВТОРАМ,6,колеба,0.2013
Пијан Славеј,ПРАШАЈ МЕ СТОПАТИ СТОПАТИ ЌЕ ПОВТОРАМ,7,оттргне,0.2013
Пијан Славеј,ПРАШАЈ МЕ СТОПАТИ СТОПАТИ ЌЕ ПОВТОРАМ,8,оттурне,0.2013
Пијан Славеј,ПРАШАЈ МЕ СТОПАТИ СТОПАТИ ЌЕ ПОВТОРАМ,9,препрашува,0.2013
Пијан Славеј,ПРАШАЈ МЕ СТОПАТИ СТОПАТИ ЌЕ ПОВТОРАМ,10,пререче,0.2013
Пијан Славеј,ПРОБАЈ!,1,проба,0.8288
Пијан Славеј,ПРОБАЈ!,2,завидлив,0.1997
Пијан Славеј,ПРОБАЈ!,3,пожали,0.1997
Пијан Славеј,ПРОБАЈ!,4,пробај,0.1997
Пијан Славеј,ПРОБАЈ!,5,незаинтересиран,0.1887
Пијан Славеј,ПРОБАЈ!,6,пропушти,0.1809
Пијан Славеј,ПРОБАЈ!,7,вреди,0.1621
Пијан Славеј,ПРОБАЈ!,8,после,0.136
Пијан Славеј,ПРОБАЈ!,9,навистина,0.1282
Пијан Славеј,ПРОБАЈ!,10,некогаш,0.1214
Пијан Славеј,ПРСТОМЕТ,1,палец,0.3927
Пијан Славеј,ПРСТОМЕТ,2,домал,0.2242
Пијан Славеј,ПРСТОМЕТ,3,клучка,0.2242
Пијан Славеј,ПРСТОМЕТ,4,кретен,0.2242
Пијан Славеј,ПРСТОМЕТ,5,прстиње,0.2242
Пијан Славеј,ПРСТОМЕТ,6,среден,0.2242
Пијан Славеј,ПРСТОМЕТ,7,чешка,0.2242
Пијан Славеј,ПРСТОМЕТ,8,излезен,0.2031
Пијан Славеј,ПРСТОМЕТ,9,чади,0.2031
Пијан Славеј,ПРСТОМЕТ,10,фали,0.1908
Пијан Славеј,РАСИПИКУЌА,1,кец,0.3628
Пијан Славеј,РАСИПИКУЌА,2,уба,0.3628
Пијан Славеј,РАСИПИКУЌА,3,рака,0.2832
Пијан Славеј,РАСИПИКУЌА,4,карта,0.2789
Пијан Славеј,РАСИПИКУЌА,5,после,0.2471
Пијан Славеј,РАСИПИКУЌА,6,греојте,0.1814
Пијан Славеј,РАСИПИКУЌА,7,десетка,0.1814
Пијан Славеј,РАСИПИКУЌА,8,запие,0.1814
Пијан Славеј,РАСИПИКУЌА,9,кива,0.1814
Пијан Славеј,РАСИПИКУЌА,10,мастика,0.1814
Пијан Славеј,РАСПЕСНИЕ,1,чаршаф,0.3637
Пијан Славеј,РАСПЕСНИЕ,2,кафез,0.3057
Пијан Славеј,РАСПЕСНИЕ,3,песна,0.2465
Пијан Славеј,РАСПЕСНИЕ,4,глава,0.2096
Пијан Славеј,РАСПЕСНИЕ,5,биљбиљ-зборо,0.2077
Пијан Славеј,РАСПЕСНИЕ,6,речник,0.1881
Пијан Славеј,РАСПЕСНИЕ,7,ечи,0.1819
Пијан Славеј,РАСПЕСНИЕ,8,префрли,0.1819
Пијан Славеј,РАСПЕСНИЕ,9,пречи,0.1819
Пијан Славеј,РАСПЕСНИЕ,10,слаток,0.1767
Пијан Славеј,РИТУАЛИ,1,вклештува,0.2115
Пијан Славеј,РИТУАЛИ,2,втиснува,0.2115
Пијан Славеј,РИТУАЛИ,3,подиги,0.2115
Пијан Славеј,РИТУАЛИ,4,халуцинира,0.2115
Пијан Славеј,РИТУАЛИ,5,вивен,0.1999
Пијан Славеј,РИТУАЛИ,6,гмечи,0.1999
Пијан Славеј,РИТУАЛИ,7,корне,0.1999
Пијан Славеј,РИТУАЛИ,8,раскрил,0.1999
Пијан Славеј,РИТУАЛИ,9,скелет,0.1999
Пијан Славеј,РИТУАЛИ,10,шлапка,0.1999
Пијан Славеј,САМИЦА,1,даница,0.2249
Пијан Славеј,САМИЦА,2,копиле,0.2249
Пијан Славеј,САМИЦА,3,свиѓа,0.2249
Пијан Славеј,САМИЦА,4,себеотфрлен,0.2249
Пијан Славеј,САМИЦА,5,сјајно,0.2249
Пијан Славеј,САМИЦА,6,јалов,0.2249
Пијан Славеј,САМИЦА,7,проаѓа,0.2126
Пијан Славеј,САМИЦА,8,самица,0.2126
Пијан Славеј,САМИЦА,9,гитара,0.2038
Пијан Славеј,САМИЦА,10,речник,0.2038
Пијан Славеј,СВРЗАНИ САДОВИ,1,двотактно,0.3431
Пијан Славеј,СВРЗАНИ САДОВИ,2,пумпа,0.3431
Пијан Славеј,СВРЗАНИ САДОВИ,3,крвен,0.3109
Пијан Славеј,СВРЗАНИ САДОВИ,4,подеднакво,0.2848
Пијан Славеј,СВРЗАНИ САДОВИ,5,сад,0.2597
Пијан Славеј,СВРЗАНИ САДОВИ,6,твој,0.2575
Пијан Славеј,СВРЗАНИ САДОВИ,7,јад,0.2463
Пијан Славеј,СВРЗАНИ САДОВИ,8,чука,0.2409
Пијан Славеј,СВРЗАНИ САДОВИ,9,мој,0.2246
Пијан Славеј,СВРЗАНИ САДОВИ,10,дели,0.2061
Пијан Славеј,СЕ ЖАЛЕА МОИТЕ ГУЛАПЧИЊА ПИСМОНОСЦИ,1,вели,0.5346
Пијан Славеј,СЕ ЖАЛЕА МОИТЕ ГУЛАПЧИЊА ПИСМОНОСЦИ,2,гулапче,0.4218
Пијан Славеј,СЕ ЖАЛЕА МОИТЕ ГУЛАПЧИЊА ПИСМОНОСЦИ,3,писмоносци,0.4218
Пијан Славеј,СЕ ЖАЛЕА МОИТЕ ГУЛАПЧИЊА ПИСМОНОСЦИ,4,жали,0.1974
Пијан Славеј,СЕ ЖАЛЕА МОИТЕ ГУЛАПЧИЊА ПИСМОНОСЦИ,5,праша,0.1834
Пијан Славеј,СЕ ЖАЛЕА МОИТЕ ГУЛАПЧИЊА ПИСМОНОСЦИ,6,напива,0.1406
Пијан Славеј,СЕ ЖАЛЕА МОИТЕ ГУЛАПЧИЊА ПИСМОНОСЦИ,7,писма,0.1406
Пијан Славеј,СЕ ЖАЛЕА МОИТЕ ГУЛАПЧИЊА ПИСМОНОСЦИ,8,мој,0.138
Пијан Славеј,СЕ ЖАЛЕА МОИТЕ ГУЛАПЧИЊА ПИСМОНОСЦИ,9,бакшиш,0.1329
Пијан Славеј,СЕ ЖАЛЕА МОИТЕ ГУЛАПЧИЊА ПИСМОНОСЦИ,10,ептен,0.1329
Пијан Славеј,СЕБЕПРИФАТИЛИШТЕ,1,безбеден,0.2907
Пијан Славеј,СЕБЕПРИФАТИЛИШТЕ,2,чесно,0.2618
Пијан Славеј,СЕБЕПРИФАТИЛИШТЕ,3,ангела,0.2553
Пијан Славеј,СЕБЕПРИФАТИЛИШТЕ,4,мирно,0.2448
Пијан Славеј,СЕБЕПРИФАТИЛИШТЕ,5,ѓавол,0.2365
Пијан Славеј,СЕБЕПРИФАТИЛИШТЕ,6,немој,0.2208
Пијан Славеј,СЕБЕПРИФАТИЛИШТЕ,7,човек,0.2016
Пијан Славеј,СЕБЕПРИФАТИЛИШТЕ,8,моли,0.199
Пијан Славеј,СЕБЕПРИФАТИЛИШТЕ,9,повторно,0.1894
Пијан Славеј,СЕБЕПРИФАТИЛИШТЕ,10,роди,0.187
Пијан Славеј,СЕНКИ,1,модар,0.3119
Пијан Славеј,СЕНКИ,2,пламен,0.2685
Пијан Славеј,СЕНКИ,3,гори,0.2652
Пијан Славеј,СЕНКИ,4,кружи,0.2635
Пијан Славеј,СЕНКИ,5,чевел,0.2635
Пијан Славеј,СЕНКИ,6,сенка,0.2297
Пијан Славеј,СЕНКИ,7,наш,0.2009
Пијан Славеј,СЕНКИ,8,небо,0.1981
Пијан Славеј,СЕНКИ,9,крие,0.1902
Пијан Славеј,СЕНКИ,10,спие,0.1798
Пијан Славеј,СЕРБЕЗ,1,двапати,0.2959
Пијан Славеј,СЕРБЕЗ,2,влезе,0.2123
Пијан Славеј,СЕРБЕЗ,3,верува,0.2006
Пијан Славеј,СЕРБЕЗ,4,вода,0.1956
Пијан Славеј,СЕРБЕЗ,5,дожд,0.186
Пијан Славеј,СЕРБЕЗ,6,ист,0.1852
Пијан Славеј,СЕРБЕЗ,7,река,0.177
Пијан Славеј,СЕРБЕЗ,8,зажеднет,0.169
Пијан Славеј,СЕРБЕЗ,9,изворен,0.169
Пијан Славеј,СЕРБЕЗ,10,истекување,0.169
Пијан Славеј,"СИ ЉУБЕЛА, ЌЕ ЉУБИШ",1,љуби,0.8839
Пијан Славеј,"СИ ЉУБЕЛА, ЌЕ ЉУБИШ",2,крајно,0.1886
Пијан Славеј,"СИ ЉУБЕЛА, ЌЕ ЉУБИШ",3,мак,0.1886
Пијан Славеј,"СИ ЉУБЕЛА, ЌЕ ЉУБИШ",4,навек,0.1621
Пијан Славеј,"СИ ЉУБЕЛА, ЌЕ ЉУБИШ",5,верба,0.1511
Пијан Славеј,"СИ ЉУБЕЛА, ЌЕ ЉУБИШ",6,запре,0.1291
Пијан Славеј,"СИ ЉУБЕЛА, ЌЕ ЉУБИШ",7,силен,0.1159
Пијан Славеј,"СИ ЉУБЕЛА, ЌЕ ЉУБИШ",8,надеж,0.1109
Пијан Славеј,"СИ ЉУБЕЛА, ЌЕ ЉУБИШ",9,никогаш,0.1071
Пијан Славеј,"СИ ЉУБЕЛА, ЌЕ ЉУБИШ",10,секогаш,0.1041
Пијан Славеј,СИОТ ЗНАЕН СВЕТ,1,пријател,0.2739
Пијан Славеј,СИОТ ЗНАЕН СВЕТ,2,фати,0.2349
Пијан Славеј,СИОТ ЗНАЕН СВЕТ,3,белоглава,0.1908
Пијан Славеј,СИОТ ЗНАЕН СВЕТ,4,залута,0.1908
Пијан Славеј,СИОТ ЗНАЕН СВЕТ,5,крепиш,0.1908
Пијан Славеј,СИОТ ЗНАЕН СВЕТ,6,потресен,0.1908
Пијан Славеј,СИОТ ЗНАЕН СВЕТ,7,свлече,0.1908
Пијан Славеј,СИОТ ЗНАЕН СВЕТ,8,слизне,0.1908
Пијан Славеј,СИОТ ЗНАЕН СВЕТ,9,трусен,0.1908
Пијан Славеј,СИОТ ЗНАЕН СВЕТ,10,шут,0.1908
Пијан Славеј,СИТЕ ЛИЦА НА ЧОВЕКОТ,1,тре,0.5103
Пијан Славеј,СИТЕ ЛИЦА НА ЧОВЕКОТ,2,припаѓа,0.4892
Пијан Славеј,СИТЕ ЛИЦА НА ЧОВЕКОТ,3,втор,0.3974
Пијан Славеј,СИТЕ ЛИЦА НА ЧОВЕКОТ,4,озборува,0.27
Пијан Славеј,СИТЕ ЛИЦА НА ЧОВЕКОТ,5,множина,0.2551
Пијан Славеј,СИТЕ ЛИЦА НА ЧОВЕКОТ,6,лице,0.2549
Пијан Славеј,СИТЕ ЛИЦА НА ЧОВЕКОТ,7,труди,0.2364
Пијан Славеј,СИТЕ ЛИЦА НА ЧОВЕКОТ,8,љуби,0.1708
Пијан Славеј,СИТЕ ЛИЦА НА ЧОВЕКОТ,9,сонува,0.1603
Пијан Славеј,СИТЕ ЛИЦА НА ЧОВЕКОТ,10,прв,0.1275
Пијан Славеј,СКРШЕНО ЦВЕЌЕ,1,буќет,0.1997
Пијан Славеј,СКРШЕНО ЦВЕЌЕ,2,збие,0.1997
Пијан Славеј,СКРШЕНО ЦВЕЌЕ,3,кулпа,0.1997
Пијан Славеј,СКРШЕНО ЦВЕЌЕ,4,малкумина,0.1997
Пијан Славеј,СКРШЕНО ЦВЕЌЕ,5,меа,0.1997
Пијан Славеј,СКРШЕНО ЦВЕЌЕ,6,расцвети,0.1997
Пијан Славеј,СКРШЕНО ЦВЕЌЕ,7,смеќе,0.1997
Пијан Славеј,СКРШЕНО ЦВЕЌЕ,8,булка,0.1887
Пијан Славеј,СКРШЕНО ЦВЕЌЕ,9,каранфил,0.1887
Пијан Славеј,СКРШЕНО ЦВЕЌЕ,10,насон,0.1887
Пијан Славеј,СЛАТКОВОДЕН БАКНЕЖ,1,влезе,0.393
Пијан Славеј,СЛАТКОВОДЕН БАКНЕЖ,2,кожа,0.3852
Пијан Славеј,СЛАТКОВОДЕН БАКНЕЖ,3,бакнеж,0.3577
Пијан Славеј,СЛАТКОВОДЕН БАКНЕЖ,4,поти,0.3128
Пијан Славеј,СЛАТКОВОДЕН БАКНЕЖ,5,обилно,0.2956
Пијан Славеј,СЛАТКОВОДЕН БАКНЕЖ,6,кроти,0.2662
Пијан Славеј,СЛАТКОВОДЕН БАКНЕЖ,7,жешки,0.2445
Пијан Славеј,СЛАТКОВОДЕН БАКНЕЖ,8,голта,0.2246
Пијан Славеј,СЛАТКОВОДЕН БАКНЕЖ,9,немој,0.2246
Пијан Славеј,СЛАТКОВОДЕН БАКНЕЖ,10,пушта,0.2131
Пијан Славеј,СЛЕПИЛО,1,слика,0.3255
Пијан Славеј,СЛЕПИЛО,2,сѐ,0.2469
Пијан Славеј,СЛЕПИЛО,3,твој,0.2114
Пијан Славеј,СЛЕПИЛО,4,втиснат,0.1878
Пијан Славеј,СЛЕПИЛО,5,мераклиски,0.1878
Пијан Славеј,СЛЕПИЛО,6,распостели,0.1878
Пијан Славеј,СЛЕПИЛО,7,чкрапнав,0.1878
Пијан Славеј,СЛЕПИЛО,8,вали,0.1775
Пијан Славеј,СЛЕПИЛО,9,пресликан,0.1775
Пијан Славеј,СЛЕПИЛО,10,љубоморен,0.1775
Пијан Славеј,СЛОБОДНАТА ЉУБОВ,1,додаден,0.3806
Пијан Славеј,СЛОБОДНАТА ЉУБОВ,2,укине,0.3806
Пијан Славеј,СЛОБОДНАТА ЉУБОВ,3,вредност,0.3597
Пијан Славеј,СЛОБОДНАТА ЉУБОВ,4,данок,0.3597
Пијан Славеј,СЛОБОДНАТА ЉУБОВ,5,љубов,0.2965
Пијан Славеј,СЛОБОДНАТА ЉУБОВ,6,слободен,0.2462
Пијан Славеј,СЛОБОДНАТА ЉУБОВ,7,плати,0.202
Пијан Славеј,СЛОБОДНАТА ЉУБОВ,8,нежност,0.1822
Пијан Славеј,СЛОБОДНАТА ЉУБОВ,9,мора,0.1489
Пијан Славеј,СЛОБОДНАТА ЉУБОВ,10,бакнеж,0.1451
Пијан Славеј,СО ВРЗАНИ ОЧИ СЕ ПЕЕ ТАА ПЕСНА,1,врзан,0.6099
Пијан Славеј,СО ВРЗАНИ ОЧИ СЕ ПЕЕ ТАА ПЕСНА,2,око,0.337
Пијан Славеј,СО ВРЗАНИ ОЧИ СЕ ПЕЕ ТАА ПЕСНА,3,пее,0.3307
Пијан Славеј,СО ВРЗАНИ ОЧИ СЕ ПЕЕ ТАА ПЕСНА,4,песна,0.3088
Пијан Славеј,СО ВРЗАНИ ОЧИ СЕ ПЕЕ ТАА ПЕСНА,5,поглед,0.1575
Пијан Славеј,СО ВРЗАНИ ОЧИ СЕ ПЕЕ ТАА ПЕСНА,6,згони,0.156
Пијан Славеј,СО ВРЗАНИ ОЧИ СЕ ПЕЕ ТАА ПЕСНА,7,одврзе,0.156
Пијан Славеј,СО ВРЗАНИ ОЧИ СЕ ПЕЕ ТАА ПЕСНА,8,клони,0.1475
Пијан Славеј,СО ВРЗАНИ ОЧИ СЕ ПЕЕ ТАА ПЕСНА,9,опул,0.1328
Пијан Славеј,СО ВРЗАНИ ОЧИ СЕ ПЕЕ ТАА ПЕСНА,10,нишан,0.1295
Пијан Славеј,СРЕЌАТА Е ТАМУ НА ДРУГАТА СТРАНА,1,вод,0.3031
Пијан Славеј,СРЕЌАТА Е ТАМУ НА ДРУГАТА СТРАНА,2,бргу,0.25
Пијан Славеј,СРЕЌАТА Е ТАМУ НА ДРУГАТА СТРАНА,3,среќа,0.2165
Пијан Славеј,СРЕЌАТА Е ТАМУ НА ДРУГАТА СТРАНА,4,вода,0.2062
Пијан Славеј,СРЕЌАТА Е ТАМУ НА ДРУГАТА СТРАНА,5,страна,0.2016
Пијан Славеј,СРЕЌАТА Е ТАМУ НА ДРУГАТА СТРАНА,6,водички,0.1781
Пијан Славеј,СРЕЌАТА Е ТАМУ НА ДРУГАТА СТРАНА,7,кикотлив,0.1781
Пијан Славеј,СРЕЌАТА Е ТАМУ НА ДРУГАТА СТРАНА,8,критички,0.1781
Пијан Славеј,СРЕЌАТА Е ТАМУ НА ДРУГАТА СТРАНА,9,медомлечен,0.1781
Пијан Славеј,СРЕЌАТА Е ТАМУ НА ДРУГАТА СТРАНА,10,пловен,0.1781
Пијан Славеј,СРНА НА ПАТОТ,1,срно,0.379
Пијан Славеј,СРНА НА ПАТОТ,2,капак,0.3413
Пијан Славеј,СРНА НА ПАТОТ,3,небо,0.32
Пијан Славеј,СРНА НА ПАТОТ,4,ранет,0.3135
Пијан Славеј,СРНА НА ПАТОТ,5,син,0.2116
Пијан Славеј,СРНА НА ПАТОТ,6,кутне,0.2005
Пијан Славеј,СРНА НА ПАТОТ,7,метнав,0.2005
Пијан Славеј,СРНА НА ПАТОТ,8,ќебенце,0.2005
Пијан Славеј,СРНА НА ПАТОТ,9,грбно,0.1895
Пијан Славеј,СРНА НА ПАТОТ,10,лапавица,0.1895
Пијан Славеј,СРОД,1,двојен,0.5507
Пијан Славеј,СРОД,2,еден,0.2515
Пијан Славеј,СРОД,3,роден,0.2511
Пијан Славеј,СРОД,4,двогласен,0.2026
Пијан Славеј,СРОД,5,двојно,0.2026
Пијан Славеј,СРОД,6,срод,0.2026
Пијан Славеј,СРОД,7,сроден,0.2026
Пијан Славеј,СРОД,8,чудотворец,0.2026
Пијан Славеј,СРОД,9,светоглед,0.1915
Пијан Славеј,СРОД,10,сновидение,0.1915
Пијан Славеј,СРЦАТА НИКАКО ДА ФАТАТ ЧЕКОР,1,фати,0.4551
Пијан Славеј,СРЦАТА НИКАКО ДА ФАТАТ ЧЕКОР,2,никако,0.3789
Пијан Славеј,СРЦАТА НИКАКО ДА ФАТАТ ЧЕКОР,3,чекор,0.2909
Пијан Славеј,СРЦАТА НИКАКО ДА ФАТАТ ЧЕКОР,4,срце,0.274
Пијан Славеј,СРЦАТА НИКАКО ДА ФАТАТ ЧЕКОР,5,воздивнува,0.2329
Пијан Славеј,СРЦАТА НИКАКО ДА ФАТАТ ЧЕКОР,6,вдишува,0.2232
Пијан Славеј,СРЦАТА НИКАКО ДА ФАТАТ ЧЕКОР,7,брза,0.2045
Пијан Славеј,СРЦАТА НИКАКО ДА ФАТАТ ЧЕКОР,8,танц,0.2045
Пијан Славеј,СРЦАТА НИКАКО ДА ФАТАТ ЧЕКОР,9,прекор,0.1961
Пијан Славеј,СРЦАТА НИКАКО ДА ФАТАТ ЧЕКОР,10,танцува,0.1926
Пијан Славеј,СРЦЕЛИЈА,1,бричав,0.1949
Пијан Славеј,СРЦЕЛИЈА,2,гласилка,0.1949
Пијан Славеј,СРЦЕЛИЈА,3,компас,0.1949
Пијан Славеј,СРЦЕЛИЈА,4,пасош,0.1949
Пијан Славеј,СРЦЕЛИЈА,5,полудев,0.1949
Пијан Славеј,СРЦЕЛИЈА,6,преплива,0.1949
Пијан Славеј,СРЦЕЛИЈА,7,разместив,0.1949
Пијан Славеј,СРЦЕЛИЈА,8,раштима,0.1949
Пијан Славеј,СРЦЕЛИЈА,9,сметив,0.1949
Пијан Славеј,СРЦЕЛИЈА,10,срцелија,0.1949
Пијан Славеј,СТАРАТА БОЛКА,1,реши,0.3377
Пијан Славеј,СТАРАТА БОЛКА,2,аналгетик,0.2034
Пијан Славеј,СТАРАТА БОЛКА,3,антиестетик,0.2034
Пијан Славеј,СТАРАТА БОЛКА,4,буда,0.2034
Пијан Славеј,СТАРАТА БОЛКА,5,труе,0.2034
Пијан Славеј,СТАРАТА БОЛКА,6,жалта,0.1922
Пијан Славеј,СТАРАТА БОЛКА,7,несреќно,0.1922
Пијан Славеј,СТАРАТА БОЛКА,8,очила,0.1922
Пијан Славеј,СТАРАТА БОЛКА,9,преболи,0.1922
Пијан Славеј,СТАРАТА БОЛКА,10,роз,0.1731
Пијан Славеј,СТРАНЦИ ВО НОЌТА,1,прегратка,0.2607
Пијан Славеј,СТРАНЦИ ВО НОЌТА,2,плаши,0.2519
Пијан Славеј,СТРАНЦИ ВО НОЌТА,3,уште,0.2341
Пијан Славеј,СТРАНЦИ ВО НОЌТА,4,мисли,0.2
Пијан Славеј,СТРАНЦИ ВО НОЌТА,5,грчев,0.1932
Пијан Славеј,СТРАНЦИ ВО НОЌТА,6,непреспана,0.1932
Пијан Славеј,СТРАНЦИ ВО НОЌТА,7,отрезнат,0.1932
Пијан Славеј,СТРАНЦИ ВО НОЌТА,8,покајнички,0.1932
Пијан Славеј,СТРАНЦИ ВО НОЌТА,9,црцори,0.1932
Пијан Славеј,СТРАНЦИ ВО НОЌТА,10,десетица,0.1825
Пијан Славеј,СТУДЕН,1,заложник,0.2209
Пијан Славеј,СТУДЕН,2,заточеник,0.2209
Пијан Славеј,СТУДЕН,3,маченик,0.2209
Пијан Славеј,СТУДЕН,4,милослив,0.2209
Пијан Славеј,СТУДЕН,5,обезљубен,0.2209
Пијан Славеј,СТУДЕН,6,погубен,0.2209
Пијан Славеј,СТУДЕН,7,стокхолмски,0.2209
Пијан Славеј,СТУДЕН,8,завлече,0.2087
Пијан Славеј,СТУДЕН,9,ничкум,0.2087
Пијан Славеј,СТУДЕН,10,развлече,0.2087
Пијан Славеј,ТАМУ КАЈ ШТО ПРВПАТ ТЕ ЗАГУБИВ,1,крвнички,0.3093
Пијан Славеј,ТАМУ КАЈ ШТО ПРВПАТ ТЕ ЗАГУБИВ,2,меѓувреме,0.3093
Пијан Славеј,ТАМУ КАЈ ШТО ПРВПАТ ТЕ ЗАГУБИВ,3,подбива,0.3093
Пијан Славеј,ТАМУ КАЈ ШТО ПРВПАТ ТЕ ЗАГУБИВ,4,целива,0.2965
Пијан Славеј,ТАМУ КАЈ ШТО ПРВПАТ ТЕ ЗАГУБИВ,5,спомне,0.2785
Пијан Славеј,ТАМУ КАЈ ШТО ПРВПАТ ТЕ ЗАГУБИВ,6,ветува,0.2717
Пијан Славеј,ТАМУ КАЈ ШТО ПРВПАТ ТЕ ЗАГУБИВ,7,победа,0.2516
Пијан Славеј,ТАМУ КАЈ ШТО ПРВПАТ ТЕ ЗАГУБИВ,8,добива,0.2478
Пијан Славеј,ТАМУ КАЈ ШТО ПРВПАТ ТЕ ЗАГУБИВ,9,душман,0.2478
Пијан Славеј,ТАМУ КАЈ ШТО ПРВПАТ ТЕ ЗАГУБИВ,10,молитва,0.2478
Пијан Славеј,"ТИ ВЕРУВАМ, ТИ ВЕРУВАМ",1,верува,0.9051
Пијан Славеј,"ТИ ВЕРУВАМ, ТИ ВЕРУВАМ",2,чуда,0.1907
Пијан Славеј,"ТИ ВЕРУВАМ, ТИ ВЕРУВАМ",3,немој,0.1564
Пијан Славеј,"ТИ ВЕРУВАМ, ТИ ВЕРУВАМ",4,грешним,0.1089
Пијан Славеј,"ТИ ВЕРУВАМ, ТИ ВЕРУВАМ",5,зацрвенам,0.1089
Пијан Славеј,"ТИ ВЕРУВАМ, ТИ ВЕРУВАМ",6,пофален,0.1089
Пијан Славеј,"ТИ ВЕРУВАМ, ТИ ВЕРУВАМ",7,утешение,0.1089
Пијан Славеј,"ТИ ВЕРУВАМ, ТИ ВЕРУВАМ",8,суди,0.1029
Пијан Славеј,"ТИ ВЕРУВАМ, ТИ ВЕРУВАМ",9,жено,0.0987
Пијан Славеј,"ТИ ВЕРУВАМ, ТИ ВЕРУВАМ",10,фреска,0.0954
Пијан Славеј,ТРЧАЊЕ ВО ПРЕСРЕТ,1,после,0.3931
Пијан Славеј,ТРЧАЊЕ ВО ПРЕСРЕТ,2,цел,0.2855
Пијан Славеј,ТРЧАЊЕ ВО ПРЕСРЕТ,3,расте,0.2284
Пијан Славеј,ТРЧАЊЕ ВО ПРЕСРЕТ,4,крева,0.2137
Пијан Славеј,ТРЧАЊЕ ВО ПРЕСРЕТ,5,дочекан,0.1924
Пијан Славеј,ТРЧАЊЕ ВО ПРЕСРЕТ,6,разденет,0.1818
Пијан Славеј,ТРЧАЊЕ ВО ПРЕСРЕТ,7,стасан,0.1818
Пијан Славеј,ТРЧАЊЕ ВО ПРЕСРЕТ,8,чујно,0.1818
Пијан Славеј,ТРЧАЊЕ ВО ПРЕСРЕТ,9,шепотен,0.1818
Пијан Славеј,ТРЧАЊЕ ВО ПРЕСРЕТ,10,згазен,0.1743
Пијан Славеј,ТУКУТАКА,1,тукутак,0.3724
Пијан Славеј,ТУКУТАКА,2,сака,0.2319
Пијан Славеј,ТУКУТАКА,3,мисли,0.1928
Пијан Славеј,ТУКУТАКА,4,одлутан,0.1862
Пијан Славеј,ТУКУТАКА,5,преде,0.1862
Пијан Славеј,ТУКУТАКА,6,пропушта,0.1862
Пијан Славеј,ТУКУТАКА,7,тилтован,0.1862
Пијан Славеј,ТУКУТАКА,8,тукутака,0.1862
Пијан Славеј,ТУКУТАКА,9,флипер,0.1862
Пијан Славеј,ТУКУТАКА,10,шест,0.1862
Пијан Славеј,УСНИ ПАКОСНИ ЧЕРЕШОВИ,1,проклет,0.349
Пијан Славеј,УСНИ ПАКОСНИ ЧЕРЕШОВИ,2,рече,0.2287
Пијан Славеј,УСНИ ПАКОСНИ ЧЕРЕШОВИ,3,амо,0.2193
Пијан Славеј,УСНИ ПАКОСНИ ЧЕРЕШОВИ,4,бесни,0.2193
Пијан Славеј,УСНИ ПАКОСНИ ЧЕРЕШОВИ,5,мизерно,0.2193
Пијан Славеј,УСНИ ПАКОСНИ ЧЕРЕШОВИ,6,молекула,0.2193
Пијан Славеј,УСНИ ПАКОСНИ ЧЕРЕШОВИ,7,пакосен,0.2193
Пијан Славеј,УСНИ ПАКОСНИ ЧЕРЕШОВИ,8,смерачен,0.2193
Пијан Славеј,УСНИ ПАКОСНИ ЧЕРЕШОВИ,9,трула,0.2193
Пијан Славеј,УСНИ ПАКОСНИ ЧЕРЕШОВИ,10,череш,0.2193
Пијан Славеј,УТРЕ,1,насити,0.3565
Пијан Славеј,УТРЕ,2,ненаситен,0.3565
Пијан Славеј,УТРЕ,3,дур,0.3303
Пијан Славеј,УТРЕ,4,украде,0.3131
Пијан Славеј,УТРЕ,5,скрие,0.2776
Пијан Славеј,УТРЕ,6,врзе,0.2708
Пијан Славеј,УТРЕ,7,неколку,0.2545
Пијан Славеј,УТРЕ,8,сѐ,0.248
Пијан Славеј,УТРЕ,9,утре,0.248
Пијан Славеј,УТРЕ,10,замине,0.2404
Пијан Славеј,ХЕЈТ,1,хејте,0.8706
Пијан Славеј,ХЕЈТ,2,друштво,0.1244
Пијан Славеј,ХЕЈТ,3,комплимент,0.1244
Пијан Славеј,ХЕЈТ,4,мо,0.1244
Пијан Славеј,ХЕЈТ,5,прета,0.1244
Пијан Славеј,ХЕЈТ,6,хејт,0.1244
Пијан Славеј,ХЕЈТ,7,хејта,0.1244
Пијан Славеј,ХЕЈТ,8,хејтнам,0.1244
Пијан Славеј,ХЕЈТ,9,хејтомисленик,0.1244
Пијан Славеј,ХЕЈТ,10,смисли,0.1127
Пијан Славеј,ХРАБРОСТ ВО ЧАШАТА,1,тури,0.332
Пијан Славеј,ХРАБРОСТ ВО ЧАШАТА,2,неправедно,0.3137
Пијан Славеј,ХРАБРОСТ ВО ЧАШАТА,3,зборлест,0.3008
Пијан Славеј,ХРАБРОСТ ВО ЧАШАТА,4,лажовен,0.3008
Пијан Славеј,ХРАБРОСТ ВО ЧАШАТА,5,испарува,0.2756
Пијан Славеј,ХРАБРОСТ ВО ЧАШАТА,6,храброст,0.2696
Пијан Славеј,ХРАБРОСТ ВО ЧАШАТА,7,нем,0.2595
Пијан Славеј,ХРАБРОСТ ВО ЧАШАТА,8,кукавица,0.2552
Пијан Славеј,ХРАБРОСТ ВО ЧАШАТА,9,сврти,0.2477
Пијан Славеј,ХРАБРОСТ ВО ЧАШАТА,10,чаша,0.2384
Пијан Славеј,ЦРНО ПИЛЕ,1,дрво,0.3985
Пијан Славеј,ЦРНО ПИЛЕ,2,птичка,0.3318
Пијан Славеј,ЦРНО ПИЛЕ,3,гранка,0.3007
Пијан Славеј,ЦРНО ПИЛЕ,4,моие,0.2754
Пијан Славеј,ЦРНО ПИЛЕ,5,разговара,0.2593
Пијан Славеј,ЦРНО ПИЛЕ,6,слета,0.2511
Пијан Славеј,ЦРНО ПИЛЕ,7,разумно,0.1659
Пијан Славеј,ЦРНО ПИЛЕ,8,здроби,0.1568
Пијан Славеј,ЦРНО ПИЛЕ,9,однесува,0.1568
Пијан Славеј,ЦРНО ПИЛЕ,10,црцорат,0.1568
Пијан Славеј,ЧУВАЈ СЕ,1,чува,0.5802
Пијан Славеј,ЧУВАЈ СЕ,2,фаца,0.2457
Пијан Славеј,ЧУВАЈ СЕ,3,све,0.2322
Пијан Славеј,ЧУВАЈ СЕ,4,гол,0.2214
Пијан Славеј,ЧУВАЈ СЕ,5,маска,0.2091
Пијан Славеј,ЧУВАЈ СЕ,6,господ,0.1744
Пијан Славеј,ЧУВАЈ СЕ,7,значи,0.1643
Пијан Славеј,ЧУВАЈ СЕ,8,беља,0.1229
Пијан Славеј,ЧУВАЈ СЕ,9,гомномразец,0.1229
Пијан Славеј,ЧУВАЈ СЕ,10,грофта,0.1229
Пијан Славеј,ШАМАРЧЕ,1,пречеки,0.3801
Пијан Славеј,ШАМАРЧЕ,2,шамарче,0.3801
Пијан Славеј,ШАМАРЧЕ,3,сака,0.3157
Пијан Славеј,ШАМАРЧЕ,4,удри,0.2877
Пијан Славеј,ШАМАРЧЕ,5,крене,0.2325
Пијан Славеј,ШАМАРЧЕ,6,засука,0.1901
Пијан Славеј,ШАМАРЧЕ,7,прескокне,0.1901
Пијан Славеј,ШАМАРЧЕ,8,собуе,0.1901
Пијан Славеј,ШАМАРЧЕ,9,сукња,0.1901
Пијан Славеј,ШАМАРЧЕ,10,цапка,0.1901
Пијан Славеј,ШАРЛАТАН,1,совршен,0.3497
Пијан Славеј,ШАРЛАТАН,2,поглед,0.3261
Пијан Славеј,ШАРЛАТАН,3,погледне,0.3092
Пијан Славеј,ШАРЛАТАН,4,прв,0.305
Пијан Славеј,ШАРЛАТАН,5,добро,0.2786
Пијан Славеј,ШАРЛАТАН,6,даде,0.2635
Пијан Славеј,ШАРЛАТАН,7,деликт,0.2153
Пијан Славеј,ШАРЛАТАН,8,џепчија,0.2153
Пијан Славеј,ШАРЛАТАН,9,извлече,0.2035
Пијан Славеј,ШАРЛАТАН,10,трик,0.1951
Пијан Славеј,ШВАЛЕРСКИОТ ВОЗ Е ВО ДВА,1,швалерски,0.4544
Пијан Славеј,ШВАЛЕРСКИОТ ВОЗ Е ВО ДВА,2,воз,0.3344
Пијан Славеј,ШВАЛЕРСКИОТ ВОЗ Е ВО ДВА,3,деновиве,0.2272
Пијан Славеј,ШВАЛЕРСКИОТ ВОЗ Е ВО ДВА,4,задоцне,0.2272
Пијан Славеј,ШВАЛЕРСКИОТ ВОЗ Е ВО ДВА,5,заплет,0.2272
Пијан Славеј,ШВАЛЕРСКИОТ ВОЗ Е ВО ДВА,6,испуши,0.2272
Пијан Славеј,ШВАЛЕРСКИОТ ВОЗ Е ВО ДВА,7,чорапче,0.2272
Пијан Славеј,ШВАЛЕРСКИОТ ВОЗ Е ВО ДВА,8,штоф,0.2272
Пијан Славеј,ШВАЛЕРСКИОТ ВОЗ Е ВО ДВА,9,замрсен,0.2147
Пијан Славеј,ШВАЛЕРСКИОТ ВОЗ Е ВО ДВА,10,почека,0.2147
Пијан Славеј,ШПИРИТУС МОВЕНС,1,добар,0.5429
Пијан Славеј,ШПИРИТУС МОВЕНС,2,драг,0.3225
Пијан Славеј,ШПИРИТУС МОВЕНС,3,закопча,0.2219
Пијан Славеј,ШПИРИТУС МОВЕНС,4,запетли,0.2219
Пијан Славеј,ШПИРИТУС МОВЕНС,5,мочи,0.2219
Пијан Славеј,ШПИРИТУС МОВЕНС,6,муабети,0.2219
Пијан Славеј,ШПИРИТУС МОВЕНС,7,поткаса,0.2219
Пијан Славеј,ШПИРИТУС МОВЕНС,8,лошо,0.2097
Пијан Славеј,ШПИРИТУС МОВЕНС,9,спружи,0.2097
Пијан Славеј,ШПИРИТУС МОВЕНС,10,дуќан,0.1943
Пијан Славеј,ШТЕТА!,1,мижи,0.5186
Пијан Славеј,ШТЕТА!,2,штета,0.4293
Пијан Славеј,ШТЕТА!,3,палав,0.4057
Пијан Славеј,ШТЕТА!,4,сретне,0.3703
Пијан Славеј,ШТЕТА!,5,бакнеж,0.2454
Пијан Славеј,ШТЕТА!,6,врати,0.2167
Пијан Славеј,ШТЕТА!,7,пороен,0.1431
Пијан Славеј,ШТЕТА!,8,облог,0.1352
Пијан Славеј,ШТЕТА!,9,разен,0.1296
Пијан Славеј,ШТЕТА!,10,траен,0.1068
Пијан Славеј,ШТИПНИ МЕ ДА ЗНАМ ДЕКА НЕ СОНУВАМ,1,дувки,0.2278
Пијан Славеј,ШТИПНИ МЕ ДА ЗНАМ ДЕКА НЕ СОНУВАМ,2,наброи,0.2278
Пијан Славеј,ШТИПНИ МЕ ДА ЗНАМ ДЕКА НЕ СОНУВАМ,3,охрид,0.2278
Пијан Славеј,ШТИПНИ МЕ ДА ЗНАМ ДЕКА НЕ СОНУВАМ,4,пеглаш,0.2278
Пијан Славеј,ШТИПНИ МЕ ДА ЗНАМ ДЕКА НЕ СОНУВАМ,5,плета,0.2278
Пијан Славеј,ШТИПНИ МЕ ДА ЗНАМ ДЕКА НЕ СОНУВАМ,6,праменче,0.2278
Пијан Славеј,ШТИПНИ МЕ ДА ЗНАМ ДЕКА НЕ СОНУВАМ,7,сониме,0.2278
Пијан Славеј,ШТИПНИ МЕ ДА ЗНАМ ДЕКА НЕ СОНУВАМ,8,загинат,0.2064
Пијан Славеј,ШТИПНИ МЕ ДА ЗНАМ ДЕКА НЕ СОНУВАМ,9,старее,0.2064
Пијан Славеј,ШТИПНИ МЕ ДА ЗНАМ ДЕКА НЕ СОНУВАМ,10,стуткан,0.2064
Пијан Славеј,ШТО Е ТУКА Е!,1,тука,0.492
Пијан Славеј,ШТО Е ТУКА Е!,2,пука,0.3951
Пијан Славеј,ШТО Е ТУКА Е!,3,појќе,0.3722
Пијан Славеј,ШТО Е ТУКА Е!,4,нејќе,0.3569
Пијан Славеј,ШТО Е ТУКА Е!,5,сака,0.3271
Пијан Славеј,ШТО Е ТУКА Е!,6,нишани,0.1969
Пијан Славеј,ШТО Е ТУКА Е!,7,лути,0.1784
Пијан Славеј,ШТО Е ТУКА Е!,8,утка,0.1676
Пијан Славеј,ШТО Е ТУКА Е!,9,смешен,0.1635
Пијан Славеј,ШТО Е ТУКА Е!,10,срце,0.146
Пијан Славеј,ШТРКОТ,1,тропне,0.4149
Пијан Славеј,ШТРКОТ,2,прозорец,0.2621
Пијан Славеј,ШТРКОТ,3,рече,0.229
Пијан Славеј,ШТРКОТ,4,врзопче,0.2195
Пијан Славеј,ШТРКОТ,5,натален,0.2195
Пијан Славеј,ШТРКОТ,6,снесе,0.2195
Пијан Славеј,ШТРКОТ,7,бебешки,0.2075
Пијан Славеј,ШТРКОТ,8,западен,0.2075
Пијан Славеј,ШТРКОТ,9,пак,0.2075
Пијан Славеј,ШТРКОТ,10,прелета,0.2075
Ристо Лазаров,АВЕНИЈА КОРИЕНТАС,1,авенија,0.2572
Ристо Лазаров,АВЕНИЈА КОРИЕНТАС,2,дупка,0.1893
Ристо Лазаров,АВЕНИЈА КОРИЕНТАС,3,светлина,0.1827
Ристо Лазаров,АВЕНИЈА КОРИЕНТАС,4,време,0.15
Ристо Лазаров,АВЕНИЈА КОРИЕНТАС,5,страна,0.1456
Ристо Лазаров,АВЕНИЈА КОРИЕНТАС,6,бајат,0.1286
Ристо Лазаров,АВЕНИЈА КОРИЕНТАС,7,бонус,0.1286
Ристо Лазаров,АВЕНИЈА КОРИЕНТАС,8,влезница,0.1286
Ристо Лазаров,АВЕНИЈА КОРИЕНТАС,9,вреваџија,0.1286
Ристо Лазаров,АВЕНИЈА КОРИЕНТАС,10,испрекинат,0.1286
Ристо Лазаров,БОРХЕС,1,уште,0.1868
Ристо Лазаров,БОРХЕС,2,антикварница,0.1541
Ристо Лазаров,БОРХЕС,3,гринго,0.1541
Ристо Лазаров,БОРХЕС,4,домаќинка,0.1541
Ристо Лазаров,БОРХЕС,5,испружува,0.1541
Ристо Лазаров,БОРХЕС,6,мартин,0.1541
Ристо Лазаров,БОРХЕС,7,отспротива,0.1541
Ристо Лазаров,БОРХЕС,8,палермо,0.1541
Ристо Лазаров,БОРХЕС,9,размешколен,0.1541
Ристо Лазаров,БОРХЕС,10,сладострастен,0.1541
Ристо Лазаров,ГАЛИЧИЦА,1,пеперутка,0.2947
Ристо Лазаров,ГАЛИЧИЦА,2,бодар,0.1815
Ристо Лазаров,ГАЛИЧИЦА,3,букета,0.1815
Ристо Лазаров,ГАЛИЧИЦА,4,георги,0.1815
Ристо Лазаров,ГАЛИЧИЦА,5,закрилува,0.1815
Ристо Лазаров,ГАЛИЧИЦА,6,меѓуденотиноќ,0.1815
Ристо Лазаров,ГАЛИЧИЦА,7,освежува,0.1815
Ристо Лазаров,ГАЛИЧИЦА,8,равенство,0.1815
Ристо Лазаров,ГАЛИЧИЦА,9,распавтан,0.1815
Ристо Лазаров,ГАЛИЧИЦА,10,распретува,0.1815
Ристо Лазаров,ГАРДЕЛ,1,guerido,0.1341
Ристо Лазаров,ГАРДЕЛ,2,абасто,0.1341
Ристо Лазаров,ГАРДЕЛ,3,ариза,0.1341
Ристо Лазаров,ГАРДЕЛ,4,волшепство,0.1341
Ристо Лазаров,ГАРДЕЛ,5,едночудо,0.1341
Ристо Лазаров,ГАРДЕЛ,6,ел,0.1341
Ристо Лазаров,ГАРДЕЛ,7,збрлавува,0.1341
Ристо Лазаров,ГАРДЕЛ,8,изневерен,0.1341
Ристо Лазаров,ГАРДЕЛ,9,испостанат,0.1341
Ристо Лазаров,ГАРДЕЛ,10,маркес,0.1341
Ристо Лазаров,ГЕЈЗЕР,1,очен,0.331
Ристо Лазаров,ГЕЈЗЕР,2,удави,0.3069
Ристо Лазаров,ГЕЈЗЕР,3,врел,0.2391
Ристо Лазаров,ГЕЈЗЕР,4,дно,0.2119
Ристо Лазаров,ГЕЈЗЕР,5,водарче,0.189
Ристо Лазаров,ГЕЈЗЕР,6,невестица,0.189
Ристо Лазаров,ГЕЈЗЕР,7,поклопи,0.189
Ристо Лазаров,ГЕЈЗЕР,8,солзопиец,0.189
Ристо Лазаров,ГЕЈЗЕР,9,сурија,0.189
Ристо Лазаров,ГЕЈЗЕР,10,чека,0.1828
Ристо Лазаров,ГРЕВ,1,неботник,0.3799
Ристо Лазаров,ГРЕВ,2,среди,0.2727
Ристо Лазаров,ГРЕВ,3,грев,0.2324
Ристо Лазаров,ГРЕВ,4,безбратник,0.1899
Ристо Лазаров,ГРЕВ,5,заклон,0.1899
Ристо Лазаров,ГРЕВ,6,изѕемнат,0.1899
Ристо Лазаров,ГРЕВ,7,несој,0.1899
Ристо Лазаров,ГРЕВ,8,првомрак,0.1899
Ристо Лазаров,ГРЕВ,9,срамотник,0.1899
Ристо Лазаров,ГРЕВ,10,чембер,0.1899
Ристо Лазаров,ГРЕШНИК,1,талка,0.6093
Ристо Лазаров,ГРЕШНИК,2,грев,0.4256
Ристо Лазаров,ГРЕШНИК,3,збунет,0.2031
Ристо Лазаров,ГРЕШНИК,4,фаќа,0.1646
Ристо Лазаров,ГРЕШНИК,5,магла,0.1489
Ристо Лазаров,ГРЕШНИК,6,ангел,0.1447
Ристо Лазаров,ГРЕШНИК,7,име,0.1306
Ристо Лазаров,ГРЕШНИК,8,малку,0.1271
Ристо Лазаров,ГРЕШНИК,9,бера,0.116
Ристо Лазаров,ГРЕШНИК,10,гревои,0.116
Ристо Лазаров,ГРЕШНИЦА,1,бел,0.4797
Ристо Лазаров,ГРЕШНИЦА,2,грешница,0.2818
Ристо Лазаров,ГРЕШНИЦА,3,теснострука,0.2818
Ристо Лазаров,ГРЕШНИЦА,4,влезе,0.177
Ристо Лазаров,ГРЕШНИЦА,5,длабок,0.1758
Ристо Лазаров,ГРЕШНИЦА,6,грев,0.1724
Ристо Лазаров,ГРЕШНИЦА,7,вртимушки,0.1409
Ристо Лазаров,ГРЕШНИЦА,8,греовни,0.1409
Ристо Лазаров,ГРЕШНИЦА,9,греотица,0.1409
Ристо Лазаров,ГРЕШНИЦА,10,дуљбија,0.1409
Ристо Лазаров,ГРОБИШТАТА РЕКОЛЕТА,1,тука,0.4647
Ристо Лазаров,ГРОБИШТАТА РЕКОЛЕТА,2,вистински,0.2829
Ристо Лазаров,ГРОБИШТАТА РЕКОЛЕТА,3,мртов,0.1998
Ристо Лазаров,ГРОБИШТАТА РЕКОЛЕТА,4,никаков,0.1931
Ристо Лазаров,ГРОБИШТАТА РЕКОЛЕТА,5,станува,0.1527
Ристо Лазаров,ГРОБИШТАТА РЕКОЛЕТА,6,галиба,0.1329
Ристо Лазаров,ГРОБИШТАТА РЕКОЛЕТА,7,мода,0.1329
Ристо Лазаров,ГРОБИШТАТА РЕКОЛЕТА,8,музикант,0.1329
Ристо Лазаров,ГРОБИШТАТА РЕКОЛЕТА,9,опрема,0.1329
Ристо Лазаров,ГРОБИШТАТА РЕКОЛЕТА,10,погребен,0.1329
Ристо Лазаров,ЕВИТА,1,буенос,0.2381
Ристо Лазаров,ЕВИТА,2,аирес,0.2206
Ристо Лазаров,ЕВИТА,3,надеж,0.1399
Ристо Лазаров,ЕВИТА,4,боринка,0.126
Ристо Лазаров,ЕВИТА,5,бронзен,0.126
Ристо Лазаров,ЕВИТА,6,вгнездие,0.126
Ристо Лазаров,ЕВИТА,7,вкочанет,0.126
Ристо Лазаров,ЕВИТА,8,војнички,0.126
Ристо Лазаров,ЕВИТА,9,гауч,0.126
Ристо Лазаров,ЕВИТА,10,дробилка,0.126
Ристо Лазаров,ЖЕДНИК,1,водица,0.3355
Ристо Лазаров,ЖЕДНИК,2,жеден,0.2354
Ристо Лазаров,ЖЕДНИК,3,занемува,0.1775
Ристо Лазаров,ЖЕДНИК,4,мешколење,0.1775
Ристо Лазаров,ЖЕДНИК,5,навлажни,0.1775
Ристо Лазаров,ЖЕДНИК,6,овенува,0.1775
Ристо Лазаров,ЖЕДНИК,7,оджедни,0.1775
Ристо Лазаров,ЖЕДНИК,8,отажнува,0.1775
Ристо Лазаров,ЖЕДНИК,9,понадица,0.1775
Ристо Лазаров,ЖЕДНИК,10,поцрнува,0.1775
Ристо Лазаров,ЖОРНОУТРО,1,сликар,0.3162
Ристо Лазаров,ЖОРНОУТРО,2,нога,0.1922
Ристо Лазаров,ЖОРНОУТРО,3,жена,0.1696
Ристо Лазаров,ЖОРНОУТРО,4,варџија,0.1581
Ристо Лазаров,ЖОРНОУТРО,5,деспина,0.1581
Ристо Лазаров,ЖОРНОУТРО,6,исполегнат,0.1581
Ристо Лазаров,ЖОРНОУТРО,7,капнат,0.1581
Ристо Лазаров,ЖОРНОУТРО,8,лизнува,0.1581
Ристо Лазаров,ЖОРНОУТРО,9,мијач,0.1581
Ристо Лазаров,ЖОРНОУТРО,10,николов,0.1581
Ристо Лазаров,КАЛЕМЕГДАН,1,клупа,0.2849
Ристо Лазаров,КАЛЕМЕГДАН,2,седне,0.2638
Ристо Лазаров,КАЛЕМЕГДАН,3,север,0.2436
Ристо Лазаров,КАЛЕМЕГДАН,4,вселена,0.2409
Ристо Лазаров,КАЛЕМЕГДАН,5,златен,0.2026
Ристо Лазаров,КАЛЕМЕГДАН,6,вртоглавицa,0.1716
Ристо Лазаров,КАЛЕМЕГДАН,7,девер,0.1716
Ристо Лазаров,КАЛЕМЕГДАН,8,медал,0.1716
Ристо Лазаров,КАЛЕМЕГДАН,9,оре,0.1716
Ристо Лазаров,КАЛЕМЕГДАН,10,пердувче,0.1716
Ристо Лазаров,КАМИНИТО,1,камина,0.9118
Ристо Лазаров,КАМИНИТО,2,мечта,0.157
Ристо Лазаров,КАМИНИТО,3,бока,0.1403
Ристо Лазаров,КАМИНИТО,4,аздис,0.0701
Ристо Лазаров,КАМИНИТО,5,асадо-асадито,0.0701
Ристо Лазаров,КАМИНИТО,6,бајресен,0.0701
Ристо Лазаров,КАМИНИТО,7,бокалито,0.0701
Ристо Лазаров,КАМИНИТО,8,грловито,0.0701
Ристо Лазаров,КАМИНИТО,9,каминнто,0.0701
Ристо Лазаров,КАМИНИТО,10,мераци,0.0701
Ристо Лазаров,КАТАДЕН,1,адреналински,0.2376
Ристо Лазаров,КАТАДЕН,2,ветерничавост,0.2376
Ристо Лазаров,КАТАДЕН,3,глочка,0.2376
Ристо Лазаров,КАТАДЕН,4,џишка,0.2376
Ристо Лазаров,КАТАДЕН,5,разгазен,0.2246
Ристо Лазаров,КАТАДЕН,6,дрочи,0.2081
Ристо Лазаров,КАТАДЕН,7,камче,0.2081
Ристо Лазаров,КАТАДЕН,8,катаден,0.2022
Ристо Лазаров,КАТАДЕН,9,реалност,0.2022
Ристо Лазаров,КАТАДЕН,10,шмука,0.1973
Ристо Лазаров,КАФЕ ТОРТОНИ,1,тортони,0.7781
Ристо Лазаров,КАФЕ ТОРТОНИ,2,никогаш,0.1192
Ристо Лазаров,КАФЕ ТОРТОНИ,3,алберт,0.1112
Ристо Лазаров,КАФЕ ТОРТОНИ,4,алергичен,0.1112
Ристо Лазаров,КАФЕ ТОРТОНИ,5,ајнштајн,0.1112
Ристо Лазаров,КАФЕ ТОРТОНИ,6,гарсија,0.1112
Ристо Лазаров,КАФЕ ТОРТОНИ,7,домино,0.1112
Ристо Лазаров,КАФЕ ТОРТОНИ,8,кандиран,0.1112
Ристо Лазаров,КАФЕ ТОРТОНИ,9,првенство,0.1112
Ристо Лазаров,КАФЕ ТОРТОНИ,10,рубинштајн,0.1112
Ристо Лазаров,ЛАВЕЈ ВО ЛАЧЕНИ ЧЕВЛИ,1,вчекорува,0.1853
Ристо Лазаров,ЛАВЕЈ ВО ЛАЧЕНИ ЧЕВЛИ,2,ибраим,0.1853
Ристо Лазаров,ЛАВЕЈ ВО ЛАЧЕНИ ЧЕВЛИ,3,качкет,0.1853
Ристо Лазаров,ЛАВЕЈ ВО ЛАЧЕНИ ЧЕВЛИ,4,лачен,0.1853
Ристо Лазаров,ЛАВЕЈ ВО ЛАЧЕНИ ЧЕВЛИ,5,маршев,0.1853
Ристо Лазаров,ЛАВЕЈ ВО ЛАЧЕНИ ЧЕВЛИ,6,намигни,0.1853
Ристо Лазаров,ЛАВЕЈ ВО ЛАЧЕНИ ЧЕВЛИ,7,натпее,0.1853
Ристо Лазаров,ЛАВЕЈ ВО ЛАЧЕНИ ЧЕВЛИ,8,тропикана,0.1853
Ристо Лазаров,ЛАВЕЈ ВО ЛАЧЕНИ ЧЕВЛИ,9,ферер,0.1853
Ристо Лазаров,ЛАВЕЈ ВО ЛАЧЕНИ ЧЕВЛИ,10,јуришен,0.1853
Ристо Лазаров,МАЦЕДОНИО ФЕРНАНДЕЗ,1,време,0.2218
Ристо Лазаров,МАЦЕДОНИО ФЕРНАНДЕЗ,2,сребрен,0.2024
Ристо Лазаров,МАЦЕДОНИО ФЕРНАНДЕЗ,3,прави,0.1488
Ристо Лазаров,МАЦЕДОНИО ФЕРНАНДЕЗ,4,измолкнат,0.1426
Ристо Лазаров,МАЦЕДОНИО ФЕРНАНДЕЗ,5,мочка,0.1426
Ристо Лазаров,МАЦЕДОНИО ФЕРНАНДЕЗ,6,несвршен,0.1426
Ристо Лазаров,МАЦЕДОНИО ФЕРНАНДЕЗ,7,одај,0.1426
Ристо Лазаров,МАЦЕДОНИО ФЕРНАНДЕЗ,8,разубавува,0.1426
Ристо Лазаров,МАЦЕДОНИО ФЕРНАНДЕЗ,9,сиромаштија,0.1426
Ристо Лазаров,МАЦЕДОНИО ФЕРНАНДЕЗ,10,сног,0.1426
Ристо Лазаров,МУЗА,1,дамар,0.2463
Ристо Лазаров,МУЗА,2,грев,0.202
Ристо Лазаров,МУЗА,3,чекор,0.1949
Ристо Лазаров,МУЗА,4,здив,0.1709
Ристо Лазаров,МУЗА,5,брашно,0.1651
Ристо Лазаров,МУЗА,6,вран,0.1651
Ристо Лазаров,МУЗА,7,дипле,0.1651
Ристо Лазаров,МУЗА,8,ливан,0.1651
Ристо Лазаров,МУЗА,9,лулашка,0.1651
Ристо Лазаров,МУЗА,10,надуен,0.1651
Ристо Лазаров,НЕСОНИЦА,1,несоница,0.453
Ристо Лазаров,НЕСОНИЦА,2,грешнодушни,0.1775
Ристо Лазаров,НЕСОНИЦА,3,карабурма,0.1775
Ристо Лазаров,НЕСОНИЦА,4,набоден,0.1775
Ристо Лазаров,НЕСОНИЦА,5,собирање,0.1775
Ристо Лазаров,НЕСОНИЦА,6,голтам,0.1677
Ристо Лазаров,НЕСОНИЦА,7,мераца,0.1677
Ристо Лазаров,НЕСОНИЦА,8,овцин,0.1677
Ристо Лазаров,НЕСОНИЦА,9,пребројува,0.1677
Ристо Лазаров,НЕСОНИЦА,10,сардисан,0.1677
Ристо Лазаров,ОДНОВО И ОДНОВО,1,одново,0.8615
Ристо Лазаров,ОДНОВО И ОДНОВО,2,игра,0.1074
Ристо Лазаров,ОДНОВО И ОДНОВО,3,активно,0.092
Ристо Лазаров,ОДНОВО И ОДНОВО,4,ахил,0.092
Ристо Лазаров,ОДНОВО И ОДНОВО,5,зијани,0.092
Ристо Лазаров,ОДНОВО И ОДНОВО,6,картограф,0.092
Ристо Лазаров,ОДНОВО И ОДНОВО,7,лизганица,0.092
Ристо Лазаров,ОДНОВО И ОДНОВО,8,морепловец,0.092
Ристо Лазаров,ОДНОВО И ОДНОВО,9,посолува,0.092
Ристо Лазаров,ОДНОВО И ОДНОВО,10,самоувереност,0.092
Ристо Лазаров,ОПИР,1,сака,0.2063
Ристо Лазаров,ОПИР,2,вилушка,0.1656
Ристо Лазаров,ОПИР,3,деколте,0.1656
Ристо Лазаров,ОПИР,4,клешти,0.1656
Ристо Лазаров,ОПИР,5,маица,0.1656
Ристо Лазаров,ОПИР,6,наглокува,0.1656
Ристо Лазаров,ОПИР,7,опир,0.1656
Ристо Лазаров,ОПИР,8,разлизгана,0.1656
Ристо Лазаров,ОПИР,9,распали,0.1656
Ристо Лазаров,ОПИР,10,стуткува,0.1656
Ристо Лазаров,ОТАДЕ ВРЕМЕТО,1,амстердам,0.3133
Ристо Лазаров,ОТАДЕ ВРЕМЕТО,2,иднина,0.1982
Ристо Лазаров,ОТАДЕ ВРЕМЕТО,3,давење,0.1567
Ристо Лазаров,ОТАДЕ ВРЕМЕТО,4,задоцни,0.1567
Ристо Лазаров,ОТАДЕ ВРЕМЕТО,5,зенон,0.1567
Ристо Лазаров,ОТАДЕ ВРЕМЕТО,6,крснозе,0.1567
Ристо Лазаров,ОТАДЕ ВРЕМЕТО,7,нагледно,0.1567
Ристо Лазаров,ОТАДЕ ВРЕМЕТО,8,намерно,0.1567
Ристо Лазаров,ОТАДЕ ВРЕМЕТО,9,одмавнува,0.1567
Ристо Лазаров,ОТАДЕ ВРЕМЕТО,10,партнер,0.1567
Ристо Лазаров,ПОБЕРКА,1,поберка,0.5419
Ристо Лазаров,ПОБЕРКА,2,доберува,0.2709
Ристо Лазаров,ПОБЕРКА,3,мегдан,0.256
Ристо Лазаров,ПОБЕРКА,4,навидум,0.2306
Ристо Лазаров,ПОБЕРКА,5,празен,0.1534
Ристо Лазаров,ПОБЕРКА,6,берба,0.1355
Ристо Лазаров,ПОБЕРКА,7,добран,0.1355
Ристо Лазаров,ПОБЕРКА,8,лушпе,0.1355
Ристо Лазаров,ПОБЕРКА,9,нодножје,0.1355
Ристо Лазаров,ПОБЕРКА,10,обран,0.1355
Ристо Лазаров,ПОТЕМ,1,потем,0.3611
Ристо Лазаров,ПОТЕМ,2,врв,0.1666
Ристо Лазаров,ПОТЕМ,3,уста,0.1558
Ристо Лазаров,ПОТЕМ,4,здив,0.1445
Ристо Лазаров,ПОТЕМ,5,зобие,0.1396
Ристо Лазаров,ПОТЕМ,6,иска,0.1396
Ристо Лазаров,ПОТЕМ,7,клапнат,0.1396
Ристо Лазаров,ПОТЕМ,8,медосан,0.1396
Ристо Лазаров,ПОТЕМ,9,ментол,0.1396
Ристо Лазаров,ПОТЕМ,10,поднапиен,0.1396
Ристо Лазаров,ПУЕРТО МАДЕРО,1,комшија,0.2461
Ристо Лазаров,ПУЕРТО МАДЕРО,2,древен,0.1972
Ристо Лазаров,ПУЕРТО МАДЕРО,3,случи,0.187
Ристо Лазаров,ПУЕРТО МАДЕРО,4,право,0.1685
Ристо Лазаров,ПУЕРТО МАДЕРО,5,полн,0.1354
Ристо Лазаров,ПУЕРТО МАДЕРО,6,веселник,0.1302
Ристо Лазаров,ПУЕРТО МАДЕРО,7,вкотвен,0.1302
Ристо Лазаров,ПУЕРТО МАДЕРО,8,географија,0.1302
Ристо Лазаров,ПУЕРТО МАДЕРО,9,едреница,0.1302
Ристо Лазаров,ПУЕРТО МАДЕРО,10,заборавач,0.1302
Ристо Лазаров,РАСПЕТИЕ,1,цел,0.4843
Ристо Лазаров,РАСПЕТИЕ,2,живот,0.375
Ристо Лазаров,РАСПЕТИЕ,3,двамина,0.3264
Ристо Лазаров,РАСПЕТИЕ,4,близначки,0.1632
Ристо Лазаров,РАСПЕТИЕ,5,гумна,0.1632
Ристо Лазаров,РАСПЕТИЕ,6,дваже,0.1632
Ристо Лазаров,РАСПЕТИЕ,7,лади,0.1632
Ристо Лазаров,РАСПЕТИЕ,8,обзор,0.1632
Ристо Лазаров,РАСПЕТИЕ,9,снега,0.1632
Ристо Лазаров,РАСПЕТИЕ,10,токмие,0.1632
Ристо Лазаров,РГЕРИЧ,1,звук,0.2653
Ристо Лазаров,РГЕРИЧ,2,клун,0.2155
Ристо Лазаров,РГЕРИЧ,3,враќа,0.1626
Ристо Лазаров,РГЕРИЧ,4,клавијатура,0.1464
Ристо Лазаров,РГЕРИЧ,5,колонада,0.1464
Ристо Лазаров,РГЕРИЧ,6,кондор,0.1464
Ристо Лазаров,РГЕРИЧ,7,лулее,0.1464
Ристо Лазаров,РГЕРИЧ,8,панделка,0.1464
Ристо Лазаров,РГЕРИЧ,9,пијано,0.1464
Ристо Лазаров,РГЕРИЧ,10,реколе,0.1464
Ристо Лазаров,РУЧЕК,1,ручек,0.3691
Ристо Лазаров,РУЧЕК,2,актер,0.2169
Ристо Лазаров,РУЧЕК,3,занесува,0.2169
Ристо Лазаров,РУЧЕК,4,палаво,0.2169
Ристо Лазаров,РУЧЕК,5,преоблекува,0.2169
Ристо Лазаров,РУЧЕК,6,кокошка,0.205
Ристо Лазаров,РУЧЕК,7,просо,0.205
Ристо Лазаров,РУЧЕК,8,улога,0.205
Ристо Лазаров,РУЧЕК,9,кармин,0.1965
Ристо Лазаров,РУЧЕК,10,отисок,0.1899
Ристо Лазаров,САБАТО,1,бара,0.2164
Ристо Лазаров,САБАТО,2,најде,0.1553
Ристо Лазаров,САБАТО,3,планина,0.1553
Ристо Лазаров,САБАТО,4,прави,0.1516
Ристо Лазаров,САБАТО,5,ишкање,0.1453
Ристо Лазаров,САБАТО,6,лагоресу,0.1453
Ристо Лазаров,САБАТО,7,мувосерка,0.1453
Ристо Лазаров,САБАТО,8,обесчеден,0.1453
Ристо Лазаров,САБАТО,9,осамнува,0.1453
Ристо Лазаров,САБАТО,10,потпора,0.1453
Ристо Лазаров,САМО ДА НЕМА ВОЈНА,1,војна,0.7485
Ристо Лазаров,САМО ДА НЕМА ВОЈНА,2,гуњи,0.1489
Ристо Лазаров,САМО ДА НЕМА ВОЈНА,3,дародавка,0.1489
Ристо Лазаров,САМО ДА НЕМА ВОЈНА,4,елец,0.1489
Ристо Лазаров,САМО ДА НЕМА ВОЈНА,5,зајми,0.1489
Ристо Лазаров,САМО ДА НЕМА ВОЈНА,6,осојна,0.1489
Ристо Лазаров,САМО ДА НЕМА ВОЈНА,7,пауница,0.1489
Ристо Лазаров,САМО ДА НЕМА ВОЈНА,8,песнопојна,0.1489
Ристо Лазаров,САМО ДА НЕМА ВОЈНА,9,џенемија,0.1489
Ристо Лазаров,САМО ДА НЕМА ВОЈНА,10,броен,0.1407
Ристо Лазаров,САНТЕЛМО,1,телмо,0.6258
Ристо Лазаров,САНТЕЛМО,2,сан,0.5913
Ристо Лазаров,САНТЕЛМО,3,безгрижа,0.0894
Ристо Лазаров,САНТЕЛМО,4,детуле,0.0894
Ристо Лазаров,САНТЕЛМО,5,довтаса,0.0894
Ристо Лазаров,САНТЕЛМО,6,калдрм,0.0894
Ристо Лазаров,САНТЕЛМО,7,кусок,0.0894
Ристо Лазаров,САНТЕЛМО,8,мчик,0.0894
Ристо Лазаров,САНТЕЛМО,9,опуштеност,0.0894
Ристо Лазаров,САНТЕЛМО,10,перчи,0.0894
Ристо Лазаров,СЕКОГАШ,1,секогаш,0.6509
Ристо Лазаров,СЕКОГАШ,2,арлекин,0.1782
Ристо Лазаров,СЕКОГАШ,3,зацапува,0.1782
Ристо Лазаров,СЕКОГАШ,4,здожежува,0.1782
Ристо Лазаров,СЕКОГАШ,5,споулавува,0.1782
Ристо Лазаров,СЕКОГАШ,6,изгор,0.1615
Ристо Лазаров,СЕКОГАШ,7,гала,0.1561
Ристо Лазаров,СЕКОГАШ,8,перница,0.1517
Ристо Лазаров,СЕКОГАШ,9,виолина,0.148
Ристо Лазаров,СЕКОГАШ,10,потекло,0.148
Ристо Лазаров,СЛАТКООДСЛИВИ,1,слива,0.7359
Ристо Лазаров,СЛАТКООДСЛИВИ,2,меша,0.219
Ристо Лазаров,СЛАТКООДСЛИВИ,3,сек,0.2153
Ристо Лазаров,СЛАТКООДСЛИВИ,4,див,0.1724
Ристо Лазаров,СЛАТКООДСЛИВИ,5,размавтан,0.1401
Ристо Лазаров,СЛАТКООДСЛИВИ,6,сливар,0.1401
Ристо Лазаров,СЛАТКООДСЛИВИ,7,стрви,0.1401
Ристо Лазаров,СЛАТКООДСЛИВИ,8,љубоскок,0.1401
Ристо Лазаров,СЛАТКООДСЛИВИ,9,гмече,0.1323
Ристо Лазаров,СЛАТКООДСЛИВИ,10,здрви,0.1323
Ристо Лазаров,СПРОСТРЕНИ СПОМЕНИ,1,топка,0.2861
Ристо Лазаров,СПРОСТРЕНИ СПОМЕНИ,2,рамо,0.2374
Ристо Лазаров,СПРОСТРЕНИ СПОМЕНИ,3,среди,0.2345
Ристо Лазаров,СПРОСТРЕНИ СПОМЕНИ,4,бостан,0.1633
Ристо Лазаров,СПРОСТРЕНИ СПОМЕНИ,5,интернет,0.1633
Ристо Лазаров,СПРОСТРЕНИ СПОМЕНИ,6,лудина,0.1633
Ристо Лазаров,СПРОСТРЕНИ СПОМЕНИ,7,палавштина,0.1633
Ристо Лазаров,СПРОСТРЕНИ СПОМЕНИ,8,пегла,0.1633
Ристо Лазаров,СПРОСТРЕНИ СПОМЕНИ,9,сред,0.1633
Ристо Лазаров,СПРОСТРЕНИ СПОМЕНИ,10,стефановска,0.1633
Ристо Лазаров,СРЕБРЕНАТА РЕКА,1,сребрен,0.6741
Ристо Лазаров,СРЕБРЕНАТА РЕКА,2,воен,0.1357
Ристо Лазаров,СРЕБРЕНАТА РЕКА,3,катамаран,0.1357
Ристо Лазаров,СРЕБРЕНАТА РЕКА,4,катаракта,0.1357
Ристо Лазаров,СРЕБРЕНАТА РЕКА,5,опериран,0.1357
Ристо Лазаров,СРЕБРЕНАТА РЕКА,6,сиер,0.1357
Ристо Лазаров,СРЕБРЕНАТА РЕКА,7,светлина,0.1285
Ристо Лазаров,СРЕБРЕНАТА РЕКА,8,бандонеон,0.1282
Ристо Лазаров,СРЕБРЕНАТА РЕКА,9,делфина,0.1282
Ристо Лазаров,СРЕБРЕНАТА РЕКА,10,оаза,0.1282
Ристо Лазаров,СРЕДЕ,1,среди,0.3103
Ристо Лазаров,СРЕДЕ,2,ливадица,0.2882
Ристо Лазаров,СРЕДЕ,3,прескакулица,0.2723
Ристо Лазаров,СРЕДЕ,4,ритка,0.2723
Ристо Лазаров,СРЕДЕ,5,сизиф,0.2611
Ристо Лазаров,СРЕДЕ,6,осој,0.2524
Ристо Лазаров,СРЕДЕ,7,пукнатина,0.2215
Ристо Лазаров,СРЕДЕ,8,зелен,0.1721
Ристо Лазаров,СРЕДЕ,9,елече,0.1441
Ристо Лазаров,СРЕДЕ,10,нагазен,0.1441
Ристо Лазаров,СТРАВ,1,врата,0.6846
Ристо Лазаров,СТРАВ,2,балонче,0.1408
Ристо Лазаров,СТРАВ,3,истресува,0.1408
Ристо Лазаров,СТРАВ,4,лигавица,0.1408
Ристо Лазаров,СТРАВ,5,налетува,0.1408
Ристо Лазаров,СТРАВ,6,неканет,0.1408
Ристо Лазаров,СТРАВ,7,оксижен,0.1408
Ристо Лазаров,СТРАВ,8,отворач,0.1408
Ристо Лазаров,СТРАВ,9,пригушен,0.1408
Ристо Лазаров,СТРАВ,10,розе,0.1408
Ристо Лазаров,СУДЕНИК,1,векутума,0.329
Ристо Лазаров,СУДЕНИК,2,век,0.1827
Ристо Лазаров,СУДЕНИК,3,белточина,0.1645
Ристо Лазаров,СУДЕНИК,4,билмега,0.1645
Ристо Лазаров,СУДЕНИК,5,водопив,0.1645
Ристо Лазаров,СУДЕНИК,6,куц,0.1645
Ристо Лазаров,СУДЕНИК,7,менгеме,0.1645
Ристо Лазаров,СУДЕНИК,8,ожеднет,0.1645
Ристо Лазаров,СУДЕНИК,9,ранобуден,0.1645
Ристо Лазаров,СУДЕНИК,10,расонува,0.1645
Ристо Лазаров,СУДЕНИЦА,1,пештера,0.275
Ристо Лазаров,СУДЕНИЦА,2,брзо,0.269
Ристо Лазаров,СУДЕНИЦА,3,дотенчена,0.1656
Ристо Лазаров,СУДЕНИЦА,4,ждребица,0.1656
Ристо Лазаров,СУДЕНИЦА,5,кркори,0.1656
Ристо Лазаров,СУДЕНИЦА,6,лопатка,0.1656
Ристо Лазаров,СУДЕНИЦА,7,миленица,0.1656
Ристо Лазаров,СУДЕНИЦА,8,откорнатик,0.1656
Ристо Лазаров,СУДЕНИЦА,9,прерано,0.1656
Ристо Лазаров,СУДЕНИЦА,10,секала,0.1656
Ристо Лазаров,ТАНТЕЛА,1,бел,0.6679
Ристо Лазаров,ТАНТЕЛА,2,тантела,0.3923
Ристо Лазаров,ТАНТЕЛА,3,копче,0.2615
Ристо Лазаров,ТАНТЕЛА,4,прв,0.1852
Ристо Лазаров,ТАНТЕЛА,5,виорен,0.1308
Ристо Лазаров,ТАНТЕЛА,6,ненаситка,0.1308
Ристо Лазаров,ТАНТЕЛА,7,обрабен,0.1308
Ристо Лазаров,ТАНТЕЛА,8,окопнува,0.1308
Ристо Лазаров,ТАНТЕЛА,9,полутопка,0.1308
Ристо Лазаров,ТАНТЕЛА,10,претпролетен,0.1308
Ристо Лазаров,ТЕГОБНОСТ,1,влегување,0.4449
Ристо Лазаров,ТЕГОБНОСТ,2,понекогаш,0.3275
Ристо Лазаров,ТЕГОБНОСТ,3,водилка,0.2225
Ристо Лазаров,ТЕГОБНОСТ,4,надира,0.2225
Ристо Лазаров,ТЕГОБНОСТ,5,виолетов,0.2016
Ристо Лазаров,ТЕГОБНОСТ,6,бесмртност,0.1948
Ристо Лазаров,ТЕГОБНОСТ,7,обично,0.1948
Ристо Лазаров,ТЕГОБНОСТ,8,жарче,0.1893
Ристо Лазаров,ТЕГОБНОСТ,9,ноќ,0.1839
Ристо Лазаров,ТЕГОБНОСТ,10,божем,0.1806
Ристо Лазаров,ТИРКИЗНА ПЕСНА,1,тиркиз,0.3569
Ристо Лазаров,ТИРКИЗНА ПЕСНА,2,ритка,0.3373
Ристо Лазаров,ТИРКИЗНА ПЕСНА,3,лејка,0.1784
Ристо Лазаров,ТИРКИЗНА ПЕСНА,4,молка,0.1784
Ристо Лазаров,ТИРКИЗНА ПЕСНА,5,јазат,0.1784
Ристо Лазаров,ТИРКИЗНА ПЕСНА,6,брана,0.1686
Ристо Лазаров,ТИРКИЗНА ПЕСНА,7,изгора,0.1686
Ристо Лазаров,ТИРКИЗНА ПЕСНА,8,испилува,0.1686
Ристо Лазаров,ТИРКИЗНА ПЕСНА,9,замелушен,0.1617
Ристо Лазаров,ТИРКИЗНА ПЕСНА,10,лига,0.1617
Ристо Лазаров,ТРАГАЧ ПО СВЕТЛИНАТА,1,поет,0.2335
Ристо Лазаров,ТРАГАЧ ПО СВЕТЛИНАТА,2,чист,0.2074
Ристо Лазаров,ТРАГАЧ ПО СВЕТЛИНАТА,3,анте,0.1776
Ристо Лазаров,ТРАГАЧ ПО СВЕТЛИНАТА,4,истинува,0.1776
Ристо Лазаров,ТРАГАЧ ПО СВЕТЛИНАТА,5,мински,0.1776
Ристо Лазаров,ТРАГАЧ ПО СВЕТЛИНАТА,6,никнува,0.1776
Ристо Лазаров,ТРАГАЧ ПО СВЕТЛИНАТА,7,ороводно,0.1776
Ристо Лазаров,ТРАГАЧ ПО СВЕТЛИНАТА,8,отпоздравува,0.1776
Ристо Лазаров,ТРАГАЧ ПО СВЕТЛИНАТА,9,павта,0.1776
Ристо Лазаров,ТРАГАЧ ПО СВЕТЛИНАТА,10,поповски,0.1776
Ристо Лазаров,ТРОЦВЕТ,1,бабре,0.152
Ристо Лазаров,ТРОЦВЕТ,2,вил,0.152
Ристо Лазаров,ТРОЦВЕТ,3,вица,0.152
Ристо Лазаров,ТРОЦВЕТ,4,влатко,0.152
Ристо Лазаров,ТРОЦВЕТ,5,жили,0.152
Ристо Лазаров,ТРОЦВЕТ,6,молкота,0.152
Ристо Лазаров,ТРОЦВЕТ,7,оровиден,0.152
Ристо Лазаров,ТРОЦВЕТ,8,петле,0.152
Ристо Лазаров,ТРОЦВЕТ,9,преѓ,0.152
Ристо Лазаров,ТРОЦВЕТ,10,скокоти,0.152
Ристо Лазаров,ТРПЕЗА,1,долу,0.3249
Ристо Лазаров,ТРПЕЗА,2,уште,0.221
Ристо Лазаров,ТРПЕЗА,3,врв,0.2179
Ристо Лазаров,ТРПЕЗА,4,гризни,0.1824
Ристо Лазаров,ТРПЕЗА,5,лизен,0.1824
Ристо Лазаров,ТРПЕЗА,6,стрвнодо,0.1824
Ристо Лазаров,ТРПЕЗА,7,бушав,0.1724
Ристо Лазаров,ТРПЕЗА,8,некосен,0.1724
Ристо Лазаров,ТРПЕЗА,9,поболи,0.1724
Ристо Лазаров,ТРПЕЗА,10,стокмен,0.1724
Ристо Лазаров,ЦРВЕНА ВРАТА,1,врата,0.6061
Ристо Лазаров,ЦРВЕНА ВРАТА,2,црвен,0.3363
Ристо Лазаров,ЦРВЕНА ВРАТА,3,нов,0.193
Ристо Лазаров,ЦРВЕНА ВРАТА,4,излегува,0.1765
Ристо Лазаров,ЦРВЕНА ВРАТА,5,тага,0.1492
Ристо Лазаров,ЦРВЕНА ВРАТА,6,авка,0.1424
Ристо Лазаров,ЦРВЕНА ВРАТА,7,зјапнат,0.1424
Ристо Лазаров,ЦРВЕНА ВРАТА,8,надалеку,0.1424
Ристо Лазаров,ЦРВЕНА ВРАТА,9,потпевнува,0.1424
Ристо Лазаров,ЦРВЕНА ВРАТА,10,стар,0.1404
Ристо Лазаров,ШКОЛКА,1,бакнеж,0.4002
Ристо Лазаров,ШКОЛКА,2,сетне,0.2536
Ристо Лазаров,ШКОЛКА,3,шмука,0.2324
Ристо Лазаров,ШКОЛКА,4,одбива,0.2273
Ристо Лазаров,ШКОЛКА,5,отвора,0.1681
Ристо Лазаров,ШКОЛКА,6,градобиен,0.14
Ристо Лазаров,ШКОЛКА,7,забрзување,0.14
Ристо Лазаров,ШКОЛКА,8,залемен,0.14
Ристо Лазаров,ШКОЛКА,9,испливан,0.14
Ристо Лазаров,ШКОЛКА,10,мајтап,0.14
Славко Јаневски,3имна приказна,1,дедо,0.3081
Славко Јаневски,3имна приказна,2,луле,0.2926
Славко Јаневски,3имна приказна,3,џин,0.1976
Славко Јаневски,3имна приказна,4,лета,0.1818
Славко Јаневски,3имна приказна,5,тутун,0.1785
Славко Јаневски,3имна приказна,6,безброј,0.1733
Славко Јаневски,3имна приказна,7,приказна,0.1648
Славко Јаневски,3имна приказна,8,џиној,0.1548
Славко Јаневски,3имна приказна,9,минат,0.154
Славко Јаневски,3имна приказна,10,русалка,0.1403
Славко Јаневски,Јазик,1,обвива,0.3005
Славко Јаневски,Јазик,2,јазик,0.2833
Славко Јаневски,Јазик,3,свој,0.2539
Славко Јаневски,Јазик,4,ерменски,0.1716
Славко Јаневски,Јазик,5,мелем,0.1716
Славко Јаневски,Јазик,6,наски,0.1716
Славко Јаневски,Јазик,7,обогатен,0.1716
Славко Јаневски,Јазик,8,помолчи,0.1716
Славко Јаневски,Јазик,9,смиреност,0.1716
Славко Јаневски,Јазик,10,хебрејски,0.1716
Славко Јаневски,Јас пак ќе се вратам,1,деној,0.4099
Славко Јаневски,Јас пак ќе се вратам,2,града,0.2142
Славко Јаневски,Јас пак ќе се вратам,3,истра,0.181
Славко Јаневски,Јас пак ќе се вратам,4,пруга,0.164
Славко Јаневски,Јас пак ќе се вратам,5,шина,0.1502
Славко Јаневски,Јас пак ќе се вратам,6,мој,0.1481
Славко Јаневски,Јас пак ќе се вратам,7,верност,0.1469
Славко Јаневски,Јас пак ќе се вратам,8,тага,0.1421
Славко Јаневски,Јас пак ќе се вратам,9,трепка,0.1415
Славко Јаневски,Јас пак ќе се вратам,10,жив,0.1313
Славко Јаневски,Љубов за љубов,1,гостин,0.1741
Славко Јаневски,Љубов за љубов,2,песна,0.1731
Славко Јаневски,Љубов за љубов,3,низа,0.1681
Славко Јаневски,Љубов за љубов,4,личен,0.1552
Славко Јаневски,Љубов за љубов,5,румен,0.1489
Славко Јаневски,Љубов за љубов,6,наш,0.1328
Славко Јаневски,Љубов за љубов,7,вечер,0.1291
Славко Јаневски,Љубов за љубов,8,љубов,0.1278
Славко Јаневски,Љубов за љубов,9,утро,0.1257
Славко Јаневски,Љубов за љубов,10,везелки,0.1093
Славко Јаневски,Ајдучка легенда,1,мајка,0.2451
Славко Јаневски,Ајдучка легенда,2,син,0.1905
Славко Јаневски,Ајдучка легенда,3,козјак,0.1805
Славко Јаневски,Ајдучка легенда,4,соколец,0.1635
Славко Јаневски,Ајдучка легенда,5,писен,0.158
Славко Јаневски,Ајдучка легенда,6,друм,0.1465
Славко Јаневски,Ајдучка легенда,7,стапне,0.1465
Славко Јаневски,Ајдучка легенда,8,каже,0.1452
Славко Јаневски,Ајдучка легенда,9,мајчин,0.1437
Славко Јаневски,Ајдучка легенда,10,сее,0.1387
Славко Јаневски,Балада за Црногорската мома,1,наш,0.1959
Славко Јаневски,Балада за Црногорската мома,2,мргуде,0.1936
Славко Јаневски,Балада за Црногорската мома,3,ораница,0.1936
Славко Јаневски,Балада за Црногорската мома,4,пролет,0.1606
Славко Јаневски,Балада за Црногорската мома,5,млад,0.1482
Славко Јаневски,Балада за Црногорската мома,6,шепне,0.1466
Славко Јаневски,Балада за Црногорската мома,7,бразда,0.1359
Славко Јаневски,Балада за Црногорската мома,8,бие,0.1295
Славко Јаневски,Балада за Црногорската мома,9,бел,0.1236
Славко Јаневски,Балада за Црногорската мома,10,цвет,0.1234
Славко Јаневски,Бело Јато,1,мами,0.3981
Славко Јаневски,Бело Јато,2,лета,0.3216
Славко Јаневски,Бело Јато,3,јато,0.2808
Славко Јаневски,Бело Јато,4,изгрев,0.2688
Славко Јаневски,Бело Јато,5,дае,0.1826
Славко Јаневски,Бело Јато,6,рудар,0.1826
Славко Јаневски,Бело Јато,7,тракториски,0.1826
Славко Јаневски,Бело Јато,8,фабрика,0.1826
Славко Јаневски,Бело Јато,9,клас,0.1726
Славко Јаневски,Бело Јато,10,деној,0.1654
Славко Јаневски,Голаб на барикада,1,голаб,0.3287
Славко Јаневски,Голаб на барикада,2,лежи,0.2077
Славко Јаневски,Голаб на барикада,3,град,0.1768
Славко Јаневски,Голаб на барикада,4,борецот-лири,0.1739
Славко Јаневски,Голаб на барикада,5,видело-бори,0.1739
Славко Јаневски,Голаб на барикада,6,кликал,0.1739
Славко Јаневски,Голаб на барикада,7,копрена,0.1739
Славко Јаневски,Голаб на барикада,8,негдека,0.1739
Славко Јаневски,Голаб на барикада,9,непоен,0.1739
Славко Јаневски,Голаб на барикада,10,окоп,0.1739
Славко Јаневски,Гората за овчарот,1,заедно,0.2823
Славко Јаневски,Гората за овчарот,2,помне,0.2365
Славко Јаневски,Гората за овчарот,3,година,0.2338
Славко Јаневски,Гората за овчарот,4,загине,0.1747
Славко Јаневски,Гората за овчарот,5,мал,0.1617
Славко Јаневски,Гората за овчарот,6,благоја,0.1538
Славко Јаневски,Гората за овчарот,7,ајдук,0.1394
Славко Јаневски,Гората за овчарот,8,чува,0.1362
Славко Јаневски,Гората за овчарот,9,подарок,0.1347
Славко Јаневски,Гората за овчарот,10,класје,0.1309
Славко Јаневски,Горка лирика во селската крчма,1,покој,0.2372
Славко Јаневски,Горка лирика во селската крчма,2,старец,0.1927
Славко Јаневски,Горка лирика во селската крчма,3,проклетија,0.1745
Славко Јаневски,Горка лирика во селската крчма,4,замолкне,0.1649
Славко Јаневски,Горка лирика во селската крчма,5,крчма,0.1649
Славко Јаневски,Горка лирика во селската крчма,6,село,0.1633
Славко Јаневски,Горка лирика во селската крчма,7,ракија,0.1417
Славко Јаневски,Горка лирика во селската крчма,8,солза,0.1382
Славко Јаневски,Горка лирика во селската крчма,9,некако,0.1364
Славко Јаневски,Горка лирика во селската крчма,10,ламба,0.1342
Славко Јаневски,Горска приспивна,1,чедо,0.3188
Славко Јаневски,Горска приспивна,2,сина,0.2713
Славко Јаневски,Горска приспивна,3,спи,0.2713
Славко Јаневски,Горска приспивна,4,бледо,0.2622
Славко Јаневски,Горска приспивна,5,роз,0.2548
Славко Јаневски,Горска приспивна,6,твој,0.1686
Славко Јаневски,Горска приспивна,7,затрај,0.1497
Славко Јаневски,Горска приспивна,8,повива,0.1497
Славко Јаневски,Горска приспивна,9,расна,0.1497
Славко Јаневски,Горска приспивна,10,распламнат,0.1497
Славко Јаневски,Две приказни,1,приказна,0.2486
Славко Јаневски,Две приказни,2,детство,0.2303
Славко Јаневски,Две приказни,3,крај,0.1962
Славко Јаневски,Две приказни,4,чувство,0.1864
Славко Јаневски,Две приказни,5,немирен,0.1807
Славко Јаневски,Две приказни,6,татковски,0.1751
Славко Јаневски,Две приказни,7,усмивнат,0.1751
Славко Јаневски,Две приказни,8,вардар,0.1587
Славко Јаневски,Две приказни,9,русалка,0.1587
Славко Јаневски,Две приказни,10,нов,0.1582
Славко Јаневски,Девојка  и  сокол,1,стојан,0.342
Славко Јаневски,Девојка  и  сокол,2,стројник,0.3278
Славко Јаневски,Девојка  и  сокол,3,тесен,0.2829
Славко Јаневски,Девојка  и  сокол,4,пиле,0.2663
Славко Јаневски,Девојка  и  сокол,5,каков,0.2399
Славко Јаневски,Девојка  и  сокол,6,гори,0.1933
Славко Јаневски,Девојка  и  сокол,7,веро,0.1809
Славко Јаневски,Девојка  и  сокол,8,крилјава,0.1809
Славко Јаневски,Девојка  и  сокол,9,мој,0.1776
Славко Јаневски,Девојка  и  сокол,10,града,0.1713
Славко Јаневски,Егејска песна - 1,1,егејски,0.3349
Славко Јаневски,Егејска песна - 1,2,волкче,0.1675
Славко Јаневски,Егејска песна - 1,3,двој,0.1675
Славко Јаневски,Егејска песна - 1,4,близнак,0.1583
Славко Јаневски,Егејска песна - 1,5,лиснат,0.1583
Славко Јаневски,Егејска песна - 1,6,миен,0.1583
Славко Јаневски,Егејска песна - 1,7,пења,0.1583
Славко Јаневски,Егејска песна - 1,8,плиснат,0.1583
Славко Јаневски,Егејска песна - 1,9,росница,0.1583
Славко Јаневски,Егејска песна - 1,10,руна,0.1583
Славко Јаневски,Егејска песна - 2,1,детство,0.4986
Славко Јаневски,Егејска песна - 2,2,конче,0.2528
Славко Јаневски,Егејска песна - 2,3,минело,0.2528
Славко Јаневски,Егејска песна - 2,4,скитал,0.2528
Славко Јаневски,Егејска песна - 2,5,цветни,0.2528
Славко Јаневски,Егејска песна - 2,6,врб,0.2389
Славко Јаневски,Егејска песна - 2,7,плускав,0.229
Славко Јаневски,Егејска песна - 2,8,рало,0.229
Славко Јаневски,Егејска песна - 2,9,стисне,0.2053
Славко Јаневски,Егејска песна - 2,10,јаболко,0.1976
Славко Јаневски,Егејска песна - 3,1,зракој,0.4202
Славко Јаневски,Егејска песна - 3,2,војна,0.3017
Славко Јаневски,Егејска песна - 3,3,обичен,0.3017
Славко Јаневски,Егејска песна - 3,4,стаса,0.3017
Славко Јаневски,Егејска песна - 3,5,праг,0.295
Славко Јаневски,Егејска песна - 3,6,село,0.2622
Славко Јаневски,Егејска песна - 3,7,сончев,0.2427
Славко Јаневски,Егејска песна - 3,8,утро,0.2415
Славко Јаневски,Егејска песна - 3,9,мака,0.2403
Славко Јаневски,Егејска песна - 3,10,болка,0.2293
Славко Јаневски,Егејска песна - 4,1,младост,0.2974
Славко Јаневски,Егејска песна - 4,2,планина,0.2613
Славко Јаневски,Егејска песна - 4,3,мајкино,0.2446
Славко Јаневски,Егејска песна - 4,4,покопа,0.2446
Славко Јаневски,Егејска песна - 4,5,предела,0.2446
Славко Јаневски,Егејска песна - 4,6,кременка,0.2312
Славко Јаневски,Егејска песна - 4,7,откопа,0.2312
Славко Јаневски,Егејска песна - 4,8,опинец,0.2216
Славко Јаневски,Егејска песна - 4,9,синој,0.2216
Славко Јаневски,Егејска песна - 4,10,чеде,0.2216
Славко Јаневски,Егејска песна - 5,1,мајка,0.4123
Славко Јаневски,Егејска песна - 5,2,никола,0.3586
Славко Јаневски,Егејска песна - 5,3,зошто,0.2098
Славко Јаневски,Егејска песна - 5,4,изчува,0.1897
Славко Јаневски,Егејска песна - 5,5,проплака,0.1897
Славко Јаневски,Егејска песна - 5,6,ткаев,0.1897
Славко Јаневски,Егејска песна - 5,7,одмена,0.1793
Славко Јаневски,Егејска песна - 5,8,шие,0.1793
Славко Јаневски,Егејска песна - 5,9,израсне,0.1719
Славко Јаневски,Егејска песна - 5,10,никулец,0.1719
Славко Јаневски,Егејска песна - 6,1,мајка,0.459
Славко Јаневски,Егејска песна - 6,2,болка,0.1975
Славко Јаневски,Егејска песна - 6,3,жален,0.1777
Славко Јаневски,Егејска песна - 6,4,појде,0.1677
Славко Јаневски,Егејска песна - 6,5,пушка,0.16
Славко Јаневски,Егејска песна - 6,6,амолкне,0.1207
Славко Јаневски,Егејска песна - 6,7,гранко,0.1207
Славко Јаневски,Егејска песна - 6,8,грозданчо,0.1207
Славко Јаневски,Егејска песна - 6,9,гроздов,0.1207
Славко Јаневски,Егејска песна - 6,10,зимо,0.1207
Славко Јаневски,Зоја - 0,1,бој,0.313
Славко Јаневски,Зоја - 0,2,роден,0.2951
Славко Јаневски,Зоја - 0,3,болко,0.2381
Славко Јаневски,Зоја - 0,4,залене,0.2381
Славко Јаневски,Зоја - 0,5,зојо,0.2381
Славко Јаневски,Зоја - 0,6,розо,0.2381
Славко Јаневски,Зоја - 0,7,школо,0.2381
Славко Јаневски,Зоја - 0,8,јасико,0.2381
Славко Јаневски,Зоја - 0,9,поетски,0.2157
Славко Јаневски,Зоја - 0,10,родина,0.2026
Славко Јаневски,Зоја - 1,1,пролет,0.4353
Славко Јаневски,Зоја - 1,2,студи,0.2377
Славко Јаневски,Зоја - 1,3,зоја,0.2298
Славко Јаневски,Зоја - 1,4,пробие,0.2298
Славко Јаневски,Зоја - 1,5,човешки,0.2298
Славко Јаневски,Зоја - 1,6,погледа,0.2131
Славко Јаневски,Зоја - 1,7,нечујно,0.2051
Славко Јаневски,Зоја - 1,8,строен,0.2051
Славко Јаневски,Зоја - 1,9,цвета,0.1958
Славко Јаневски,Зоја - 1,10,тате,0.1907
Славко Јаневски,Зоја - 2,1,виела,0.2588
Славко Јаневски,Зоја - 2,2,развити,0.2588
Славко Јаневски,Зоја - 2,3,трамвај,0.2588
Славко Јаневски,Зоја - 2,4,другарка,0.2446
Славко Јаневски,Зоја - 2,5,лирика,0.2345
Славко Јаневски,Зоја - 2,6,смеење,0.2345
Славко Јаневски,Зоја - 2,7,зоја,0.2266
Славко Јаневски,Зоја - 2,8,орa,0.2266
Славко Јаневски,Зоја - 2,9,москва,0.2202
Славко Јаневски,Зоја - 2,10,соној,0.2148
Славко Јаневски,Зоја - 3,1,житник,0.2243
Славко Јаневски,Зоја - 3,2,помати,0.2243
Славко Јаневски,Зоја - 3,3,раснеле,0.2243
Славко Јаневски,Зоја - 3,4,греж,0.212
Славко Јаневски,Зоја - 3,5,жарој,0.212
Славко Јаневски,Зоја - 3,6,колхоз,0.212
Славко Јаневски,Зоја - 3,7,орлик,0.212
Славко Јаневски,Зоја - 3,8,тонесе,0.212
Славко Јаневски,Зоја - 3,9,утрина,0.212
Славко Јаневски,Зоја - 3,10,чадје,0.212
Славко Јаневски,Зоја - 4,1,потемни,0.3131
Славко Јаневски,Зоја - 4,2,мајка,0.2998
Славко Јаневски,Зоја - 4,3,илјада,0.2506
Славко Јаневски,Зоја - 4,4,бој,0.2419
Славко Јаневски,Зоја - 4,5,ист,0.2016
Славко Јаневски,Зоја - 4,6,нивен,0.1927
Славко Јаневски,Зоја - 4,7,ар,0.184
Славко Јаневски,Зоја - 4,8,девој,0.184
Славко Јаневски,Зоја - 4,9,запал,0.184
Славко Јаневски,Зоја - 4,10,комсомол,0.184
Славко Јаневски,Зоја - 5,1,стапалка,0.3162
Славко Јаневски,Зоја - 5,2,помне,0.3109
Славко Јаневски,Зоја - 5,3,боречки,0.2022
Славко Јаневски,Зоја - 5,4,дабе,0.2022
Славко Јаневски,Зоја - 5,5,душмански,0.2022
Славко Јаневски,Зоја - 5,6,нерамен,0.2022
Славко Јаневски,Зоја - 5,7,раснела,0.2022
Славко Јаневски,Зоја - 5,8,руски,0.2022
Славко Јаневски,Зоја - 5,9,сталинско,0.2022
Славко Јаневски,Зоја - 5,10,столетен,0.1832
Славко Јаневски,Зоја - 6,1,чита,0.5487
Славко Јаневски,Зоја - 6,2,спомни,0.3373
Славко Јаневски,Зоја - 6,3,негов,0.1848
Славко Јаневски,Зоја - 6,4,нижела,0.1784
Славко Јаневски,Зоја - 6,5,родина-градина,0.1784
Славко Јаневски,Зоја - 6,6,буквар,0.1686
Славко Јаневски,Зоја - 6,7,винтовка,0.1686
Славко Јаневски,Зоја - 6,8,домој,0.1617
Славко Јаневски,Зоја - 6,9,помни,0.1617
Славко Јаневски,Зоја - 6,10,срети,0.1617
Славко Јаневски,Зоја - 7,1,немски,0.3175
Славко Јаневски,Зоја - 7,2,надеж,0.292
Славко Јаневски,Зоја - 7,3,момински,0.2547
Славко Јаневски,Зоја - 7,4,германски,0.1752
Славко Јаневски,Зоја - 7,5,гил,0.1752
Славко Јаневски,Зоја - 7,6,зборе,0.1752
Славко Јаневски,Зоја - 7,7,камшик,0.1752
Славко Јаневски,Зоја - 7,8,катјуши,0.1752
Славко Јаневски,Зоја - 7,9,нејне,0.1752
Славко Јаневски,Зоја - 7,10,пламено,0.1752
Славко Јаневски,Зоја - 8,1,мајка,0.5326
Славко Јаневски,Зоја - 8,2,весница,0.3089
Славко Јаневски,Зоја - 8,3,мајкина,0.3089
Славко Јаневски,Зоја - 8,4,писен,0.2862
Славко Јаневски,Зоја - 8,5,стреја,0.2654
Славко Јаневски,Зоја - 8,6,слета,0.2474
Славко Јаневски,Зоја - 8,7,цвета,0.2438
Славко Јаневски,Зоја - 8,8,чедо,0.2319
Славко Јаневски,Зоја - 8,9,прегратка,0.2205
Славко Јаневски,Зоја - 8,10,падне,0.1824
Славко Јаневски,Зоја - 9,1,грузински,0.1996
Славко Јаневски,Зоја - 9,2,днепрострој,0.1996
Славко Јаневски,Зоја - 9,3,златож,0.1996
Славко Јаневски,Зоја - 9,4,колхозен,0.1996
Славко Јаневски,Зоја - 9,5,кришен,0.1996
Славко Јаневски,Зоја - 9,6,нева,0.1996
Славко Јаневски,Зоја - 9,7,урал,0.1996
Славко Јаневски,Зоја - 9,8,московски,0.1886
Славко Јаневски,Зоја - 9,9,класа,0.1808
Славко Јаневски,Зоја - 9,10,утрен,0.1808
Славко Јаневски,Ивец,1,тогаш,0.406
Славко Јаневски,Ивец,2,стробјак,0.2841
Славко Јаневски,Ивец,3,црцорец,0.2841
Славко Јаневски,Ивец,4,вино,0.1738
Славко Јаневски,Ивец,5,нога,0.1727
Славко Јаневски,Ивец,6,зајдисончево,0.1421
Славко Јаневски,Ивец,7,здробеник,0.1421
Славко Јаневски,Ивец,8,ивец,0.1421
Славко Јаневски,Ивец,9,играорец,0.1421
Славко Јаневски,Ивец,10,излока,0.1421
Славко Јаневски,Илинка сончева свршеница - 1,1,топел,0.2575
Славко Јаневски,Илинка сончева свршеница - 1,2,снага,0.2413
Славко Јаневски,Илинка сончева свршеница - 1,3,прикаска,0.2386
Славко Јаневски,Илинка сончева свршеница - 1,4,тажен,0.175
Славко Јаневски,Илинка сончева свршеница - 1,5,пролетен,0.1667
Славко Јаневски,Илинка сончева свршеница - 1,6,чува,0.1609
Славко Јаневски,Илинка сончева свршеница - 1,7,нејзин,0.145
Славко Јаневски,Илинка сончева свршеница - 1,8,нижел,0.1363
Славко Јаневски,Илинка сончева свршеница - 1,9,охридски,0.1363
Славко Јаневски,Илинка сончева свршеница - 1,10,сплела,0.1363
Славко Јаневски,Илинка сончева свршеница - 2,1,бурен,0.2682
Славко Јаневски,Илинка сончева свршеница - 2,2,грло,0.1808
Славко Јаневски,Илинка сончева свршеница - 2,3,пламен,0.1656
Славко Јаневски,Илинка сончева свршеница - 2,4,млад,0.1562
Славко Јаневски,Илинка сончева свршеница - 2,5,глава,0.1546
Славко Јаневски,Илинка сончева свршеница - 2,6,белопер,0.1531
Славко Јаневски,Илинка сончева свршеница - 2,7,дворје,0.1531
Славко Јаневски,Илинка сончева свршеница - 2,8,задене,0.1531
Славко Јаневски,Илинка сончева свршеница - 2,9,калпак,0.1531
Славко Јаневски,Илинка сончева свршеница - 2,10,рудо,0.1531
Славко Јаневски,Илинка сончева свршеница - 3,1,малин,0.1955
Славко Јаневски,Илинка сончева свршеница - 3,2,попита,0.1955
Славко Јаневски,Илинка сончева свршеница - 3,3,розолик,0.1955
Славко Јаневски,Илинка сончева свршеница - 3,4,кител,0.1848
Славко Јаневски,Илинка сончева свршеница - 3,5,полски,0.1848
Славко Јаневски,Илинка сончева свршеница - 3,6,дорија,0.1772
Славко Јаневски,Илинка сончева свршеница - 3,7,закити,0.1772
Славко Јаневски,Илинка сончева свршеница - 3,8,сватовски,0.1772
Славко Јаневски,Илинка сончева свршеница - 3,9,сватој,0.1772
Славко Јаневски,Илинка сончева свршеница - 3,10,соколец,0.1772
Славко Јаневски,Илинка сончева свршеница - 4,1,зашумее,0.2373
Славко Јаневски,Илинка сончева свршеница - 4,2,молснува,0.2373
Славко Јаневски,Илинка сончева свршеница - 4,3,разгоре,0.2373
Славко Јаневски,Илинка сончева свршеница - 4,4,долама,0.2243
Славко Јаневски,Илинка сончева свршеница - 4,5,божур,0.215
Славко Јаневски,Илинка сончева свршеница - 4,6,лен,0.215
Славко Јаневски,Илинка сончева свршеница - 4,7,напне,0.215
Славко Јаневски,Илинка сончева свршеница - 4,8,топли,0.215
Славко Јаневски,Илинка сончева свршеница - 4,9,бели,0.2078
Славко Јаневски,Илинка сончева свршеница - 4,10,облаче,0.202
Славко Јаневски,Илинка сончева свршеница - 5,1,атрепи,0.2059
Славко Јаневски,Илинка сончева свршеница - 5,2,исипа,0.2059
Славко Јаневски,Илинка сончева свршеница - 5,3,намурте,0.2059
Славко Јаневски,Илинка сончева свршеница - 5,4,носник,0.2059
Славко Јаневски,Илинка сончева свршеница - 5,5,оголи,0.2059
Славко Јаневски,Илинка сончева свршеница - 5,6,бурн,0.1946
Славко Јаневски,Илинка сончева свршеница - 5,7,згрми,0.1946
Славко Јаневски,Илинка сончева свршеница - 5,8,износен,0.1946
Славко Јаневски,Илинка сончева свршеница - 5,9,бука,0.1866
Славко Јаневски,Илинка сончева свршеница - 5,10,закитен,0.1866
Славко Јаневски,Илинка сончева свршеница - 6,1,гордост,0.4038
Славко Јаневски,Илинка сончева свршеница - 6,2,мома,0.215
Славко Јаневски,Илинка сончева свршеница - 6,3,ветроја,0.1621
Славко Јаневски,Илинка сончева свршеница - 6,4,зафрли,0.1621
Славко Јаневски,Илинка сончева свршеница - 6,5,испраи,0.1621
Славко Јаневски,Илинка сончева свршеница - 6,6,вдовица,0.1532
Славко Јаневски,Илинка сончева свршеница - 6,7,зататне,0.1532
Славко Јаневски,Илинка сончева свршеница - 6,8,ништи,0.1532
Славко Јаневски,Илинка сончева свршеница - 6,9,печално,0.1532
Славко Јаневски,Илинка сончева свршеница - 6,10,саде,0.1532
Славко Јаневски,Илинка сончева свршеница - 7,1,таго,0.5152
Славко Јаневски,Илинка сончева свршеница - 7,2,миен,0.2998
Славко Јаневски,Илинка сончева свршеница - 7,3,срно,0.2998
Славко Јаневски,Илинка сончева свршеница - 7,4,вод,0.27
Славко Јаневски,Илинка сончева свршеница - 7,5,песно,0.2367
Славко Јаневски,Илинка сончева свршеница - 7,6,скриен,0.198
Славко Јаневски,Илинка сончева свршеница - 7,7,булко,0.1586
Славко Јаневски,Илинка сончева свршеница - 7,8,галебице,0.1586
Славко Јаневски,Илинка сончева свршеница - 7,9,доене,0.1586
Славко Јаневски,Илинка сончева свршеница - 7,10,замолкен,0.1586
Славко Јаневски,Илинка сончева свршеница - 8,1,светне,0.2109
Славко Јаневски,Илинка сончева свршеница - 8,2,студен,0.1905
Славко Јаневски,Илинка сончева свршеница - 8,3,зрак,0.1736
Славко Јаневски,Илинка сончева свршеница - 8,4,млад,0.1609
Славко Јаневски,Илинка сончева свршеница - 8,5,годеник,0.1577
Славко Јаневски,Илинка сончева свршеница - 8,6,изгине,0.1577
Славко Јаневски,Илинка сончева свршеница - 8,7,исплака,0.1577
Славко Јаневски,Илинка сончева свршеница - 8,8,мак.,0.1577
Славко Јаневски,Илинка сончева свршеница - 8,9,наниже,0.1577
Славко Јаневски,Илинка сончева свршеница - 8,10,огновит,0.1577
Славко Јаневски,Испраќала мајка чедо,1,донесе,0.3778
Славко Јаневски,Испраќала мајка чедо,2,барај,0.3316
Славко Јаневски,Испраќала мајка чедо,3,жито,0.2367
Славко Јаневски,Испраќала мајка чедо,4,мома,0.2326
Славко Јаневски,Испраќала мајка чедо,5,планина,0.1874
Славко Јаневски,Испраќала мајка чедо,6,убав,0.1852
Славко Јаневски,Испраќала мајка чедо,7,бурнов,0.1754
Славко Јаневски,Испраќала мајка чедо,8,гламјоса,0.1754
Славко Јаневски,Испраќала мајка чедо,9,пченичен,0.1754
Славко Јаневски,Испраќала мајка чедо,10,соколски,0.1754
Славко Јаневски,Калина,1,калина,0.288
Славко Јаневски,Калина,2,мома,0.2545
Славко Јаневски,Калина,3,леко,0.2338
Славко Јаневски,Калина,4,нечујно,0.2251
Славко Јаневски,Калина,5,нокта,0.192
Славко Јаневски,Калина,6,налета,0.1814
Славко Јаневски,Калина,7,русалка,0.1739
Славко Јаневски,Калина,8,девојко,0.1594
Славко Јаневски,Калина,9,трепетен,0.1453
Славко Јаневски,Калина,10,немирен,0.132
Славко Јаневски,Китајската,1,пее,0.2999
Славко Јаневски,Китајската,2,стих,0.2057
Славко Јаневски,Китајската,3,ноќа,0.1845
Славко Јаневски,Китајската,4,бије,0.1415
Славко Јаневски,Китајската,5,врела,0.1415
Славко Јаневски,Китајската,6,грстои,0.1415
Славко Јаневски,Китајската,7,залече,0.1415
Славко Јаневски,Китајската,8,китајци,0.1415
Славко Јаневски,Китајската,9,колектив,0.1415
Славко Јаневски,Китајската,10,мекалути,0.1415
Славко Јаневски,Мост,1,нога,0.3506
Славко Јаневски,Мост,2,стои,0.3265
Славко Јаневски,Мост,3,глава,0.2911
Славко Јаневски,Мост,4,непреминлив,0.2884
Славко Јаневски,Мост,5,сочини,0.2884
Славко Јаневски,Мост,6,напрега,0.2725
Славко Јаневски,Мост,7,темели,0.2725
Славко Јаневски,Мост,8,лак,0.2454
Славко Јаневски,Мост,9,потпира,0.2454
Славко Јаневски,Мост,10,стаса,0.207
Славко Јаневски,Ноќ пред Илинден,1,дедовец,0.2412
Славко Јаневски,Ноќ пред Илинден,2,празник,0.1911
Славко Јаневски,Ноќ пред Илинден,3,иде,0.1722
Славко Јаневски,Ноќ пред Илинден,4,лут,0.1684
Славко Јаневски,Ноќ пред Илинден,5,наш,0.1616
Славко Јаневски,Ноќ пред Илинден,6,спомен,0.1599
Славко Јаневски,Ноќ пред Илинден,7,твој,0.1499
Славко Јаневски,Ноќ пред Илинден,8,млад,0.1358
Славко Јаневски,Ноќ пред Илинден,9,августов,0.1331
Славко Јаневски,Ноќ пред Илинден,10,бојна,0.1331
Славко Јаневски,Осаменица,1,придружник,0.3997
Славко Јаневски,Осаменица,2,голтар,0.1998
Славко Јаневски,Осаменица,3,невратица,0.1998
Славко Јаневски,Осаменица,4,никита,0.1998
Славко Јаневски,Осаменица,5,пир,0.1998
Славко Јаневски,Осаменица,6,семожнику,0.1998
Славко Јаневски,Осаменица,7,сопнува,0.1998
Славко Јаневски,Осаменица,8,населува,0.1888
Славко Јаневски,Осаменица,9,господи,0.181
Славко Јаневски,Осаменица,10,повика,0.181
Славко Јаневски,Очи,1,попусто,0.308
Славко Јаневски,Очи,2,извор,0.2102
Славко Јаневски,Очи,3,солза,0.2042
Славко Јаневски,Очи,4,глоб,0.1935
Славко Јаневски,Очи,5,извртува,0.1935
Славко Јаневски,Очи,6,оклопи,0.1935
Славко Јаневски,Очи,7,прилегнат,0.1935
Славко Јаневски,Очи,8,светлопад,0.1935
Славко Јаневски,Очи,9,сокрвца,0.1935
Славко Јаневски,Очи,10,вселен,0.1829
Славко Јаневски,Песна на описменетиот бригадир,1,кубик,0.1806
Славко Јаневски,Песна на описменетиот бригадир,2,праго,0.1806
Славко Јаневски,Песна на описменетиот бригадир,3,јавор,0.1806
Славко Јаневски,Песна на описменетиот бригадир,4,види,0.1648
Славко Јаневски,Песна на описменетиот бригадир,5,младински,0.1636
Славко Јаневски,Песна на описменетиот бригадир,6,туѓ,0.1627
Славко Јаневски,Песна на описменетиот бригадир,7,мој,0.1477
Славко Јаневски,Песна на описменетиот бригадир,8,денески,0.1411
Славко Јаневски,Песна на описменетиот бригадир,9,ден,0.1393
Славко Јаневски,Песна на описменетиот бригадир,10,напише,0.1388
Славко Јаневски,Песна над мојата родина,1,борец,0.3381
Славко Јаневски,Песна над мојата родина,2,сек,0.2807
Славко Јаневски,Песна над мојата родина,3,галабе,0.2434
Славко Јаневски,Песна над мојата родина,4,наш,0.197
Славко Јаневски,Песна над мојата родина,5,денес,0.1628
Славко Јаневски,Песна над мојата родина,6,одново,0.1628
Славко Јаневски,Песна над мојата родина,7,оди,0.1229
Славко Јаневски,Песна над мојата родина,8,дугар,0.1217
Славко Јаневски,Песна над мојата родина,9,интернационала,0.1217
Славко Јаневски,Песна над мојата родина,10,коснат,0.1217
Славко Јаневски,Печалбарска,1,соколе,0.2206
Славко Јаневски,Печалбарска,2,америка,0.2044
Славко Јаневски,Печалбарска,3,земја,0.187
Славко Јаневски,Печалбарска,4,мисла,0.1793
Славко Јаневски,Печалбарска,5,писмо,0.1638
Славко Јаневски,Печалбарска,6,грее,0.159
Славко Јаневски,Печалбарска,7,мака,0.1335
Славко Јаневски,Печалбарска,8,радост,0.1227
Славко Јаневски,Печалбарска,9,мине,0.1178
Славко Јаневски,Печалбарска,10,души,0.1167
Славко Јаневски,"Планино, планино - 1",1,овчар,0.3782
Славко Јаневски,"Планино, планино - 1",2,пеел,0.3782
Славко Јаневски,"Планино, планино - 1",3,песна,0.2478
Славко Јаневски,"Планино, планино - 1",4,старино,0.2087
Славко Јаневски,"Планино, планино - 1",5,часој,0.2087
Славко Јаневски,"Планино, планино - 1",6,ајдучки,0.1972
Славко Јаневски,"Планино, планино - 1",7,неписмен,0.1972
Славко Јаневски,"Планино, планино - 1",8,класа,0.1891
Славко Јаневски,"Планино, планино - 1",9,опинец,0.1891
Славко Јаневски,"Планино, планино - 1",10,јачи,0.1891
Славко Јаневски,"Планино, планино - 2",1,пиринец,0.3716
Славко Јаневски,"Планино, планино - 2",2,јанев,0.3716
Славко Јаневски,"Планино, планино - 2",3,немирно,0.3511
Славко Јаневски,"Планино, планино - 2",4,зареди,0.3366
Славко Јаневски,"Планино, планино - 2",5,пирин,0.3017
Славко Јаневски,"Планино, планино - 2",6,плети,0.2904
Славко Јаневски,"Планино, планино - 2",7,тон,0.2904
Славко Јаневски,"Планино, планино - 2",8,чета,0.2637
Славко Јаневски,"Планино, планино - 2",9,тивко,0.2555
Славко Јаневски,"Планино, планино - 2",10,мек,0.2206
Славко Јаневски,"Планино, планино - 3",1,пирин,0.5335
Славко Јаневски,"Планино, планино - 3",2,банско,0.3285
Славко Јаневски,"Планино, планино - 3",3,леел,0.3285
Славко Јаневски,"Планино, планино - 3",4,пеел,0.2976
Славко Јаневски,"Планино, планино - 3",5,крилен,0.2667
Славко Јаневски,"Планино, планино - 3",6,диши,0.2568
Славко Јаневски,"Планино, планино - 3",7,горчлив,0.2487
Славко Јаневски,"Планино, планино - 3",8,бори,0.2418
Славко Јаневски,"Планино, планино - 3",9,поет,0.216
Славко Јаневски,"Планино, планино - 3",10,живее,0.1748
Славко Јаневски,"Планино, планино - 4",1,планино,0.3945
Славко Јаневски,"Планино, планино - 4",2,чуден,0.2736
Славко Јаневски,"Планино, планино - 4",3,срце,0.2577
Славко Јаневски,"Планино, планино - 4",4,секогаш,0.2418
Славко Јаневски,"Планино, планино - 4",5,депов,0.2318
Славко Јаневски,"Планино, планино - 4",6,пригрне,0.2318
Славко Јаневски,"Планино, планино - 4",7,мој,0.2275
Славко Јаневски,"Планино, планино - 4",8,протече,0.219
Славко Јаневски,"Планино, планино - 4",9,песнава,0.21
Славко Јаневски,"Планино, планино - 4",10,човешки,0.203
Славко Јаневски,Полноќна приказна,1,мајко,0.3976
Славко Јаневски,Полноќна приказна,2,шуми,0.308
Славко Јаневски,Полноќна приказна,3,борец,0.212
Славко Јаневски,Полноќна приказна,4,песна,0.161
Славко Јаневски,Полноќна приказна,5,зборој,0.1518
Славко Јаневски,Полноќна приказна,6,чека,0.1476
Славко Јаневски,Полноќна приказна,7,нива,0.1444
Славко Јаневски,Полноќна приказна,8,чедо,0.1444
Славко Јаневски,Полноќна приказна,9,праг,0.1428
Славко Јаневски,Полноќна приказна,10,борба,0.1399
Славко Јаневски,Порака,1,погледа,0.2734
Славко Јаневски,Порака,2,исплакуј,0.2245
Славко Јаневски,Порака,3,праша,0.2196
Славко Јаневски,Порака,4,невест,0.191
Славко Јаневски,Порака,5,наш,0.1817
Славко Јаневски,Порака,6,слета,0.1699
Славко Јаневски,Порака,7,село,0.1401
Славко Јаневски,Порака,8,куќа,0.1247
Славко Јаневски,Порака,9,око,0.1212
Славко Јаневски,Порака,10,син,0.1185
Славко Јаневски,Прва бразда,1,ајде,0.2739
Славко Јаневски,Прва бразда,2,шушка,0.2481
Славко Јаневски,Прва бразда,3,бразда,0.1923
Славко Јаневски,Прва бразда,4,поток,0.1923
Славко Јаневски,Прва бразда,5,нов,0.1855
Славко Јаневски,Прва бразда,6,село,0.1709
Славко Јаневски,Прва бразда,7,ајдете,0.1369
Славко Јаневски,Прва бразда,8,дланој,0.1369
Славко Јаневски,Прва бразда,9,дождница,0.1369
Славко Јаневски,Прва бразда,10,измило,0.1369
Славко Јаневски,Свадбарска песна,1,јано,0.396
Славко Јаневски,Свадбарска песна,2,сватој,0.287
Славко Јаневски,Свадбарска песна,3,село,0.2471
Славко Јаневски,Свадбарска песна,4,чека,0.2298
Славко Јаневски,Свадбарска песна,5,свадбен,0.1315
Славко Јаневски,Свадбарска песна,6,мој,0.1296
Славко Јаневски,Свадбарска песна,7,наш,0.1282
Славко Јаневски,Свадбарска песна,8,песна,0.1254
Славко Јаневски,Свадбарска песна,9,свадба,0.1182
Славко Јаневски,Свадбарска песна,10,злато,0.1151
Славко Јаневски,Сватовска,1,село,0.3813
Славко Јаневски,Сватовска,2,погач,0.231
Славко Јаневски,Сватовска,3,оро,0.1716
Славко Јаневски,Сватовска,4,бел,0.1561
Славко Јаневски,Сватовска,5,тежок,0.128
Славко Јаневски,Сватовска,6,виловит,0.1222
Славко Јаневски,Сватовска,7,двокатник,0.1222
Славко Јаневски,Сватовска,8,закитува,0.1222
Славко Јаневски,Сватовска,9,збрано,0.1222
Славко Јаневски,Сватовска,10,класој,0.1222
Славко Јаневски,Селанец,1,пат,0.1859
Славко Јаневски,Селанец,2,пречека,0.1826
Славко Јаневски,Селанец,3,синко,0.1826
Славко Јаневски,Селанец,4,наш,0.1688
Славко Јаневски,Селанец,5,старец,0.1535
Славко Јаневски,Селанец,6,негде,0.1463
Славко Јаневски,Селанец,7,влажен,0.1434
Славко Јаневски,Селанец,8,чад,0.1434
Славко Јаневски,Селанец,9,види,0.1427
Славко Јаневски,Селанец,10,младост,0.1267
Славко Јаневски,Сестрина љубов,1,чува,0.272
Славко Јаневски,Сестрина љубов,2,јасика,0.255
Славко Јаневски,Сестрина љубов,3,бисерница,0.1536
Славко Јаневски,Сестрина љубов,4,волчнца,0.1536
Славко Јаневски,Сестрина љубов,5,дваес,0.1536
Славко Јаневски,Сестрина љубов,6,дочуе,0.1536
Славко Јаневски,Сестрина љубов,7,змеје,0.1536
Славко Јаневски,Сестрина љубов,8,млечнолики,0.1536
Славко Јаневски,Сестрина љубов,9,мразница,0.1536
Славко Јаневски,Сестрина љубов,10,преградка,0.1536
Славко Јаневски,Срце,1,ветерен,0.2046
Славко Јаневски,Срце,2,исклешти,0.2046
Славко Јаневски,Срце,3,мелница,0.2046
Славко Јаневски,Срце,4,назоба,0.2046
Славко Јаневски,Срце,5,празниве,0.2046
Славко Јаневски,Срце,6,убедува,0.2046
Славко Јаневски,Срце,7,исплачи,0.1934
Славко Јаневски,Срце,8,легенда,0.1934
Славко Јаневски,Срце,9,ребра,0.1934
Славко Јаневски,Срце,10,сенка,0.1894
Славко Јаневски,Танчерка на дланка,1,дојде,0.2524
Славко Јаневски,Танчерка на дланка,2,небитник,0.2362
Славко Јаневски,Танчерка на дланка,3,мој,0.2319
Славко Јаневски,Танчерка на дланка,4,чека,0.2285
Славко Јаневски,Танчерка на дланка,5,безден,0.2232
Славко Јаневски,Танчерка на дланка,6,витоси,0.2232
Славко Јаневски,Танчерка на дланка,7,горење,0.214
Славко Јаневски,Танчерка на дланка,8,смеење,0.214
Славко Јаневски,Танчерка на дланка,9,разбранува,0.2069
Славко Јаневски,Танчерка на дланка,10,зглоб,0.201
Славко Јаневски,Твоја и моја земја - на Никола Јонков Вапцаров,1,вардар,0.2246
Славко Јаневски,Твоја и моја земја - на Никола Јонков Вапцаров,2,друм,0.2013
Славко Јаневски,Твоја и моја земја - на Никола Јонков Вапцаров,3,поет,0.163
Славко Јаневски,Твоја и моја земја - на Никола Јонков Вапцаров,4,вечер,0.1463
Славко Јаневски,Твоја и моја земја - на Никола Јонков Вапцаров,5,егеј,0.1447
Славко Јаневски,Твоја и моја земја - на Никола Јонков Вапцаров,6,долго,0.144
Славко Јаневски,Твоја и моја земја - на Никола Јонков Вапцаров,7,бел,0.1407
Славко Јаневски,Твоја и моја земја - на Никола Јонков Вапцаров,8,родина,0.1406
Славко Јаневски,Твоја и моја земја - на Никола Јонков Вапцаров,9,пирин,0.1342
Славко Јаневски,Твоја и моја земја - на Никола Јонков Вапцаров,10,земја,0.1324
Славко Јаневски,Тогаш ќе умре и љубовта,1,секир,0.3425
Славко Јаневски,Тогаш ќе умре и љубовта,2,брстат,0.1812
Славко Јаневски,Тогаш ќе умре и љубовта,3,владо,0.1812
Славко Јаневски,Тогаш ќе умре и љубовта,4,голеж,0.1812
Славко Јаневски,Тогаш ќе умре и љубовта,5,загребе,0.1812
Славко Јаневски,Тогаш ќе умре и љубовта,6,запцуе,0.1812
Славко Јаневски,Тогаш ќе умре и љубовта,7,исонча,0.1812
Славко Јаневски,Тогаш ќе умре и љубовта,8,мисир,0.1812
Славко Јаневски,Тогаш ќе умре и љубовта,9,налапа,0.1812
Славко Јаневски,Тогаш ќе умре и љубовта,10,пасе,0.1812
Славко Јаневски,Три неволји,1,неволја,0.3987
Славко Јаневски,Три неволји,2,оро,0.1853
Славко Јаневски,Три неволји,3,капидан,0.176
Славко Јаневски,Три неволји,4,мута,0.176
Славко Јаневски,Три неволји,5,лут,0.167
Славко Јаневски,Три неволји,6,извикува,0.1663
Славко Јаневски,Три неволји,7,китен,0.1541
Славко Јаневски,Три неволји,8,везе,0.1429
Славко Јаневски,Три неволји,9,дење,0.1332
Славко Јаневски,Три неволји,10,загине,0.1332
Славко Јаневски,Украина,1,девојко,0.3677
Славко Јаневски,Украина,2,колхоз,0.2392
Славко Јаневски,Украина,3,украина,0.1899
Славко Јаневски,Украина,4,украинка,0.1899
Славко Јаневски,Украина,5,зора,0.1549
Славко Јаневски,Украина,6,понесе,0.1437
Славко Јаневски,Украина,7,празник,0.1363
Славко Јаневски,Украина,8,жетварка,0.1266
Славко Јаневски,Украина,9,колхог,0.1266
Славко Јаневски,Украина,10,украинко,0.1266
Славко Јаневски,Цветови,1,слана,0.286
Славко Јаневски,Цветови,2,село,0.2392
Славко Јаневски,Цветови,3,вени,0.2315
Славко Јаневски,Цветови,4,закити,0.2315
Славко Јаневски,Цветови,5,тиквешко,0.2315
Славко Јаневски,Цветови,6,роза,0.2238
Славко Јаневски,Цветови,7,цва,0.2175
Славко Јаневски,Цветови,8,убие,0.2034
Славко Јаневски,Цветови,9,дете,0.1837
Славко Јаневски,Цветови,10,негде,0.1794
Славко Јаневски,Цветои,1,слана,0.2841
Славко Јаневски,Цветои,2,село,0.2376
Славко Јаневски,Цветои,3,вени,0.23
Славко Јаневски,Цветои,4,закити,0.23
Славко Јаневски,Цветои,5,тиквешко,0.23
Славко Јаневски,Цветои,6,роза,0.2223
Славко Јаневски,Цветои,7,цва,0.216
Славко Јаневски,Цветои,8,убие,0.2021
Славко Јаневски,Цветои,9,дете,0.1825
Славко Јаневски,Цветои,10,негде,0.1782
Славко Јаневски,Црна балада,1,црн,0.4768
Славко Јаневски,Црна балада,2,џими,0.411
Славко Јаневски,Црна балада,3,син,0.1627
Славко Јаневски,Црна балада,4,чедо,0.1458
Славко Јаневски,Црна балада,5,буден,0.133
Славко Јаневски,Црна балада,6,град,0.1045
Славко Јаневски,Црна балада,7,оди,0.1037
Славко Јаневски,Црна балада,8,безживотен,0.1028
Славко Јаневски,Црна балада,9,безодморен,0.1028
Славко Јаневски,Црна балада,10,безправник,0.1028
Славко Јаневски,Челник Пејо,1,чето,0.3793
Славко Јаневски,Челник Пејо,2,солза,0.3002
Славко Јаневски,Челник Пејо,3,чуе,0.2919
Славко Јаневски,Челник Пејо,4,лежи,0.283
Славко Јаневски,Челник Пејо,5,чуј,0.2491
Славко Јаневски,Челник Пејо,6,сабја,0.1509
Славко Јаневски,Челник Пејо,7,капи,0.1415
Славко Јаневски,Челник Пејо,8,борец,0.1317
Славко Јаневски,Челник Пејо,9,болен,0.1247
Славко Јаневски,Челник Пејо,10,гасне,0.1247
Славко Јаневски,Четирите,1,ајдучки,0.4094
Славко Јаневски,Четирите,2,оди,0.3645
Славко Јаневски,Четирите,3,зборува,0.2703
Славко Јаневски,Четирите,4,ајдук,0.2617
Славко Јаневски,Четирите,5,знаме,0.2006
Славко Јаневски,Четирите,6,ѕборува,0.1444
Славко Јаневски,Четирите,7,ајдучка,0.1365
Славко Јаневски,Четирите,8,кременка,0.1365
Славко Јаневски,Четирите,9,росница,0.1365
Славко Јаневски,Четирите,10,брез,0.1308
Тодор Чаловски,Јадро,1,јадро,0.25
Тодор Чаловски,Јадро,2,толку,0.1472
Тодор Чаловски,Јадро,3,баше,0.1469
Тодор Чаловски,Јадро,4,гибел,0.1469
Тодор Чаловски,Јадро,5,ков,0.1469
Тодор Чаловски,Јадро,6,надоброј,0.1469
Тодор Чаловски,Јадро,7,недооден,0.1469
Тодор Чаловски,Јадро,8,недосегнат,0.1469
Тодор Чаловски,Јадро,9,немеј,0.1469
Тодор Чаловски,Јадро,10,отнеме,0.1469
Тодор Чаловски,Јадрорез,1,вртоглава,0.1765
Тодор Чаловски,Јадрорез,2,меѓно,0.1765
Тодор Чаловски,Јадрорез,3,неузен,0.1765
Тодор Чаловски,Јадрорез,4,покрева,0.1765
Тодор Чаловски,Јадрорез,5,разжили,0.1765
Тодор Чаловски,Јадрорез,6,рез,0.1765
Тодор Чаловски,Јадрорез,7,стрелуши,0.1765
Тодор Чаловски,Јадрорез,8,заитан,0.1667
Тодор Чаловски,Јадрорез,9,насобран,0.1667
Тодор Чаловски,Јадрорез,10,несличност,0.1667
Тодор Чаловски,Бегство,1,виеж,0.1351
Тодор Чаловски,Бегство,2,истрајува,0.1351
Тодор Чаловски,Бегство,3,карцином,0.1351
Тодор Чаловски,Бегство,4,клок,0.1351
Тодор Чаловски,Бегство,5,крикнува,0.1351
Тодор Чаловски,Бегство,6,минарал,0.1351
Тодор Чаловски,Бегство,7,мрава,0.1351
Тодор Чаловски,Бегство,8,надмудри,0.1351
Тодор Чаловски,Бегство,9,неутронски,0.1351
Тодор Чаловски,Бегство,10,очигледен,0.1351
Тодор Чаловски,Благун,1,наш,0.202
Тодор Чаловски,Благун,2,бележиш,0.1248
Тодор Чаловски,Благун,3,брадаст,0.1248
Тодор Чаловски,Благун,4,гордеење,0.1248
Тодор Чаловски,Благун,5,длабиш,0.1248
Тодор Чаловски,Благун,6,засаден,0.1248
Тодор Чаловски,Благун,7,зафрленост,0.1248
Тодор Чаловски,Благун,8,инаетлив,0.1248
Тодор Чаловски,Благун,9,лажовна,0.1248
Тодор Чаловски,Благун,10,неутешност,0.1248
Тодор Чаловски,Дворење на зборот,1,молчење,0.2192
Тодор Чаловски,Дворење на зборот,2,предел,0.191
Тодор Чаловски,Дворење на зборот,3,пали,0.1738
Тодор Чаловски,Дворење на зборот,4,лежи,0.1674
Тодор Чаловски,Дворење на зборот,5,млад,0.1431
Тодор Чаловски,Дворење на зборот,6,ваби,0.1402
Тодор Чаловски,Дворење на зборот,7,волшебство,0.1402
Тодор Чаловски,Дворење на зборот,8,невозможност,0.1402
Тодор Чаловски,Дворење на зборот,9,недочуван,0.1402
Тодор Чаловски,Дворење на зборот,10,немерен,0.1402
Тодор Чаловски,Загледан низ прозорецот,1,из'рти,0.1462
Тодор Чаловски,Загледан низ прозорецот,2,изненадувачки,0.1462
Тодор Чаловски,Загледан низ прозорецот,3,лемна,0.1462
Тодор Чаловски,Загледан низ прозорецот,4,маскиран,0.1462
Тодор Чаловски,Загледан низ прозорецот,5,недосеглив,0.1462
Тодор Чаловски,Загледан низ прозорецот,6,непредвиден,0.1462
Тодор Чаловски,Загледан низ прозорецот,7,октомври,0.1462
Тодор Чаловски,Загледан низ прозорецот,8,оптика,0.1462
Тодор Чаловски,Загледан низ прозорецот,9,позеле,0.1462
Тодор Чаловски,Загледан низ прозорецот,10,понорно,0.1462
Тодор Чаловски,Запис,1,ткаење,0.3835
Тодор Чаловски,Запис,2,чекор,0.2263
Тодор Чаловски,Запис,3,миг,0.2057
Тодор Чаловски,Запис,4,блесна,0.1917
Тодор Чаловски,Запис,5,зрне,0.1917
Тодор Чаловски,Запис,6,посева,0.1917
Тодор Чаловски,Запис,7,рои,0.1917
Тодор Чаловски,Запис,8,роморно,0.1917
Тодор Чаловски,Запис,9,смело,0.1917
Тодор Чаловски,Запис,10,јадрина,0.1917
Тодор Чаловски,Играње сон,1,лесно,0.2192
Тодор Чаловски,Играње сон,2,бегум,0.1639
Тодор Чаловски,Играње сон,3,брежен,0.1639
Тодор Чаловски,Играње сон,4,израспаша,0.1639
Тодор Чаловски,Играње сон,5,испаде,0.1639
Тодор Чаловски,Играње сон,6,мноту,0.1639
Тодор Чаловски,Играње сон,7,питомо,0.1639
Тодор Чаловски,Играње сон,8,подгон,0.1639
Тодор Чаловски,Играње сон,9,противење,0.1639
Тодор Чаловски,Играње сон,10,ридон,0.1639
Тодор Чаловски,Искра,1,трае,0.1734
Тодор Чаловски,Искра,2,безгревно,0.1426
Тодор Чаловски,Искра,3,белил,0.1426
Тодор Чаловски,Искра,4,затекришум,0.1426
Тодор Чаловски,Искра,5,играли,0.1426
Тодор Чаловски,Искра,6,личба,0.1426
Тодор Чаловски,Искра,7,мернува,0.1426
Тодор Чаловски,Искра,8,необзорен,0.1426
Тодор Чаловски,Искра,9,одгрна,0.1426
Тодор Чаловски,Искра,10,подоткорен,0.1426
Тодор Чаловски,Коренот,1,свој,0.1769
Тодор Чаловски,Коренот,2,болте,0.1594
Тодор Чаловски,Коренот,3,вартикален,0.1594
Тодор Чаловски,Коренот,4,заветен,0.1594
Тодор Чаловски,Коренот,5,квадратура,0.1594
Тодор Чаловски,Коренот,6,напнат,0.1594
Тодор Чаловски,Коренот,7,ненамерник,0.1594
Тодор Чаловски,Коренот,8,непостоење,0.1594
Тодор Чаловски,Коренот,9,непоткуплив,0.1594
Тодор Чаловски,Коренот,10,номадство,0.1594
Тодор Чаловски,Кристалот на ослободената сенка,1,бара,0.2174
Тодор Чаловски,Кристалот на ослободената сенка,2,азил,0.146
Тодор Чаловски,Кристалот на ослободената сенка,3,вистин,0.146
Тодор Чаловски,Кристалот на ослободената сенка,4,внедри,0.146
Тодор Чаловски,Кристалот на ослободената сенка,5,заумен,0.146
Тодор Чаловски,Кристалот на ослободената сенка,6,знацн,0.146
Тодор Чаловски,Кристалот на ослободената сенка,7,конкретен,0.146
Тодор Чаловски,Кристалот на ослободената сенка,8,кристал,0.146
Тодор Чаловски,Кристалот на ослободената сенка,9,луловоки,0.146
Тодор Чаловски,Кристалот на ослободената сенка,10,одлетан,0.146
Тодор Чаловски,Куќата и недостатоците,1,долго,0.242
Тодор Чаловски,Куќата и недостатоците,2,мајсторт,0.2084
Тодор Чаловски,Куќата и недостатоците,3,негав,0.2084
Тодор Чаловски,Куќата и недостатоците,4,надмине,0.1969
Тодор Чаловски,Куќата и недостатоците,5,недостаток,0.1969
Тодор Чаловски,Куќата и недостатоците,6,поправа,0.1969
Тодор Чаловски,Куќата и недостатоците,7,преобрази,0.1969
Тодор Чаловски,Куќата и недостатоците,8,алат,0.1888
Тодор Чаловски,Куќата и недостатоците,9,проѕирност,0.1888
Тодор Чаловски,Куќата и недостатоците,10,стамен,0.1888
Тодор Чаловски,Лет во место,1,заврзе,0.2063
Тодор Чаловски,Лет во место,2,згинува,0.2063
Тодор Чаловски,Лет во место,3,копнежливо,0.2063
Тодор Чаловски,Лет во место,4,минимум,0.2063
Тодор Чаловски,Лет во место,5,поднавален,0.2063
Тодор Чаловски,Лет во место,6,потрупа,0.2063
Тодор Чаловски,Лет во место,7,сфатка,0.2063
Тодор Чаловски,Лет во место,8,ткаел,0.2063
Тодор Чаловски,Лет во место,9,насети,0.195
Тодор Чаловски,Лет во место,10,презира,0.195
Тодор Чаловски,Монолог на староседелецот,1,мусандра,0.2135
Тодор Чаловски,Монолог на староседелецот,2,мерак,0.1616
Тодор Чаловски,Монолог на староседелецот,3,човека,0.1156
Тодор Чаловски,Монолог на староседелецот,4,та,0.1077
Тодор Чаловски,Монолог на староседелецот,5,посака,0.1034
Тодор Чаловски,Монолог на староседелецот,6,умре,0.0921
Тодор Чаловски,Монолог на староседелецот,7,фати,0.0876
Тодор Чаловски,Монолог на староседелецот,8,дом,0.086
Тодор Чаловски,Монолог на староседелецот,9,сети,0.0836
Тодор Чаловски,Монолог на староседелецот,10,отвори,0.0818
Тодор Чаловски,Мраморани,1,блеснат,0.1363
Тодор Чаловски,Мраморани,2,божилачна,0.1363
Тодор Чаловски,Мраморани,3,ветроказ,0.1363
Тодор Чаловски,Мраморани,4,даг,0.1363
Тодор Чаловски,Мраморани,5,далдисан,0.1363
Тодор Чаловски,Мраморани,6,жегне,0.1363
Тодор Чаловски,Мраморани,7,из'ртува,0.1363
Тодор Чаловски,Мраморани,8,коб,0.1363
Тодор Чаловски,Мраморани,9,кресне,0.1363
Тодор Чаловски,Мраморани,10,мраморно,0.1363
Тодор Чаловски,Оддалеку,1,наш,0.2488
Тодор Чаловски,Оддалеку,2,сѐ,0.2021
Тодор Чаловски,Оддалеку,3,волчја,0.1537
Тодор Чаловски,Оддалеку,4,неизлечлив,0.1537
Тодор Чаловски,Оддалеку,5,озабаност,0.1537
Тодор Чаловски,Оддалеку,6,отпишан,0.1537
Тодор Чаловски,Оддалеку,7,отсонуван,0.1537
Тодор Чаловски,Оддалеку,8,подаден,0.1537
Тодор Чаловски,Оддалеку,9,покуд,0.1537
Тодор Чаловски,Оддалеку,10,самогласен,0.1537
Тодор Чаловски,Прелага со животот,1,безгрешен,0.1453
Тодор Чаловски,Прелага со животот,2,закоренување,0.1453
Тодор Чаловски,Прелага со животот,3,насетување,0.1453
Тодор Чаловски,Прелага со животот,4,отпретан,0.1453
Тодор Чаловски,Прелага со животот,5,отстапување,0.1453
Тодор Чаловски,Прелага со животот,6,прецутување,0.1453
Тодор Чаловски,Прелага со животот,7,разбушавен,0.1453
Тодор Чаловски,Прелага со животот,8,разластари,0.1453
Тодор Чаловски,Прелага со животот,9,странпата,0.1453
Тодор Чаловски,Прелага со животот,10,жарта,0.1373
Тодор Чаловски,Радика,1,бистрее,0.1547
Тодор Чаловски,Радика,2,вдахновеност,0.1547
Тодор Чаловски,Радика,3,вертикално,0.1547
Тодор Чаловски,Радика,4,единственост,0.1547
Тодор Чаловски,Радика,5,калесен,0.1547
Тодор Чаловски,Радика,6,наѕира,0.1547
Тодор Чаловски,Радика,7,непогрешно,0.1547
Тодор Чаловски,Радика,8,пастрмка,0.1547
Тодор Чаловски,Радика,9,плиснува,0.1547
Тодор Чаловски,Радика,10,потскок,0.1547
Тодор Чаловски,Рани утра,1,опточен,0.1797
Тодор Чаловски,Рани утра,2,плодви,0.1797
Тодор Чаловски,Рани утра,3,протегнат,0.1797
Тодор Чаловски,Рани утра,4,развихрување,0.1797
Тодор Чаловски,Рани утра,5,стриливо,0.1797
Тодор Чаловски,Рани утра,6,довикува,0.1698
Тодор Чаловски,Рани утра,7,заличи,0.1698
Тодор Чаловски,Рани утра,8,пресрет,0.1698
Тодор Чаловски,Рани утра,9,расцветува,0.1698
Тодор Чаловски,Рани утра,10,голем,0.1673
Тодор Чаловски,Раните будења на мајка ми,1,заран,0.1525
Тодор Чаловски,Раните будења на мајка ми,2,здржува,0.1525
Тодор Чаловски,Раните будења на мајка ми,3,измела,0.1525
Тодор Чаловски,Раните будења на мајка ми,4,крепка,0.1525
Тодор Чаловски,Раните будења на мајка ми,5,неспокај,0.1525
Тодор Чаловски,Раните будења на мајка ми,6,охрабар,0.1525
Тодор Чаловски,Раните будења на мајка ми,7,паќно,0.1525
Тодор Чаловски,Раните будења на мајка ми,8,побог,0.1525
Тодор Чаловски,Раните будења на мајка ми,9,потреперува,0.1525
Тодор Чаловски,Раните будења на мајка ми,10,поту,0.1525
Тодор Чаловски,Сам. Планина околу мене,1,сам,0.2872
Тодор Чаловски,Сам. Планина околу мене,2,небид,0.2499
Тодор Чаловски,Сам. Планина околу мене,3,неизуст,0.2499
Тодор Чаловски,Сам. Планина околу мене,4,планинее,0.2499
Тодор Чаловски,Сам. Планина околу мене,5,поснопица,0.2499
Тодор Чаловски,Сам. Планина околу мене,6,свишен,0.2499
Тодор Чаловски,Сам. Планина околу мене,7,стоглав,0.2499
Тодор Чаловски,Сам. Планина околу мене,8,стравот-тврди,0.2499
Тодор Чаловски,Сам. Планина околу мене,9,раскрилен,0.2264
Тодор Чаловски,Сам. Планина околу мене,10,бегство,0.2188
Тодор Чаловски,Смоква,1,стиснат,0.2379
Тодор Чаловски,Смоква,2,зелен,0.1785
Тодор Чаловски,Смоква,3,бодрее,0.1494
Тодор Чаловски,Смоква,4,болтее,0.1494
Тодор Чаловски,Смоква,5,верб,0.1494
Тодор Чаловски,Смоква,6,доизмери,0.1494
Тодор Чаловски,Смоква,7,заврзан,0.1494
Тодор Чаловски,Смоква,8,задумане,0.1494
Тодор Чаловски,Смоква,9,изобилно,0.1494
Тодор Чаловски,Смоква,10,неверба,0.1494
Тодор Чаловски,Страста,1,дака,0.1942
Тодор Чаловски,Страста,2,говор,0.1211
Тодор Чаловски,Страста,3,свој,0.1078
Тодор Чаловски,Страста,4,вражен,0.0971
Тодор Чаловски,Страста,5,грабливост,0.0971
Тодор Чаловски,Страста,6,дадо,0.0971
Тодор Чаловски,Страста,7,двоума,0.0971
Тодор Чаловски,Страста,8,дизгин,0.0971
Тодор Чаловски,Страста,9,замаец,0.0971
Тодор Чаловски,Страста,10,засекливо,0.0971
Тодор Чаловски,Стреи,1,вознемира,0.1536
Тодор Чаловски,Стреи,2,гацка,0.1536
Тодор Чаловски,Стреи,3,затскрива,0.1536
Тодор Чаловски,Стреи,4,изнагазил,0.1536
Тодор Чаловски,Стреи,5,капавица,0.1536
Тодор Чаловски,Стреи,6,надвишила,0.1536
Тодор Чаловски,Стреи,7,недопир,0.1536
Тодор Чаловски,Стреи,8,несекнат,0.1536
Тодор Чаловски,Стреи,9,поимлив,0.1536
Тодор Чаловски,Стреи,10,потешки,0.1536
Тодор Чаловски,Тајните на езерото,1,боливач,0.1492
Тодор Чаловски,Тајните на езерото,2,вангел,0.1492
Тодор Чаловски,Тајните на езерото,3,гладун,0.1492
Тодор Чаловски,Тајните на езерото,4,засводен,0.1492
Тодор Чаловски,Тајните на езерото,5,леит,0.1492
Тодор Чаловски,Тајните на езерото,6,наумовски,0.1492
Тодор Чаловски,Тајните на езерото,7,нурнува,0.1492
Тодор Чаловски,Тајните на езерото,8,оплоден,0.1492
Тодор Чаловски,Тајните на езерото,9,предалеку,0.1492
Тодор Чаловски,Тајните на езерото,10,синка,0.1492
Тодор Чаловски,Ткаење,1,чудеса,0.2435
Тодор Чаловски,Ткаење,2,облик,0.1739
Тодор Чаловски,Ткаење,3,нивен,0.135
Тодор Чаловски,Ткаење,4,брдило,0.1289
Тодор Чаловски,Ткаење,5,вденува,0.1289
Тодор Чаловски,Ткаење,6,гален,0.1289
Тодор Чаловски,Ткаење,7,големее,0.1289
Тодор Чаловски,Ткаење,8,извесност,0.1289
Тодор Чаловски,Ткаење,9,израмни,0.1289
Тодор Чаловски,Ткаење,10,итро,0.1289
Тодор Чаловски,Тонивода,1,твој,0.209
Тодор Чаловски,Тонивода,2,наш,0.1803
Тодор Чаловски,Тонивода,3,свој,0.1648
Тодор Чаловски,Тонивода,4,молк,0.1532
Тодор Чаловски,Тонивода,5,брег,0.1255
Тодор Чаловски,Тонивода,6,брега,0.1114
Тодор Чаловски,Тонивода,7,бушави,0.1114
Тодор Чаловски,Тонивода,8,ветан,0.1114
Тодор Чаловски,Тонивода,9,видува,0.1114
Тодор Чаловски,Тонивода,10,врежен,0.1114
Тодор Чаловски,Убав ден,1,арслани,0.1794
Тодор Чаловски,Убав ден,2,досегне,0.1794
Тодор Чаловски,Убав ден,3,жегнат,0.1794
Тодор Чаловски,Убав ден,4,кале,0.1794
Тодор Чаловски,Убав ден,5,леши,0.1794
Тодор Чаловски,Убав ден,6,обѕидува,0.1794
Тодор Чаловски,Убав ден,7,претовар,0.1794
Тодор Чаловски,Убав ден,8,претчувствено,0.1794
Тодор Чаловски,Убав ден,9,разгаленост,0.1794
Тодор Чаловски,Убав ден,10,стемнување,0.1794
Тодор Чаловски,Упија,1,долго,0.2095
Тодор Чаловски,Упија,2,белено,0.1804
Тодор Чаловски,Упија,3,борина,0.1804
Тодор Чаловски,Упија,4,гргори,0.1804
Тодор Чаловски,Упија,5,дулка,0.1804
Тодор Чаловски,Упија,6,игралит,0.1804
Тодор Чаловски,Упија,7,провреме,0.1804
Тодор Чаловски,Упија,8,ума,0.1804
Тодор Чаловски,Упија,9,упива,0.1804
Тодор Чаловски,Упија,10,галичник,0.1705
Тодор Чаловски,ЦВЕЌЕ НА ТРАГАТА,1,моие,0.3003
Тодор Чаловски,ЦВЕЌЕ НА ТРАГАТА,2,долетав,0.1809
Тодор Чаловски,ЦВЕЌЕ НА ТРАГАТА,3,заболстува,0.1809
Тодор Чаловски,ЦВЕЌЕ НА ТРАГАТА,4,изучен,0.1809
Тодор Чаловски,ЦВЕЌЕ НА ТРАГАТА,5,очтост,0.1809
Тодор Чаловски,ЦВЕЌЕ НА ТРАГАТА,6,тлеел,0.1809
Тодор Чаловски,ЦВЕЌЕ НА ТРАГАТА,7,трава,0.1809
Тодор Чаловски,ЦВЕЌЕ НА ТРАГАТА,8,тука,0.1807
Тодор Чаловски,ЦВЕЌЕ НА ТРАГАТА,9,вилне,0.1709
Тодор Чаловски,ЦВЕЌЕ НА ТРАГАТА,10,возвишен,0.1709
Тодор Чаловски,Шаховско утро,1,табла,0.2818
Тодор Чаловски,Шаховско утро,2,фигура,0.1741
Тодор Чаловски,Шаховско утро,3,молчи,0.1267
Тодор Чаловски,Шаховско утро,4,безизлез,0.0994
Тодор Чаловски,Шаховско утро,5,вкрсти,0.0994
Тодор Чаловски,Шаховско утро,6,втерува,0.0994
Тодор Чаловски,Шаховско утро,7,довчерашен,0.0994
Тодор Чаловски,Шаховско утро,8,долетан,0.0994
Тодор Чаловски,Шаховско утро,9,другему,0.0994
Тодор Чаловски,Шаховско утро,10,играч,0.0994
