reason,word,lemma,pos,correction,lemma_fix,scope,xpos,detail,author,song_title,context
bad_lemma,infinitum-от,infinitum,PROPN,,,,Npmsny,lemma 'infinitum',Богомил Ѓузел,"Лондон, Нова година 1965","ad infinitum-от на нашите дни ,"
lowercase_propn,guerido,guerido,PROPN,,,,Npfsnn,,Ристо Лазаров,ГАРДЕЛ,mi Buenos aires guerido
lowercase_propn,ice,ice,PROPN,,,,Npmsnn,,Богомил Ѓузел,VI,од кајшто ice позајмени или да се остават на пат
lowercase_propn,infinitum-от,infinitum,PROPN,,,,Npmsny,,Богомил Ѓузел,"Лондон, Нова година 1965","ad infinitum-от на нашите дни ,"
lowercase_propn,агон,агон,PROPN,,,,Npmsnn,,Катица Ќулавкова,Ода на македонскиот јазик,"Во тебе огнот не е само огон , ни агон"
lowercase_propn,аирес,аирес,PROPN,,,,Npmsnn,,Ристо Лазаров,КАФЕ ТОРТОНИ,не бил ни во буенос аирес
lowercase_propn,аирес,аирес,PROPN,,,,Npmsnn,,Ристо Лазаров,ЕВИТА,добрите ветрови на буенос аирес
lowercase_propn,аирес,аирес,PROPN,,,,Npmsnn,,Ристо Лазаров,ЕВИТА,под националната библиотека во буенос аирес
lowercase_propn,аирес,аирес,PROPN,,,,Npmsnn,,Ристо Лазаров,ГАРДЕЛ,денес кај пазарот абасто во буенос аирес
lowercase_propn,аирес,аирес,PROPN,,,,Npmsnn,,Ристо Лазаров,БОРХЕС,со полни зимбили мечтаења за буенос аирес
lowercase_propn,алберт,Алберт,PROPN,,,,Npmsnn,,Ристо Лазаров,КАФЕ ТОРТОНИ,нема да ја разбере радоста на алберт ајнштајн
lowercase_propn,амор,амор,PROPN,,,,Npmsnn,,Катица Ќулавкова,VIA LASCIVA  5.,на амор морите
lowercase_propn,амстердам,амстердам,PROPN,,,,Npmsnn,,Ристо Лазаров,ОТАДЕ ВРЕМЕТО,разгледница до гоце смилевски од амстердам
lowercase_propn,амфора,амфора,PROPN,,,,Npmsnn,,Богомил Ѓузел,IX,- парчето амфора исплакнато
lowercase_propn,анапест,анапест,PROPN,,,,I,,Пијан Славеј,НЕСОНИЦА,Трохеј – дактил или јамб – анапест
lowercase_propn,анте,анте,PROPN,,,,Npmsnn,,Ристо Лазаров,ТРАГАЧ ПО СВЕТЛИНАТА,на анте поповски
lowercase_propn,ар,ар,PROPN,,,,Npmsnn,,Славко Јаневски,Зоја - 4,3 ар една московска мајка испрати чедо во бојот ?
lowercase_propn,асадо-асадито,асадо-асадито,PROPN,,,,Q-s,,Ристо Лазаров,КАМИНИТО,наште срце асадо-асадито
lowercase_propn,ахил,ахил,PROPN,,,,Npmsnn,,Ристо Лазаров,ОДНОВО И ОДНОВО,ахил останува сам крај зелената чоја
lowercase_propn,ајнштајн,Ајнштајн,PROPN,,,,Npmsnn,,Ристо Лазаров,КАФЕ ТОРТОНИ,нема да ја разбере радоста на алберт ајнштајн
lowercase_propn,барјаци,барјаци,PROPN,,,,Npmsnn,,Адем Гајтани,Рибите од Бохињ,барјаци извишени се боровите наоколу
lowercase_propn,бока,бока,PROPN,,,,Npmsnn,,Ристо Лазаров,КАМИНИТО,бока бока грловито
lowercase_propn,бока,бока,PROPN,,,,Npmsnn,,Ристо Лазаров,КАМИНИТО,бока бока грловито
lowercase_propn,борхес,борхес,PROPN,,,,Npmsnn,,Ристо Лазаров,АВЕНИЈА КОРИЕНТАС,во која борхес тврдоглаво му објаснува на орхан памук
lowercase_propn,борхес,борхес,PROPN,,,,Npmsnn,,Ристо Лазаров,КАФЕ ТОРТОНИ,што борхес нечујно ги пее на увце
lowercase_propn,брегу,брегу,PROPN,,,,Npmsnn,,Адем Гајтани,Рибите од Бохињ,"брегу , следната која ќе биде ?"
lowercase_propn,брест,брест,PROPN,,,,Npmsnn,,Блаже Конески,ПЕПЕЛАШКА,"на брест ,"
lowercase_propn,брут,брут,PROPN,,,,Npmsnn,,Бранко Цветкоски,СЕВЕРЕН ТАНЦ 7. (6),На резето се спушта брут
lowercase_propn,буенос,буенос,PROPN,,,,Npnsnn,,Ристо Лазаров,ЕВИТА,добрите ветрови на буенос аирес
lowercase_propn,буенос,буенос,PROPN,,,,Npmsnn,,Ристо Лазаров,ЕВИТА,под националната библиотека во буенос аирес
lowercase_propn,буенос,буенос,PROPN,,,,Npnsnn,,Ристо Лазаров,ГАРДЕЛ,денес кај пазарот абасто во буенос аирес
lowercase_propn,ван,ван,PROPN,,,,Npmsnn,,Ристо Лазаров,ЦРВЕНА ВРАТА,над сончогледите на ван гог .
lowercase_propn,велестово,велестово,PROPN,,,,Npnsnn,,Ефтим Клетников,псалм,малата црква во велестово
lowercase_propn,влатко,влатко,PROPN,,,,Npmsnn,,Ристо Лазаров,ТРОЦВЕТ,"влатко стефановски ,"
lowercase_propn,вража,вража,PROPN,,,,I,,Влада Урошевиќ,ЗИМСКА ПЕСНА,слушај како дрвото во темнината вража
lowercase_propn,врвицо,врвицо,PROPN,,,,I,,Матеја Матевски,Дождови,Однеси ме низ овој дожд ти врвицо
lowercase_propn,вртолун,вртолун,PROPN,,,,Npmsnn,,Катица Ќулавкова,ЦРНА МЕСЕЧИНА,"вртолун , бела ноќ"
lowercase_propn,втори,втор,PROPN,,,,Npmsnn,,Блаже Конески,МАТУРАНТИ,"Нова младост нашата ја втори ,"
lowercase_propn,втори,втор,PROPN,,,,Npmsnn,,Ристо Лазаров,ЕВИТА,евита и папата јован павле втори сега се бронзени соседи
lowercase_propn,гази,гази,PROPN,,,,Npmsnn,,Славко Јаневски,3имна приказна,"в планина , џинот гази , рспрснал бели стада ,"
lowercase_propn,гази,гази,PROPN,,,,Npmsnn,,Богомил Ѓузел,VIII,гази .
lowercase_propn,гази,гази,PROPN,,,,Npmsnn,,Блаже Конески,НА ГРАНИЦА,"Житјата ги крвник гази ,"
lowercase_propn,галиба,галиба,PROPN,,,,Q-s,,Ристо Лазаров,ГРОБИШТАТА РЕКОЛЕТА,толку погорделиви стануваат галиба
lowercase_propn,гарсија,гарсија,PROPN,,,,Npfsnn,,Ристо Лазаров,КАФЕ ТОРТОНИ,нема да види како фредерико гарсија лорка
lowercase_propn,георги,георги,PROPN,,,,Npmsnn,,Ристо Лазаров,ГАЛИЧИЦА,на георги старделов
lowercase_propn,гог,гог,PROPN,,,,Npmsnn,,Ристо Лазаров,ЦРВЕНА ВРАТА,над сончогледите на ван гог .
lowercase_propn,гомномразец,гомномразец,PROPN,,,,Q-c,,Пијан Славеј,ЧУВАЈ СЕ,чувај се од свињата што глуми гомномразец
lowercase_propn,горкорек,горкорек,PROPN,,,,I,,Гане Тодоровски,Македонски јазик,"за Мисирков брег нестигнат , грч горкорек"
lowercase_propn,гоце,гоце,PROPN,,,,Npmsnn,,Ристо Лазаров,ОТАДЕ ВРЕМЕТО,разгледница до гоце смилевски од амстердам
lowercase_propn,гра,гра,PROPN,,,,Npnsnn,,Матеја Матевски,Прогонети од рајот,Толку е тешко и стравливо и заморно ова гра -
lowercase_propn,грбно,грбно,PROPN,,,,Npnsnn,,Пијан Славеј,СРНА НА ПАТОТ,на топлиот капак летаме грбно
lowercase_propn,гревои,гревои,PROPN,,,,Npmsnn,,Ристо Лазаров,ГРЕШНИК,збунет ангел гревои бери
lowercase_propn,грловито,грловито,PROPN,,,,Q-s,,Ристо Лазаров,КАМИНИТО,бока бока грловито
lowercase_propn,грмеж,грмеж,PROPN,,,,Npmsnn,,Милош Линдро,Словото-знак на синот,Ќе се затресат со грмеж
lowercase_propn,гром,гром,PROPN,,,,Npmsnn,,Петре М. Андреевски,Ко да беше лани,кој гром ги отвора твоите горни гори
lowercase_propn,гром,гром,PROPN,,,,Npmsnn,,Богомил Ѓузел,VII,гром
lowercase_propn,грчев,грчев,PROPN,,,,Npmsnn,,Пијан Славеј,СТРАНЦИ ВО НОЌТА,"ако прв заспав , сигурно и грчев"
lowercase_propn,грчови,грчови,PROPN,,,,Npfsnn,,Адем Гајтани,Удавената,ти мавташе со рацете во грчови
lowercase_propn,гувее,гувее,PROPN,,,,Npmsnn,,Адем Гајтани,Рим,гувее остарува
lowercase_propn,д'тка,д'тка,PROPN,,,,Q-s,,Влада Урошевиќ,Привлекување,Лази некој наоколу и на неразбирлив јазик д'тка
lowercase_propn,дака,дака,PROPN,,,,Npmsnn,,Тодор Чаловски,Страста,"тате ни кажа дака пркнува полека , молкум"
lowercase_propn,дален,дален,PROPN,,,,Q-c,,Блаже Конески,6.,Го думам арно во спомен дален
lowercase_propn,дамар,дамар,PROPN,,,,Npmsnn,,Ристо Лазаров,МУЗА,дамар во дамар
lowercase_propn,дамар,дамар,PROPN,,,,Npmsnn,,Ристо Лазаров,МУЗА,дамар во дамар
lowercase_propn,дворој,дворој,PROPN,,,,Q-s,,Славко Јаневски,Ајдучка легенда,седма вечер в челникови дворој
lowercase_propn,деда,деда,PROPN,,,,Npmsnn,,Кочо Рацин,Копачите,На деда Богомил
lowercase_propn,деда,деда,PROPN,,,,Npmsnn,,Гане Тодоровски,Македонски јазик,"За деда Цепенко виделина низ опак век ,"
lowercase_propn,деда,деда,PROPN,,,,Npmsnn,,Пијан Славеј,КАЈ ЌЕ ОДИ СЕТО ТОА САКАЊЕ,"од татка и мајка , баба и деда"
lowercase_propn,деспина,деспина,PROPN,,,,Npfsnn,,Ристо Лазаров,ЖОРНОУТРО,деспина тресе килими од ѕвезди
lowercase_propn,детено,детено,PROPN,,,,Q-s,,Ацо Шопов,Лист,"Мислејќи дека е жолта пеперуга , детено"
lowercase_propn,дизгин,дизгин,PROPN,,,,Npmsnn,,Тодор Чаловски,Страста,на плипотот дизгин скришно му отпушта
lowercase_propn,дими,дими,PROPN,,,,Npfsnn,,Кочо Рацин,Утрото над нас,По тија пот се човечка дими
lowercase_propn,добромисленик,добромисленик,PROPN,,,,Npmsnn,,Бранко Цветкоски,СЕВЕРЕН ТАНЦ 7. (6),Гавранот добромисленик
lowercase_propn,довек,довек,PROPN,,,,Q-s,,Ацо Шопов,Небиднина,со која се болува довек
lowercase_propn,довек,довек,PROPN,,,,Q-s,,Тодор Чаловски,Страста,Дадо нѐ учаше да ја филизиме довек
lowercase_propn,довека,довека,PROPN,,,,Q-s,,Богомил Ѓузел,Х,светлината однатре го гребе мраморот довека
lowercase_propn,довик,довик,PROPN,,,,Npmsnn,,Тодор Чаловски,Јадрорез,и резови сеќава низ довик
lowercase_propn,домино,домино,PROPN,,,,Npmsnn,,Ристо Лазаров,КАФЕ ТОРТОНИ,по победата на првенството во домино
lowercase_propn,дорија,дорија,PROPN,,,,Npfsnn,,Славко Јаневски,Илинка сончева свршеница - 3,на дорија крилен од планина слета
lowercase_propn,дорогу,дорогу,PROPN,,,,Npfsnn,,Гане Тодоровски,Зимска прикаска,„ Выхожу один я на дорогу
lowercase_propn,дошто,дошто,PROPN,,,,Npmsnn,,Петре М. Андреевски,НА ГРОБОТ ОД ДЕНИЦИЈА,"Дошто сретнав залез , дошто пресеков лубеница"
lowercase_propn,дудуци,дудуци,PROPN,,,,Npmsnn,,Гане Тодоровски,Нашинска (III),Итромани дудуци лесноверци
lowercase_propn,дума,дума,PROPN,,,,Npfsnn,,Кочо Рацин,Балада за непознатиот,дума врз дума чемерна : –
lowercase_propn,дума,дума,PROPN,,,,Npfsnn,,Кочо Рацин,Балада за непознатиот,дума врз дума чемерна : –
lowercase_propn,дурум,дурум,PROPN,,,,Q-s,,Пијан Славеј,АЈАХУАСКА,под сводот палатум дурум
lowercase_propn,душо,душо,PROPN,,,,I,,Катица Ќулавкова,АДАЏО: ТРЕВОГА,душо
lowercase_propn,евита,евита,PROPN,,,,Npfsnn,,Ристо Лазаров,ЕВИТА,евита и папата јован павле втори сега се бронзени соседи
lowercase_propn,еге,еге,PROPN,,,,Npmsnn,,Блаже Конески,Планина,"со еге би го стругал ,"
lowercase_propn,едишто,едишто,PROPN,,,,Q-s,,Петре М. Андреевски,Како ќе го најдеш Ристо Шишков,И кажи му дека едикоиси за едишто
lowercase_propn,ел,ел,PROPN,,,,Npmsnn,,Ристо Лазаров,ГАРДЕЛ,на ел тенбросо с # уште се вкрстуваат
lowercase_propn,елен,елен,PROPN,,,,Npmsnn,,Ефтим Клетников,Јавач во полноќта - 2,и скока елен темнозелен
lowercase_propn,еп,еп,PROPN,,,,Npmsnn,,Пијан Славеј,НЕСОНИЦА,За кучешки живот гневен кучешки еп
lowercase_propn,жив-отец,жив-отец,PROPN,,,,Y,,Катица Ќулавкова,ЦРНА МЕСЕЧИНА,"три дена трикрак , троглав жив-отец"
lowercase_propn,жива-вода,жива-вода,PROPN,,,,Npmsnn,,Пијан Славеј,ПЛЕСОК,"жива-вода , забревтани"
lowercase_propn,з-рак,з-рак,PROPN,,,,Q-s,,Катица Ќулавкова,ГОСПОДАР,"да вдишувам воз-дух , з-рак"
lowercase_propn,запал,запал,PROPN,,,,Npfsnn,,Славко Јаневски,Зоја - 4,кон запал
lowercase_propn,заум,заум,PROPN,,,,I,,Тодор Чаловски,Страста,да нѐ фркнува в душа како ветровит заум
lowercase_propn,здивевте,здивевте,PROPN,,,,Q-s,,Катица Ќулавкова,МРАВКИ,здивевте
lowercase_propn,зенон,зенон,PROPN,,,,Npmsnn,,Ристо Лазаров,ОТАДЕ ВРЕМЕТО,која весело му одмавнува на зенон
lowercase_propn,зинат,зинат,PROPN,,,,Q-s,,Блаже Конески,ТЕШКОТО,Кој збор ќе ми најде за ужасот зинат
lowercase_propn,злорад,злорад,PROPN,,,,Q-s,,Блаже Конески,СОНЧЕВА КОЛОНА,Здивен и злорад
lowercase_propn,зора,зора,PROPN,,,,Npfsnn,,Кочо Рацин,Елегии за тебе,таму зора црвенее –
lowercase_propn,зора,зора,PROPN,,,,Npfsnn,,Славко Јаневски,Ноќ пред Илинден,Августова зора
lowercase_propn,зора,зора,PROPN,,,,Npfsnn,,Славко Јаневски,Украина,"над колхозот минат , ги понела зора ,"
lowercase_propn,зора,зора,PROPN,,,,Npfsnn,,Славко Јаневски,Украина,"русолика зора пак утре ќе пламне ,"
lowercase_propn,ибраим,ибраим,PROPN,,,,Npmsnn,,Ристо Лазаров,ЛАВЕЈ ВО ЛАЧЕНИ ЧЕВЛИ,на ибраим ферер
lowercase_propn,иден,иден,PROPN,,,,Npmsnn,,Веле Смилевски,Одаите на книгата,Одаите се говор пред одговорот иден
lowercase_propn,изгниј,изгниј,PROPN,,,,Q-s,,Пијан Славеј,ЈАБОЛЧЕ,"падни долу , изгниј"
lowercase_propn,изгрев,изгрев,PROPN,,,,Npmsnn,,Адем Гајтани,Автомобилот,главата на изгрев
lowercase_propn,изгрев,изгрев,PROPN,,,,Npmsnn,,Блаже Конески,СОНЧЕВА КОЛОНА,пред румен изгрев
lowercase_propn,ио,ио,PROPN,,,,Npmsnn,,Блаже Конески,Ружа,"е усамен , безнадежен ; ио тој е сепак реалност ,"
lowercase_propn,исус,исус,PROPN,,,,,,Ефтим Клетников,есеј : голгота,"распнатиот исус , кој и самиот е зрнце песок му"
lowercase_propn,исус,исус,PROPN,,,,Npmsnn,,Ристо Лазаров,РАСПЕТИЕ,двапати му намигнува на исус .
lowercase_propn,ите,ите,PROPN,,,,Npmsnn,,Петре М. Андреевски,Летно пладне,Се издолжувам меѓу ите
lowercase_propn,калеши,калеши,PROPN,,,,Npmsnn,,Блаже Конески,ТЕШКОТО,"од калеши моми и невести ред ,"
lowercase_propn,каминнто,каминнто,PROPN,,,,Q-s,,Ристо Лазаров,КАМИНИТО,"каминито , каминнто"
lowercase_propn,кас,кас,PROPN,,,,Npmsnn,,Катица Ќулавкова,ДИВА МИСЛА,со набрекнати и за кас спремни бедра
lowercase_propn,каја,каја,PROPN,,,,Npfsnn,,Богомил Ѓузел,III,Река од светлина во каја се нуркаме
lowercase_propn,кедров,кедров,PROPN,,,,Q-s,,Бранко Цветкоски,АКАТИСТ,Во темелот кедров
lowercase_propn,кина,Кина,PROPN,,,,Npfsnn,,Гане Тодоровски,Фуснота без повод,"по телевизори , по стадиони , по кина ,"
lowercase_propn,кинга,кинга,PROPN,,,,Npfsnn,,Веле Смилевски,Т.н. книга,кинга - раскостена
lowercase_propn,класој,класој,PROPN,,,,Npmsnn,,Славко Јаневски,Сватовска,"надвишило класје класој ,"
lowercase_propn,коби,коби,PROPN,,,,Npmsnn,,Блаже Конески,ИЛИНДЕНСКИ МЕЛОДИИ,"коби , сину , твојот сон :"
lowercase_propn,ковач,ковач,PROPN,,,,Npmsnn,,Анте Поповски,Не смеам да заспијам – ќе ми исчезне од сонот,Незнаен ковач жар на дланката ми носи
lowercase_propn,ковач,ковач,PROPN,,,,Npmsnn,,Бранко Цветкоски,СЕВЕРЕН ТАНЦ 5.(2),Како ковач среде чад
lowercase_propn,кога-тогаш,кога-тогаш,PROPN,,,,Q-s,,Милош Линдро,ПРЕДУПРЕДА,"Дека долгот , кога-тогаш"
lowercase_propn,колон,колон,PROPN,,,,Npmsnn,,Веле Смилевски,Книга на Епигоните,во колон цифри
lowercase_propn,кориентас,кориентас,PROPN,,,,I,,Ристо Лазаров,АВЕНИЈА КОРИЕНТАС,на авенијата кориентас
lowercase_propn,кос,кос,PROPN,,,,Npmsnn,,Бранко Цветкоски,СТАПАЛКИ. БИБЛИСКИ МОЛК,Пред погледот кос и остар
lowercase_propn,крстов,крстов,PROPN,,,,Npmsnn,,Анте Поповски,Тие малечки нешта околу нас,"оваа длапка на крстов е трага од неговиот палец ,"
lowercase_propn,кулпа,кулпа,PROPN,,,,Q-s,,Пијан Славеј,СКРШЕНО ЦВЕЌЕ,и удри по грбот една меа кулпа
lowercase_propn,куросе,куросе,PROPN,,,,Npmsnn,,Катица Ќулавкова,ОБЕЛИСК,куросе .
lowercase_propn,ла,ла,PROPN,,,,Npmsnn,,Ристо Лазаров,ГАРДЕЛ,на ла чачарира најубаво се слуша тишината
lowercase_propn,лагоресу,лагоресу,PROPN,,,,Npmsnn,,Ристо Лазаров,САБАТО,во сантос лагоресу законите на физиката сведочат
lowercase_propn,ламтеж,ламтеж,PROPN,,,,Q-s,,Тодор Чаловски,Искра,во своите чекори од ламтеж
lowercase_propn,ламтеж,ламтеж,PROPN,,,,Npfsnn,,Бранко Цветкоски,МАРТОВСКИ СНЕГ,Во ламтеж
lowercase_propn,ле,ле,PROPN,,,,Npmsnn,,Гане Тодоровски,4ти мај 1903,"Таго ле неисплакана , остани горда и недоустена ,"
lowercase_propn,ле,ле,PROPN,,,,Npmsnn,,Славко Јаневски,Гората за овчарот,"момин глас кога слушам : „ Реко ле огнена ,"
lowercase_propn,ле,ле,PROPN,,,,Npmsnn,,Блаже Конески,ИЛИНДЕНСКИ МЕЛОДИИ,таго ле !
lowercase_propn,ле,ле,PROPN,,,,Npmsnn,,Блаже Конески,ИЛИНДЕНСКИ МЕЛОДИИ,таго ле !
lowercase_propn,ле,ле,PROPN,,,,Npmsnn,,Пијан Славеј,НА ЗДРАВЈЕ,ле зборот падна лажовен ?!
lowercase_propn,лебдее,лебдее,PROPN,,,,Q-s,,Адем Гајтани,Ножот,лебдее
lowercase_propn,лебдее,лебдее,PROPN,,,,Q-s,,Адем Гајтани,Ножот,лебдее
lowercase_propn,левен,левен,PROPN,,,,Npmsnn,,Славко Јаневски,Ајдучка легенда,"левен другар седум ноќи бара ,"
lowercase_propn,левен,левен,PROPN,,,,Npmsnn,,Славко Јаневски,Девојка  и  сокол,- Да ли ми те левен Стојан прати
lowercase_propn,левен,левен,PROPN,,,,Npmsnn,,Славко Јаневски,Печалбарска,"а тебе , мој соколе левен ,"
lowercase_propn,левент,левент,PROPN,,,,Npmsnn,,Гане Тодоровски,4ти мај 1903,"и биди уште за една загуба погорда , оти тој левент млад"
lowercase_propn,лега,лега,PROPN,ADJ,,,Npfsnn,,Блаже Конески,ДОЈРАН,на езеро сенка лега ...
lowercase_propn,леко,леко,PROPN,,,,Q-c,,Ацо Шопов,"Знам, ти сега сама замислена минеш",дали ветер в цветја потрепнува леко
lowercase_propn,леко,леко,PROPN,,,,Npmsnn,,Славко Јаневски,Калина,"трепетно , леко , нечујно"
lowercase_propn,леко,леко,PROPN,ADJ,,,Npmsnn,,Славко Јаневски,Калина,"Трепетно , леко , нечујно"
lowercase_propn,леко,леко,PROPN,,,,Npmsnn,,Славко Јаневски,Калина,"трепетно , леко ,"
lowercase_propn,леко,леко,PROPN,,,,Q-s,,Бранко Цветкоски,ГРАМОТА,Кон исток се креваат леко
lowercase_propn,леко,леко,PROPN,,,,Npmsnn,,Блаже Конески,СПОМЕН ЗА СЛАВЕЈ,по таа убост леко да би газел .
lowercase_propn,леко,леко,PROPN,,,,Npmsnn,,Блаже Конески,КАЛЕМЕГДАН,"И јас сум само бран што леко тече ,"
lowercase_propn,леко,леко,PROPN,,,,Q-c,,Блаже Конески,ВОДНО,"и , обнадежени , нашите чекори газеа леко"
lowercase_propn,лес,лес,PROPN,,,,Npmsnn,,Бранко Цветкоски,СЕВЕРЕН ТАНЦ 4.,Со лес
lowercase_propn,лески,лески,PROPN,,,,Npmsnn,,Ацо Шопов,И уште еднаш црно сонце,И овој ѕвонарник во густите лески
lowercase_propn,лески,лески,PROPN,,,,Npmsnn,,Ацо Шопов,И уште еднаш црно сонце,И овој ѕвонарник во густите лески .
lowercase_propn,лесноверци,лесноверци,PROPN,NOUN,лесноверец,,Npmsnn,,Гане Тодоровски,Нашинска (III),Итромани дудуци лесноверци
lowercase_propn,лобањи,лобањи,PROPN,,,,Q-s,,Анте Поповски,Македонија,лобањи
lowercase_propn,ломен,ломен,PROPN,,,,Npmsnn,,Блаже Конески,КАЛЕМЕГДАН,"од овој ритам на стапките , ломен ,"
lowercase_propn,лорка,лорка,PROPN,,,,I,,Ристо Лазаров,КАФЕ ТОРТОНИ,нема да види како фредерико гарсија лорка
lowercase_propn,лули,лули,PROPN,,,,Npmsnn,,Ефтим Клетников,ПРОЛЕТ. БОЛНО ДЕТЕ. -1.- Ден. Светлина.,"Нани лули , нани лули ;"
lowercase_propn,лули,лули,PROPN,,,,Npmsnn,,Ефтим Клетников,ПРОЛЕТ. БОЛНО ДЕТЕ. -1.- Ден. Светлина.,"Нани лули , нани лули ;"
lowercase_propn,лули,лули,PROPN,,,,Npmsnn,,Ефтим Клетников,ПРОЛЕТ. БОЛНО ДЕТЕ. -3.- Полноќ. Ѕвездата се гаси.,"Нани лули , нани лули ."
lowercase_propn,лули,лули,PROPN,,,,Npmsnn,,Ефтим Клетников,ПРОЛЕТ. БОЛНО ДЕТЕ. -3.- Полноќ. Ѕвездата се гаси.,"Нани лули , нани лули ."
lowercase_propn,лули,лули,PROPN,,,,Npmsnn,,Ефтим Клетников,ПРОЛЕТ. БОЛНО ДЕТЕ. -4.- Утро. Отсутност.,"Нани лули , нани лули ."
lowercase_propn,лули,лули,PROPN,,,,Npmsnn,,Ефтим Клетников,ПРОЛЕТ. БОЛНО ДЕТЕ. -4.- Утро. Отсутност.,"Нани лули , нани лули ."
lowercase_propn,мак,мак,PROPN,,,,Npmsnn,,Влада Урошевиќ,Крајот на летото,во чашка од мак
lowercase_propn,мак.,мак.,PROPN,,,,Y,,Славко Јаневски,Илинка сончева свршеница - 8,по земјата никна млад рујноглав мак.
lowercase_propn,македонија,Македонија,PROPN,,,,Npfsnn,,Ристо Лазаров,МАЦЕДОНИО ФЕРНАНДЕЗ,македонија на македонците
lowercase_propn,мане,мане,PROPN,,,,Npmsnn,,Блаже Конески,Спомен,со мане .
lowercase_propn,марија,марија,PROPN,,,,Npfsnn,,Ефтим Клетников,***,врз трудната марија )
lowercase_propn,маркес,маркес,PROPN,,,,Npmsnn,,Ристо Лазаров,ГАРДЕЛ,една ариза од книгите на маркес зјапа во авионите
lowercase_propn,марта,марта,PROPN,,,,Npfsnn,,Блаже Конески,Куманово,"барем во марта – во времето на цревца ,"
lowercase_propn,мартин,Мартин,PROPN,,,,Npmsnn,,Ристо Лазаров,БОРХЕС,а од клупата во паркот сан мартин
lowercase_propn,маја,маја,PROPN,,,,Npfsnn,,Ристо Лазаров,СПРОСТРЕНИ СПОМЕНИ,на маја стефановска
lowercase_propn,мајко,мајко,PROPN,,,,Npfsnn,,Катица Ќулавкова,ПОЕТСКА РЕЧ,"Оние што излегоа , мајко"
lowercase_propn,меа,меа,PROPN,,,,Npfsnn,,Пијан Славеј,СКРШЕНО ЦВЕЌЕ,и удри по грбот една меа кулпа
lowercase_propn,мерко,мерко,PROPN,,,,Npmsnn,,Петре М. Андреевски,ОТКАКО ТЕ НЕМА,"основна мерко за земјата и сите течности ,"
lowercase_propn,месечко,месечко,PROPN,,,,Q-c,,Кочо Рацин,Ленка,И ноќе кога месечко
lowercase_propn,мирослав,мирослав,PROPN,,,,Npmsnn,,Ристо Лазаров,ТРОЦВЕТ,мирослав тадиќ и теодосиј спасов
lowercase_propn,многукрако,многукрако,PROPN,,,,Q-s,,Богомил Ѓузел,Како горе така доле,и тој ќе болсне пак во сонце многукрако
lowercase_propn,мо,мо,PROPN,,,,Npmsnn,,Пијан Славеј,ХЕЈТ,не мо ’ м да го смислам
lowercase_propn,модер,модер,PROPN,,,,Npmsnn,,Славко Јаневски,Цветови,Мајската роза и цветот модер
lowercase_propn,модер,модер,PROPN,,,,Npmsnn,,Славко Јаневски,Цветои,Мајската роза и цветот модер
lowercase_propn,модер,модер,PROPN,,,,Npmsnn,,Ефтим Клетников,ПЕСНА ЗА ПРОЛЕТНИОТ ВЕТЕР,Тој модер и растворен маж
lowercase_propn,модрина,модрина,PROPN,,,,Q-s,,Ефтим Клетников,светлината е огромна тајна,модрина
lowercase_propn,момин,момин,PROPN,,,,Npmsnn,,Славко Јаневски,Твоја и моја земја - на Никола Јонков Вапцаров,глас момин
lowercase_propn,морава,морава,PROPN,,,,Npfsnn,,Кочо Рацин,Елегии за тебе,Под мостот вода морава –
lowercase_propn,море,море,PROPN,,,,I,,Влада Урошевиќ,Бранител на кулата,море
lowercase_propn,море,море,PROPN,,,,I,,Ефтим Клетников,***,море
lowercase_propn,мореѓго,мореѓго,PROPN,,,,Npmsnn,,Катица Ќулавкова,ЕЛЕГИЈА,а мореѓго неуморно ги пренесува
lowercase_propn,морнар,морнар,PROPN,,,,Npmsnn,,Пијан Славеј,ДВОЈКА,Морнар ко морнар
lowercase_propn,морничавевме,морничавевме,PROPN,,,,Npmsnn,,Катица Ќулавкова,МРТОВ ЈАЗИК,"Зашто , додежа морничавевме"
lowercase_propn,морно,морно,PROPN,,,,Npfsnn,,Катица Ќулавкова,МРАВКИ,од светло на морно
lowercase_propn,мрамор,мрамор,PROPN,,,,Npmsnn,,Славко Јаневски,Калина,"на мрамор чело момино ,"
lowercase_propn,мусандра,мусандра,PROPN,,,,Npmsnn,,Тодор Чаловски,Монолог на староседелецот,дури не ѕирнав разболен во таа бела мусандра
lowercase_propn,н,н.,PROPN,,,,Y,,Гане Тодоровски,Нашинска (III),М а к е д о н ц и !
lowercase_propn,н,н.,PROPN,,,,Y,,Веле Смилевски,Т.н. книга,на н - нудена
lowercase_propn,н,н.,PROPN,,,,Y,,Катица Ќулавкова,ЏОРДАНО БРУНО: „Ние сме веќе на небо“,во суштина на н # интересира
lowercase_propn,навистииа,навистииа,PROPN,,,,Q-s,,Богомил Ѓузел,VI,навистииа
lowercase_propn,наквечер,наквечер,PROPN,,,,Npmsnn,,Кочо Рацин,На Струга дуќан да имам,"Наквеуер дојди , наквечер ,"
lowercase_propn,наквечер,наквечер,PROPN,,,,Npmsnn,,Кочо Рацин,На Струга дуќан да имам,"наквечер - в прва темница ,"
lowercase_propn,наминав,наминав,PROPN,,,,Q-s,,Кочо Рацин,Елегии за тебе,"Вчера си појдов , наминав"
lowercase_propn,нани,нани,PROPN,,,,Npmsnn,,Блаже Конески,УСПИВАЊЕ НА БОЛНО ДЕТЕ,"нани ми , нанкај , нани ."
lowercase_propn,нани,нани,PROPN,,,,Npmsnn,,Блаже Конески,УСПИВАЊЕ НА БОЛНО ДЕТЕ,"нани ми , нанкај , нани ."
lowercase_propn,нани,нани,PROPN,,,,Npmsnn,,Ефтим Клетников,ПРОЛЕТ. БОЛНО ДЕТЕ. -1.- Ден. Светлина.,"Нани лули , нани лули ;"
lowercase_propn,нани,нани,PROPN,,,,Npmsnn,,Ефтим Клетников,ПРОЛЕТ. БОЛНО ДЕТЕ. -3.- Полноќ. Ѕвездата се гаси.,"Нани лули , нани лули ."
lowercase_propn,нани,нани,PROPN,,,,Npmsnn,,Ефтим Клетников,ПРОЛЕТ. БОЛНО ДЕТЕ. -4.- Утро. Отсутност.,"Нани лули , нани лули ."
lowercase_propn,нанкај,нанкај,PROPN,,,,Npmsnn,,Блаже Конески,УСПИВАЊЕ НА БОЛНО ДЕТЕ,"нани ми , нанкај , нани ."
lowercase_propn,напреку,напреку,PROPN,,,,Npfsnn,,Блаже Конески,НА ГРАНИЦА,"и напреку гора фана ,"
lowercase_propn,наум,наум,PROPN,,,,Q-s,,Бранко Цветкоски,СТАРОСТАВНА,Да се врати сиот наум
lowercase_propn,наум,наум,PROPN,,,,Npmsnn,,Ефтим Клетников,"три мотиви од св. наум   - 1. стојам на камената ограда во св. наум,  ја гледам рамната површина на водата","1. стојам на камената ограда во св. наум ,"
lowercase_propn,наум,наум,PROPN,,,,Npmsnn,,Ефтим Клетников,три мотиви од св. наум  - 2. на исто место,свети наум
lowercase_propn,наум,наум,PROPN,,,,Npmsnn,,Ефтим Клетников,три мотиви од св. наум  - 2. на исто место,свети наум
lowercase_propn,начулив,начулив,PROPN,,,,Q-s,,Пијан Славеј,АМАНАМАН,Ушите ги зачепив и начулив
lowercase_propn,најаве,најаве,PROPN,,,,Npmsnn,,Пијан Славеј,СКРШЕНО ЦВЕЌЕ,расцветал сонот најаве силен
lowercase_propn,наќта,наќта,PROPN,,,,Q-s,,Катица Ќулавкова,ОДБРАНИ СРЕДСТВА,Ништо не ја прекина наќта
lowercase_propn,не-ти,не-ти,PROPN,,,,I,,Катица Ќулавкова,ЗМИИ И ЈАГОДИ,"веќе со години не-тука , не-ти"
lowercase_propn,небид,небид,PROPN,,,,Npfsnn,,Тодор Чаловски,Сам. Планина околу мене,небид поснопица
lowercase_propn,небиден,небиден,PROPN,,,,Q-s,,Катица Ќулавкова,"2077,1: ЕДЕН ДЕН ЗАЕДНО","време , некој ден небиден"
lowercase_propn,негдегоде,негдегоде,PROPN,,,,Npmsnn,,Блаже Конески,Младост,"кога , негдегоде , раздвижувајќи се ,"
lowercase_propn,недоглед,недоглед,PROPN,,,,Q-s,,Катица Ќулавкова,ПРЕСЕЛБА НА ДУШАТА,"одеднаш , во недоглед"
lowercase_propn,неизречен,неизречен,PROPN,,,,Npmsnn,,Тодор Чаловски,Тонивода,"и молкот , молкот неизречен"
lowercase_propn,неизуст,неизуст,PROPN,,,,Npfsnn,,Тодор Чаловски,Сам. Планина околу мене,до неизуст
lowercase_propn,нем,нем,PROPN,,,,I,,Бранко Цветкоски,МОЛИТВЕН ВЕЈ,Да си го најде запишувачот нем
lowercase_propn,непоет,непоет,PROPN,,,,Q-s,,Славко Јаневски,Твоја и моја земја - на Никола Јонков Вапцаров,и непоет
lowercase_propn,непокора,непокора,PROPN,,,,I,,Матеја Матевски,Авантура,од ластарот непокора
lowercase_propn,несон,несон,PROPN,,,,Q-s,,Веле Смилевски,Книгата куќа,"Од страв детски , од лутеж , од несон"
lowercase_propn,нета,нета,PROPN,,,,Npfsnn,,Блаже Конески,КРУША ДИВЈАЧКА,нета пењушка дава уште знаци на живот .
lowercase_propn,нејна,нејна,PROPN,,,,Q-s,,Адем Гајтани,Откритие на една маѓесна убавица во пирамида,сите се восхитија од убавината нејна
lowercase_propn,николов,николов,PROPN,,,,Npmsnn,,Ристо Лазаров,ЖОРНОУТРО,на стефан хаџи николов
lowercase_propn,нија,нија,PROPN,,,,Npfsnn,,Кочо Рацин,Проштавање,"нија очи , што душа горат !"
lowercase_propn,ноќга,ноќга,PROPN,,,,Npfsnn,,Адем Гајтани,Осаменост,ноќга влегува во зората
lowercase_propn,нудист,нудист,PROPN,,,,Q-s,,Пијан Славеј,1. (Адам и Ева),"Без џебови , нудист"
lowercase_propn,обзор,обзор,PROPN,,,,Npmsnn,,Ристо Лазаров,РАСПЕТИЕ,обзор токми за двамина
lowercase_propn,огин-и-ништо,огин-и-ништо,PROPN,,,,Q-c,,Катица Ќулавкова,ОГНИШТЕ,огин-и-ништо
lowercase_propn,олимп,олимп,PROPN,,,,Npmsnn,,Ристо Лазаров,БОРХЕС,сладострасно е размешколен на олимп
lowercase_propn,опир,опир,PROPN,,,,Npmsnn,,Ристо Лазаров,ОПИР,го пречекуваш со опир
lowercase_propn,опчекор,опчекор,PROPN,,,,Q-s,,Ристо Лазаров,СРЕДЕ,среде опчекор
lowercase_propn,орај,орај,PROPN,,,,Q-s,,Пијан Славеј,ДЛАНКОПИС,зариј го во дланките моливот и орај
lowercase_propn,орај,орај,PROPN,,,,Npmsnn,,Пијан Славеј,ДЛАНКОПИС,"орај и преорувај , прецртувај , преболувај"
lowercase_propn,оре,оре,PROPN,,,,Npmsnn,,Ристо Лазаров,КАЛЕМЕГДАН,оре вртоглавици
lowercase_propn,орхан,орхан,PROPN,,,,Npmsnn,,Ристо Лазаров,АВЕНИЈА КОРИЕНТАС,во која борхес тврдоглаво му објаснува на орхан памук
lowercase_propn,осама,осама,PROPN,,,,Npmsnn,,Матеја Матевски,Свети Трифун,Ме затворија во манастир во црква ме затворија во осама
lowercase_propn,осама,осама,PROPN,,,,Npmsnn,,Бранко Цветкоски,ЧЕШМА ПОКРАЈ ПАТОТ 3.,И мермерна осама
lowercase_propn,осој,осој,PROPN,,,,Npmsnn,,Катица Ќулавкова,МРТОВ ЈАЗИК,"осој , таму кајшто треба да припекува"
lowercase_propn,осојна,осојна,PROPN,,,,Q-s,,Ристо Лазаров,САМО ДА НЕМА ВОЈНА,ќе истрпиме и зима осојна
lowercase_propn,павле,павле,PROPN,,,,Npmsnn,,Ристо Лазаров,ЕВИТА,евита и папата јован павле втори сега се бронзени соседи
lowercase_propn,палермо,палермо,PROPN,,,,Npmsnn,,Ристо Лазаров,БОРХЕС,во родната куќа во палермо
lowercase_propn,паметегае,паметегае,PROPN,,,,Npfsnn,,Катица Ќулавкова,ПРЕРОДБА,Има век за паметегае
lowercase_propn,партизан,партизан,PROPN,,,,Npmsnn,,Ацо Шопов,Партизанска колона,"партизан в пролет да бидеш ,"
lowercase_propn,партизан,партизан,PROPN,,,,Npmsnn,,Блаже Конески,ПЕСНАТА,"кај одел Стојан партизан ,"
lowercase_propn,партизан,партизан,PROPN,,,,Npmsnn,,Блаже Конески,ПЕСНАТА,"кај одел Стојан партизан ,"
lowercase_propn,пајадор,пајадор,PROPN,,,,Q-c,,Ристо Лазаров,ПУЕРТО МАДЕРО,ќе да е во право веселникот пајадор
lowercase_propn,пепел-бела,пепел-бела,PROPN,,,,Q-c,,Бранко Цветкоски,ЗЕМЈА. ПРИЧЕСНА. ЗОБ,И се сронив пред раката пепел-бела
lowercase_propn,петар,петар,PROPN,,,,Npmsnn,,Ефтим Клетников,светлината е огромна тајна,петар !
lowercase_propn,пеши,пеши,PROPN,,,,Npmsnn,,Блаже Конески,ЅВЕЗДИ,"на колари пеши крај чкрипливи коли ,"
lowercase_propn,пилат,пилат,PROPN,,,,Npmsnn,,Ефтим Клетников,***,градината на пилат .
lowercase_propn,плисок,плисок,PROPN,,,,Q-s,,Влада Урошевиќ,Летен дожд,плисок
lowercase_propn,плодви,плодви,PROPN,,,,Q-s,,Тодор Чаловски,Рани утра,рани плодви
lowercase_propn,подлог,подлог,PROPN,,,,Npmsnn,,Милош Линдро,СО ГОВОРОТ,Стапнува врз подлог
lowercase_propn,поимлив,поимлив,PROPN,,,,Q-s,,Тодор Чаловски,Стреи,со пречек сакан само нам поимлив
lowercase_propn,покоя,покоя,PROPN,,,,I,,Гане Тодоровски,Зимска прикаска,„ Я ищу свободы и покоя “
lowercase_propn,полски,полски,PROPN,,,,Npmsnn,,Славко Јаневски,Илинка сончева свршеница - 3,светулките полски и спиеле в коса .
lowercase_propn,поник,поник,PROPN,,,,Npfsnn,,Тодор Чаловски,Искра,со вистина узната во поник
lowercase_propn,поповски,поповски,PROPN,,,,Npmsnn,,Ристо Лазаров,ТРАГАЧ ПО СВЕТЛИНАТА,на анте поповски
lowercase_propn,порој,порој,PROPN,,,,Npmsnn,,Славко Јаневски,Селанец,се пенеше порој
lowercase_propn,портокалест,портокалест,PROPN,,,,Npmsnn,,Влада Урошевиќ,Летна бавча,во летото како цртеж со лилав туш во портокалест
lowercase_propn,потпал,потпал,PROPN,,,,Npfsnn,,Пијан Славеј,СЕРБЕЗ,ко гранки за потпал
lowercase_propn,прајазик,прајазик,PROPN,,,,Q-s,,Катица Ќулавкова,Ода на македонскиот јазик,"Тебе те одбрав , јазик – прајазик"
lowercase_propn,првомрак,првомрак,PROPN,,,,Q-s,,Ристо Лазаров,ГРЕВ,среде првомрак
lowercase_propn,предела,предела,PROPN,,,,Q-s,,Славко Јаневски,Егејска песна - 4,чекала синој и предела
lowercase_propn,прелеј,прелеј,PROPN,,,,Npmsnn,,Ацо Шопов,Тажачка од онаа страна на животот,прелеј се чашо лелејска
lowercase_propn,присој,присој,PROPN,,,,Npmsnn,,Лилјана Дирјан,Пурпур,а време во присој
lowercase_propn,присој,присој,PROPN,,,,Q-s,,Ристо Лазаров,ГРЕВ,на ливада од присој
lowercase_propn,прокопса,прокопса,PROPN,,,,Q-s,,Кочо Рацин,На Струга дуќан да имам,"пропадна сичко , прокопса"
lowercase_propn,прудолу,прудолу,PROPN,,,,Q-s,,Милош Линдро,ОРФЕЈ,Слегол прудолу
lowercase_propn,пупко,пупко,PROPN,,,,Y,,Адем Гајтани,Водата,да се исплашиме ο господе ο пупко
lowercase_propn,раснеш,раснеш,PROPN,,,,Q-s,,Пијан Славеј,ЛАВА ЛАВА,"Надоаѓаш , раснеш"
lowercase_propn,раснеш,раснеш,PROPN,,,,Q-s,,Пијан Славеј,ЛАВА ЛАВА,"Надоаѓаш , раснеш"
lowercase_propn,раѓана,раѓана,PROPN,,,,Q-c,,Ацо Шопов,Младост,Како успокојува таа младост непрестајно раѓана
lowercase_propn,рига,рига,PROPN,,,,Npmsnn,,Адем Гајтани,Оганот,мевот на вселената рига
lowercase_propn,ридон,ридон,PROPN,,,,Npmsnn,,Тодор Чаловски,Играње сон,"ридон нè стасал , ридон е далек -"
lowercase_propn,ромор,ромор,PROPN,,,,Npmsnn,,Тодор Чаловски,Радика,но водата што се извива низ ромор
lowercase_propn,ронел,ронел,PROPN,,,,Npmsnn,,Славко Јаневски,Љубов за љубов,"овчарот кога за Гоце песни од кавалот ронел ,"
lowercase_propn,рони,рони,PROPN,,,,Npmsnn,,Славко Јаневски,Ајдучка легенда,"месечина под бран речен рони ,"
lowercase_propn,росен,росен,PROPN,,,,Npmsnn,,Бранко Цветкоски,СТАРОСТАВНА,Поразмавни врату росен
lowercase_propn,роси,роси,PROPN,,,,Npmsnn,,Петре М. Андреевски,Ко да беше лани,Зашто в солзи нивни криеш пресни роси
lowercase_propn,роси,роси,PROPN,,,,Npmsnn,,Кочо Рацин,Селска мака,Кој ја сипе кој ја роси
lowercase_propn,роси,роси,PROPN,,,,Npmsnn,,Адем Гајтани,Бохинско езеро,тука сите роси се раѓаат
lowercase_propn,роси,роси,PROPN,,,,Npmsnn,,Славко Јаневски,Печалбарска,од буквите в писмото роси .
lowercase_propn,роси,роси,PROPN,,,,Npmsnn,,Блаже Конески,ПРИСПИВНА,Надвор роса роси
lowercase_propn,роси,роси,PROPN,,,,Npmsnn,,Ива Петреска,Клинче,крв како нежен дожд да роси .
lowercase_propn,росо,росо,PROPN,,,,Npmsnn,,Славко Јаневски,Девојка  и  сокол,"туку весг сум , бела росо ,"
lowercase_propn,росо,росо,PROPN,,,,Npmsnn,,Блаже Конески,ОХРИД,"Ој разбуди се , росо девојче ,"
lowercase_propn,рој,рој,PROPN,,,,Npmsnn,,Славко Јаневски,Горска приспивна,"в игра бела птици рој ,"
lowercase_propn,рој,рој,PROPN,,,,Npmsnn,,Ефтим Клетников,ДОЛОТ,рој жбунови ситно цвеќе .
lowercase_propn,рт,рт,PROPN,,,,Npmsnn,,Петре М. Андреевски,1903,"црна солзо врз пепелта преорана од крт до ‘ рт ,"
lowercase_propn,рубинштајн,рубинштајн,PROPN,,,,Npmsnn,,Ристо Лазаров,КАФЕ ТОРТОНИ,нежно танцува на прстите на рубинштајн
lowercase_propn,румен,румен,PROPN,,,,Npmsnn,,Славко Јаневски,Три неволји,"од крај село под зелено борје : „ Свршениче , цвет румен на гранка ,"
lowercase_propn,румен,румен,PROPN,,,,Npmsnn,,Влада Урошевиќ,Зимско патување,Вода со срце од румен мраз и врбова кора .
lowercase_propn,румен,румен,PROPN,,,,Npmsnn,,Блаже Конески,СОНЧЕВА КОЛОНА,пред румен изгрев
lowercase_propn,русолика,русолика,PROPN,,,,Npfsnn,,Славко Јаневски,Украина,"русолика зора пак утре ќе пламне ,"
lowercase_propn,саво,саво,PROPN,,,,Npmsnn,,Славко Јаневски,Три неволји,"сокле саво , од Гоцева дланка ,"
lowercase_propn,сад,САД,PROPN,,,,Npmsnn,,Бранко Цветкоски,СЕВЕРЕН ТАНЦ 5.(2),Заринкува ѕвездениот сад
lowercase_propn,сакс,сакс,PROPN,,,,Npmsnn,,Пијан Славеј,ДВОЈКА,Страшно пушев сакс
lowercase_propn,сал,сал,PROPN,,,,Q-c,,Тодор Чаловски,Убав ден,"на стемнувањето , и сал"
lowercase_propn,сал,сал,PROPN,,,,Npmsnn,,Богомил Ѓузел,"Лондон, Hова година 1965",сал Оној што го рекол
lowercase_propn,сал,сал,PROPN,,,,I,,Богомил Ѓузел,II,Така патуваме и ние низ животот свирепо сал
lowercase_propn,сал,сал,PROPN,,,,Q-c,,Богомил Ѓузел,IV,"да го сретне куршумот и потем — ништо , сал"
lowercase_propn,сал,сал,PROPN,,,,Q-c,,Богомил Ѓузел,VI,"сал простории што треба да се проветрат , сал"
lowercase_propn,сал,сал,PROPN,,,,I,,Богомил Ѓузел,Х,и поставени во градба станаа цврст камен сал
lowercase_propn,сан,сан,PROPN,,,,Npmsnn,,Ристо Лазаров,САНТЕЛМО,во сан телмо
lowercase_propn,сан,сан,PROPN,,,,Npmsnn,,Ристо Лазаров,САНТЕЛМО,во сан телмо
lowercase_propn,сан,сан,PROPN,,,,Npmsnn,,Ристо Лазаров,САНТЕЛМО,во сан телмо
lowercase_propn,сан,сан,PROPN,,,,Npmsnn,,Ристо Лазаров,САНТЕЛМО,во сан телмо
lowercase_propn,сан,сан,PROPN,,,,Npmsnn,,Ристо Лазаров,САНТЕЛМО,во сан телмо
lowercase_propn,сан,сан,PROPN,,,,Npmsnn,,Ристо Лазаров,САНТЕЛМО,во сан телмо
lowercase_propn,сан,сан,PROPN,,,,Npmsnn,,Ристо Лазаров,САНТЕЛМО,во сан телмо
lowercase_propn,сан,сан,PROPN,,,,Npmsnn,,Ристо Лазаров,БОРХЕС,а од клупата во паркот сан мартин
lowercase_propn,санта,санта,PROPN,,,,Npfsnn,,Ефтим Клетников,ОКОТО НА ТЕМНИОТ И ЉУБОВНИЦИТЕ - 3 - Отсутна слика,Ледена санта ни го приковала челото .
lowercase_propn,сантос,Сантос,PROPN,,,,Npmsnn,,Ристо Лазаров,САБАТО,во сантос лагоресу законите на физиката сведочат
lowercase_propn,сведоку,сведоку,PROPN,,,,Npmsnn,,Ефтим Клетников,гавранот,сведоку !
lowercase_propn,свет-за-себе,свет-за-себе,PROPN,,,,Q-s,,Катица Ќулавкова,ТРЕТО СОНЦЕ: LEO - rising sun -,тој свет-за-себе
lowercase_propn,свет-текст,свет-текст,PROPN,,,,Npmsnn,,Катица Ќулавкова,СВЕТ-ТЕКСТ,на свет-текст
lowercase_propn,светов,светов,PROPN,,,,Npmsnn,,Блаже Конески,ОЧАЈ,Да нема еден човек на светов
lowercase_propn,севда,севда,PROPN,,,,Npfsnn,,Кочо Рацин,На Струга дуќан да имам,"шепотот севда без мерак ,"
lowercase_propn,сека,сека,PROPN,,,,Q-c,,Блаже Конески,КАЛЕМЕГДАН,Сè потихо се гласи стапка сека
lowercase_propn,села,сeло,PROPN,,,,Npmpnn,,Славко Јаневски,Твоја и моја земја - на Никола Јонков Вапцаров,"над села ,"
lowercase_propn,семир,семир,PROPN,,,,Npmsnn,,Петре М. Андреевски,Песна за нејзината песна,"Објаснувајќи ја како семир во купечко јаболко ,"
lowercase_propn,семир,семир,PROPN,,,,Npmsnn,,Петре М. Андреевски,ПЕСНА ЗА НЕЈЗИНАТА ПЕСНА,"Објаснувајќи ја како семир во купечко јаболко ,"
lowercase_propn,сен,сен,PROPN,,,,Npmsnn,,Блаже Конески,СОН,"со виор и сињак , сен и светлина"
lowercase_propn,сенат,сенат,PROPN,,,,Npmsnn,,Адем Гајтани,Тротоарот,дрвјата лете му сенат
lowercase_propn,сенест,сенест,PROPN,,,,Npmsnn,,Влада Урошевиќ,Влез во паркот,сенест се врти вриеж од мушички врз костенли -
lowercase_propn,сенко,сенко,PROPN,,,,Npmsnn,,Блаже Конески,ПЕСНАТА ЗА ЗАТВОРНИЦАТА,"Зошто уште , сенко темна ,"
lowercase_propn,сенко,сенко,PROPN,,,,Npmsnn,,Ефтим Клетников,шумски пат IV.,Тело – сенко !
lowercase_propn,сенко,сенко,PROPN,,,,Npmsnn,,Братислав Ташковски,Големата љубовна песна 3.оган,Збогум сенко моја
lowercase_propn,сиво-бели,сиво-бели,PROPN,,,,Q-s,,Милош Линдро,"ЛАЈ, ЈОКАСТА И ОЈДИП",Во хартиите сиво-бели
lowercase_propn,сине,сине,PROPN,,,,I,,Ефтим Клетников,ПРОЛЕТ. БОЛНО ДЕТЕ. -3.- Полноќ. Ѕвездата се гаси.,"и низ твојто лице , леле , сине"
lowercase_propn,синко,синко,PROPN,,,,Q-c,,Пијан Славеј,КАЛЕМЕЊЕ,"„ земи ја , синко"
lowercase_propn,сињ,сињ,PROPN,,,,Npmsnn,,Блаже Конески,СОНЧЕВА КОЛОНА,Се лула под нив просторот сињ ..
lowercase_propn,скот,скот,PROPN,,,,Npmsnn,,Кочо Рацин,Копачите,скот .
lowercase_propn,скот,скот,PROPN,,,,Npmsnn,,Кочо Рацин,Денови,роди се човек — скот умри
lowercase_propn,скот,скот,PROPN,,,,Npmsnn,,Кочо Рацин,Елегии за тебе,до скот сме сниско попритиснати
lowercase_propn,скутов,скутов,PROPN,,,,Npmsnn,,Пијан Славеј,***,стуткана во скутов
lowercase_propn,скутој,скутој,PROPN,,,,Npmsnn,,Славко Јаневски,Егејска песна - 1,Чувала мајка во скутој
lowercase_propn,славејко,славејко,PROPN,,,,Npmsnn,,Ристо Лазаров,САМО ДА НЕМА ВОЈНА,славејко песнопојна
lowercase_propn,слач,слач,PROPN,,,,Npfsnn,,Бранко Цветкоски,ДЕНОТ ШТО ЗАВЛЕКУВА,За слач
lowercase_propn,смеќе,смеќе,PROPN,,,,Q-s,,Пијан Славеј,СКРШЕНО ЦВЕЌЕ,"трендафил , каранфил , буќет од смеќе"
lowercase_propn,снито,снито,PROPN,,,,Q-s,,Ристо Лазаров,КАМИНИТО,за мераци место снито
lowercase_propn,сокле,сокле,PROPN,,,,Npmsnn,,Славко Јаневски,Три неволји,"сокле саво , од Гоцева дланка ,"
lowercase_propn,соколе,соколе,PROPN,,,,Npmsnn,,Славко Јаневски,Балада за Црногорската мома,"Ој Мргуде , ој , соколе , пролет стаса – спомен"
lowercase_propn,соколе,соколе,PROPN,,,,Npmsnn,,Славко Јаневски,Печалбарска,"а тебе , мој соколе левен ,"
lowercase_propn,соколе,соколе,PROPN,,,,Npmsnn,,Славко Јаневски,Печалбарска,"зрак испраќаш , соколе питом :"
lowercase_propn,сокој,сокој,PROPN,,,,Npnsnn,,Славко Јаневски,Сватовска,"Грозје зрее , сокој лее ,"
lowercase_propn,солнце,солнце,PROPN,,,,Q-s,,Ацо Шопов,Очи,в студените утра ќе грејат ко солнце
lowercase_propn,сони,сони,PROPN,,,,Npmsnn,,Ефтим Клетников,ОКОТО НА ТЕМНИОТ И ЉУБОВНИЦИТЕ - 3 - Отсутна слика,Каков страшен Бог не сони ?
lowercase_propn,соспи,соспи,PROPN,,,,I,,Ефтим Клетников,Јавач во полноќта - 4,"Студот пробива , напластува соспи"
lowercase_propn,спасов,спасов,PROPN,,,,Npmsnn,,Ристо Лазаров,ТРОЦВЕТ,мирослав тадиќ и теодосиј спасов
lowercase_propn,срно,срно,PROPN,,,,Npmsnn,,Славко Јаневски,Илинка сончева свршеница - 7,"срно в зора доена ,"
lowercase_propn,стамен,стамен,PROPN,,,,Npmsnn,,Блаже Конески,УРНАТИНА,Жолт гуштер – домаќин стамен .
lowercase_propn,старделов,старделов,PROPN,,,,Npmsnn,,Ристо Лазаров,ГАЛИЧИЦА,на георги старделов
lowercase_propn,стефан,стефан,PROPN,,,,Npmsnn,,Ристо Лазаров,ЖОРНОУТРО,на стефан хаџи николов
lowercase_propn,стефановска,стефановска,PROPN,,,,Npfsnn,,Ристо Лазаров,СПРОСТРЕНИ СПОМЕНИ,на маја стефановска
lowercase_propn,стишен,стишен,PROPN,,,,Q-s,,Блаже Конески,7. СКАЗНАТА НА СТАРИОТ МАЈСТОР,стишен
lowercase_propn,супа-чорба-каша-попара,супа-чорба-каша-попара,PROPN,,,,Npfsnn,,Ива Петреска,Удобни грешки,супа-чорба-каша-попара
lowercase_propn,сур,сур,PROPN,,,,Npmsnn,,Ристо Лазаров,ШКОЛКА,како што сур и суров облак
lowercase_propn,сушто,сушто,PROPN,,,,Q-s,,Катица Ќулавкова,ПРЕСЕЛБА НА ДУШАТА,"За сласт , сушто"
lowercase_propn,таго,таго,PROPN,,,,Npmsnn,,Блаже Конески,ИЛИНДЕНСКИ МЕЛОДИИ,таго ле !
lowercase_propn,таго,таго,PROPN,,,,Npmsnn,,Блаже Конески,ИЛИНДЕНСКИ МЕЛОДИИ,таго ле !
lowercase_propn,таговни,таговни,PROPN,,,,Q-s,,Кочо Рацин,На Струга дуќан да имам,"Прикаски болни , таговни"
lowercase_propn,таде,таде,PROPN,,,,Npmsnn,,Кочо Рацин,Балада за непознатиот,А таде – в гори зелени
lowercase_propn,тадиќ,тадиќ,PROPN,,,,Npmsnn,,Ристо Лазаров,ТРОЦВЕТ,мирослав тадиќ и теодосиј спасов
lowercase_propn,талас,талас,PROPN,,,,Npmsnn,,Блаже Конески,КУМАНОВСКИОТ ПРЕВОЈ,овде се дипли сè талас по талас
lowercase_propn,талас,талас,PROPN,,,,Npmsnn,,Блаже Конески,КУМАНОВСКИОТ ПРЕВОЈ,овде се дипли сè талас по талас
lowercase_propn,таја,таја,PROPN,,,,Npfsnn,,Кочо Рацин,Елегии за тебе,низ таја гора зелена
lowercase_propn,таја,таја,PROPN,,,,Npfsnn,,Блаже Конески,ДОЈРАН,јас би ги чувал за таја
lowercase_propn,текла,текла,PROPN,,,,Npfsnn,,Блаже Конески,КАЛЕМЕГДАН,и една младост текла без да се сетам .
lowercase_propn,телмо,телмо,PROPN,,,,Npmsnn,,Ристо Лазаров,САНТЕЛМО,во сан телмо
lowercase_propn,телмо,телмо,PROPN,,,,Npmsnn,,Ристо Лазаров,САНТЕЛМО,во сан телмо
lowercase_propn,телмо,телмо,PROPN,,,,Npmsnn,,Ристо Лазаров,САНТЕЛМО,во сан телмо
lowercase_propn,телмо,телмо,PROPN,,,,Npmsnn,,Ристо Лазаров,САНТЕЛМО,во сан телмо
lowercase_propn,телмо,телмо,PROPN,,,,Npmsnn,,Ристо Лазаров,САНТЕЛМО,во сан телмо
lowercase_propn,телмо,телмо,PROPN,,,,Npmsnn,,Ристо Лазаров,САНТЕЛМО,во сан телмо
lowercase_propn,телмо,телмо,PROPN,,,,Npmsnn,,Ристо Лазаров,САНТЕЛМО,во сан телмо
lowercase_propn,тенбросо,тенбросо,PROPN,,,,Npmsnn,,Ристо Лазаров,ГАРДЕЛ,на ел тенбросо с # уште се вкрстуваат
lowercase_propn,теодосиј,теодосиј,PROPN,,,,Npmsnn,,Ристо Лазаров,ТРОЦВЕТ,мирослав тадиќ и теодосиј спасов
lowercase_propn,тивне,тивне,PROPN,,,,Q-c,,Милош Линдро,"БЕЛЕЗИ: ОДЕК, ТАЛОГ",При гласот кој тивне
lowercase_propn,тиок,тиок,PROPN,,,,Npmsnn,,Блаже Конески,3.,бранот тиок и скрбен
lowercase_propn,тихум,тихум,PROPN,,,,Npmsnn,,Катица Ќулавкова,МРАВКИ,"тихум , на корка леб ко на срце"
lowercase_propn,то,то,PROPN,,,,I,,Блаже Конески,ДОЈРАН,то
lowercase_propn,тогај,тогај,PROPN,,,,Q-s,,Анте Поповски,Тие малечки нешта околу нас,Па зошто тогај
lowercase_propn,трап,трап,PROPN,,,,Npmsnn,,Бранко Цветкоски,СЕВЕРЕН ТАНЦ 6. (4),Завлекува трап грешникот
lowercase_propn,трендафил,трендафил,PROPN,,,,Npmsnn,,Ацо Шопов,Партизанска колона,"лице ѝ – пупка трендафил ,"
lowercase_propn,трендафил,трендафил,PROPN,,,,Npmsnn,,Братислав Ташковски,Цвеќето,Овој катмер трендафил
lowercase_propn,триптихон,триптихон,PROPN,,,,Npmsnn,,Ефтим Клетников,ОКОТО НА ТЕМНИОТ И ЉУБОВНИЦИТЕ - 1  - Слика во пролетната слика,( триптихон )
lowercase_propn,трпне,трпне,PROPN,,,,Q-c,,Блаже Конески,7. СКАЗНАТА НА СТАРИОТ МАЈСТОР,и трпне
lowercase_propn,туман,туман,PROPN,,,,Npmsnn,,Гане Тодоровски,Зимска прикаска,сквозь туман кремнистий путь блестит “
lowercase_propn,угор,угор,PROPN,,,,Npfsnn,,Тодор Чаловски,Искра,Потем бегаш од попир кон угор
lowercase_propn,умри,умри,PROPN,,,,Npmsnn,,Кочо Рацин,Денови,роди се човек — скот умри
lowercase_propn,утринум,утринум,PROPN,,,,Q-s,,Анте Поповски,Кога си далеку,"Кога си далеку , пролети утринум"
lowercase_propn,ферер,ферер,PROPN,,,,Npmsnn,,Ристо Лазаров,ЛАВЕЈ ВО ЛАЧЕНИ ЧЕВЛИ,на ибраим ферер
lowercase_propn,филизи,филизи,PROPN,,,,Npmsnn,,Блаже Конески,КРУША ДИВЈАЧКА,Првата пролет пушти сакатото стебло филизи дури
lowercase_propn,фредерико,фредерико,PROPN,,,,Npmsnn,,Ристо Лазаров,КАФЕ ТОРТОНИ,нема да види како фредерико гарсија лорка
lowercase_propn,фурка,фурка,PROPN,,,,Npfsnn,,Влада Урошевиќ,Циганско лето,Брмчи сонцето намотувајќи се на фурка .
lowercase_propn,хаџи,хаџи,PROPN,,,,Npmsnn,,Ристо Лазаров,ЖОРНОУТРО,на стефан хаџи николов
lowercase_propn,цветнат,цветнат,PROPN,,,,Q-s,,Гане Тодоровски,Гоце Делчев,а во дните нови на животот цветнат
lowercase_propn,цветја,цветја,PROPN,,,,Npfsnn,,Ацо Шопов,"Знам, ти сега сама замислена минеш",дали ветер в цветја потрепнува леко
lowercase_propn,цветја,цветја,PROPN,,,,Npmsnn,,Славко Јаневски,Илинка сончева свршеница - 3,"малинови цветја и кителе чело ,"
lowercase_propn,цури,цури,PROPN,,,,Npmsnn,,Ива Петреска,Клинче,Да цури .
lowercase_propn,цутој,цутој,PROPN,,,,Npmsnn,,Славко Јаневски,Твоја и моја земја - на Никола Јонков Вапцаров,"цутој ,"
lowercase_propn,ча,ча,PROPN,,,,Npmsnn,,Катица Ќулавкова,Αταραξια,ча биде саможив
lowercase_propn,чембер,чембер,PROPN,,,,Q-s,,Ристо Лазаров,ГРЕВ,среде чембер
lowercase_propn,черепа,черепа,PROPN,,,,Npmsnn,,Петре М. Андреевски,ПЕСНА ЗА МОЈАТА ПЕСНА,"черепа ,"
lowercase_propn,човека,човека,PROPN,,,,Npmsnn,,Тодор Чаловски,Јадрорез,кога мерка ѕверка во човека
lowercase_propn,шепотиш,шепотиш,PROPN,,,,Npmsnn,,Катица Ќулавкова,ДРАМА,шепотиш и се додаваш
lowercase_propn,шербетлија,шербетлија,PROPN,,,,Npfsnn,,Лилјана Дирјан,Светот – мојот брат,Не пијам ни капка од вашата вода шербетлија
lowercase_propn,штат,штат,PROPN,,,,Y,,Кочо Рацин,Татунчо,в борба искри кај што л ’ штат
lowercase_propn,шумна,шумна,PROPN,,,,Npfsnn,,Блаже Конески,6.,во шумна гора со прва смена
lowercase_propn,шшшшшшштттт,шшшшшшштттт,PROPN,,,,Q-s,,Катица Ќулавкова,"Скршени, набожни",шшшшшшштттт
lowercase_propn,ѓаволесто,ѓаволесто,PROPN,,,,Npmsnn,,Ристо Лазаров,ОПИР,ѓаволесто разлизгана
lowercase_propn,ѕвонлив,ѕвонлив,PROPN,,,,Npmsnn,,Славко Јаневски,Четирите,ѕвонлив ...
lowercase_propn,јабанец,јабанец,PROPN,,,,I,,Кочо Рацин,Балада за непознатиот,"„ Ја стани , море јабанец"
lowercase_propn,јаго,јаго,PROPN,,,,Npmsnn,,Славко Јаневски,Калина,"ѕвездено јаго пролета ,"
lowercase_propn,јад-бог,јад-бог,PROPN,,,,Q-s,,Катица Ќулавкова,МРАВКИ,"зелен јад , јад-бог"
lowercase_propn,јадрина,јадрина,PROPN,,,,Q-s,,Тодор Чаловски,Запис,јадрина
lowercase_propn,јазико,јазико,PROPN,,,,Q-s,,Катица Ќулавкова,МРТОВ ЈАЗИК,ништо подлабоко во човека не пробива од јазико
lowercase_propn,јазику,јазику,PROPN,,,,Npmsnn,,Катица Ќулавкова,Ода на македонскиот јазик,"јазику мој , јазику на светот"
lowercase_propn,јас-треб,јас-треб,PROPN,,,,Npmsnn,,Катица Ќулавкова,ЈАСТРЕБ И СЕНКА,"јас-треб , јас-требе , те-требе . . ."
lowercase_propn,јасникова,јасникова,PROPN,,,,Npmsnn,,Блаже Конески,ПОЛНОЌ,полноќ јасникова ;
lowercase_propn,јат,јат,PROPN,,,,Npmsnn,,Блаже Конески,ИСКУШУВАЊЕ,"за јат , јери и јер да зборам ."
lowercase_propn,јери,јери,PROPN,,,,Npmsnn,,Блаже Конески,ИСКУШУВАЊЕ,"за јат , јери и јер да зборам ."
lowercase_propn,јован,јован,PROPN,,,,Npmsnn,,Ристо Лазаров,ЕВИТА,евита и папата јован павле втори сега се бронзени соседи
lowercase_propn,јужна,јужен,PROPN,,,,Npfsnn,,Пијан Славеј,КАЛЕМЕЊЕ,од земјата јужна
lowercase_propn,јунакова,јунакова,PROPN,,,,Y,,Тодор Чаловски,Искра,игралита личба јунакова
lowercase_propn,јури,јури,PROPN,,,,Npmsnn,,Блаже Конески,7. СКАЗНАТА НА СТАРИОТ МАЈСТОР,"в ширина јури ,"
lowercase_propn,јури,јури,PROPN,,,,Npmsnn,,Блаже Конески,7. СКАЗНАТА НА СТАРИОТ МАЈСТОР,јури
lowercase_propn,љуба,љуба,PROPN,,,,Npfsnn,,Кочо Рацин,Татунчо,"верна , добра млада љуба –"
mixed_script,infinitum-от,infinitum,PROPN,,,,Npmsny,,Богомил Ѓузел,"Лондон, Нова година 1965","ad infinitum-от на нашите дни ,"
mixed_script,Ηа,ηа,ADJ,,,,Ag-ms-n,,Веле Смилевски,Заробена книга (1.),Ηа час по читање
mixed_script,ΚАМЕН,κамен,NUM,,,,Q-s,,Адем Гајтани,ΚАМЕН,ΚАМЕН
mixed_script,οти,οти,ADV,,,,Rgp,,Богомил Ѓузел,VII,"Зборовиве ти ги давам , ο ти отсутна , οти отсутна ,"
mixed_script,никаквa,никаквa,ADJ,,,,Ag-ms-n,,Ива Петреска,Првиот впечаток (експозиција),од светот никаквa норма .
mixed_script,штο,штο,VERB,,,,Q-s,,Богомил Ѓузел,IX,назад кон родната птица штο можеби
mixed_script,штο,штο,VERB,,,,Vmeia-s-n,,Богомил Ѓузел,Х,штο на друго место ми одзедовте
non_cyrillic,ad,ad,VERB,,,,Vmeia-s-n,,Богомил Ѓузел,"Лондон, Нова година 1965","ad infinitum-от на нашите дни ,"
non_cyrillic,ANNAEUS,ANNAEUS,PROPN,,,,Npmsnn,,Катица Ќулавкова,Αταραξια,LUCIUS ANNAEUS SENECA на Корзика ...
non_cyrillic,appaloosa,appaloosa,ADJ,,,,Ag-ms-n,,Пијан Славеј,APPALOOSA,тој непредвидлив appaloosa пастув
non_cyrillic,Babylone,babylone,PROPN,,,,Q-s,,Ацо Шопов,Notre Dame,Нема каде : преку Babylone
non_cyrillic,Boulogne,boulogne,NOUN,,,,Ncmsnn,,Ацо Шопов,Notre Dame,"„ Поведи ме во Boulogne i Vincennes ,"
non_cyrillic,Credo,credo,PROPN,,,,Npmsnn,,Катица Ќулавкова,MISA CRIOLLA,Credo .
non_cyrillic,DER,DER,PROPN,,,,Npmsnn,,Ефтим Клетников,класична композиција,По Die Lehre DER SAINTE - VICTORIE Peter Handke
non_cyrillic,Dich,Dich,PROPN,,,,Npmsnn,,Гане Тодоровски,Скица за првото писмо до Ема Гермова,"I love You , Я люблю тебя , Ich liebe Dich ,"
non_cyrillic,Die,Die,ADJ,,,,Afpms-n,,Ефтим Клетников,класична композиција,По Die Lehre DER SAINTE - VICTORIE Peter Handke
non_cyrillic,Gloria,октдо,ADJ,,,,Afpfs-n,,Катица Ќулавкова,MISA CRIOLLA,Gloria .
non_cyrillic,guerido,guerido,PROPN,,,,Npfsnn,,Ристо Лазаров,ГАРДЕЛ,mi Buenos aires guerido
non_cyrillic,Handke,handke,PROPN,,,,Npmsnn,,Ефтим Клетников,класична композиција,По Die Lehre DER SAINTE - VICTORIE Peter Handke
non_cyrillic,ice,ice,PROPN,,,,Npmsnn,,Богомил Ѓузел,VI,од кајшто ice позајмени или да се остават на пат
non_cyrillic,infinito,infinito,NOUN,,,,I,,Катица Ќулавкова,ЏОРДАНО БРУНО: „Ние сме веќе на небо“,а светот е некој непознат infinito
non_cyrillic,Kyrie,kyrie,VERB,,,,Vmeia-s-n,,Катица Ќулавкова,MISA CRIOLLA,Kyrie .
non_cyrillic,Lehre,lehre,PROPN,,,,Npmsnn,,Ефтим Клетников,класична композиција,По Die Lehre DER SAINTE - VICTORIE Peter Handke
non_cyrillic,Lover,lover,NOUN,,,,Ncmsnn,,Пијан Славеј,ЛАВА ЛАВА,"О , Лава – Lover"
non_cyrillic,Lover,lover,NOUN,,,,Ncmsnn,,Пијан Славеј,ЛАВА ЛАВА,"О , Лава – Lover"
non_cyrillic,LUCIUS,lucius,PROPN,,,,Npmsnn,,Катица Ќулавкова,Αταραξια,LUCIUS ANNAEUS SENECA на Корзика ...
non_cyrillic,Miro,Miro,PROPN,,,,Y,,Пијан Славеј,АВТОПОРТРЕТИ,( Yo Miro )
non_cyrillic,navigare,navigare,VERB,,,,Q-s,,Братислав Ташковски,Големата љубовна песна 1.море,navigare necesse est !
non_cyrillic,necesse,necesse,ADJ,,,,Afsfs-y,,Братислав Ташковски,Големата љубовна песна 1.море,navigare necesse est !
non_cyrillic,Peter,Peter,PROPN,,,,Npmsnn,,Ефтим Клетников,класична композиција,По Die Lehre DER SAINTE - VICTORIE Peter Handke
non_cyrillic,Pigalle,pigalle,NOUN,,,,Ncfsnn,,Ацо Шопов,Notre Dame,да одлутам на Pigalle и вечер .
non_cyrillic,SAINTE,SAINTE,PROPN,,,,Npmsnn,,Ефтим Клетников,класична композиција,По Die Lehre DER SAINTE - VICTORIE Peter Handke
non_cyrillic,Scorpio,Scorpio,PROPN,,,,Npfsnn,,Катица Ќулавкова,ОСМА: КУЌА НА СМРТТА,Сонцето на раѓањето во куќата на Scorpio
non_cyrillic,Scorpius-Ophiucus,Scorpius-Ophiucus,ADJ,,,,Afsfs-y,,Катица Ќулавкова,ТРЕТО СОНЦЕ: LEO - rising sun -,Scorpius-Ophiucus . *
non_cyrillic,SENECA,SENECA,PROPN,,,,Npmsnn,,Катица Ќулавкова,Αταραξια,LUCIUS ANNAEUS SENECA на Корзика ...
non_cyrillic,Shapiro,Shapiro,PROPN,,,,Npmsnn,,Ива Петреска,Оваа љубов,По “ Neolithic Revolution ” − Ali Shapiro
non_cyrillic,VICTORIE,victorie,PROPN,,,,Npmsnn,,Ефтим Клетников,класична композиција,По Die Lehre DER SAINTE - VICTORIE Peter Handke
non_cyrillic,Vitus,vitus,PROPN,,,,Npmsnn,,Катица Ќулавкова,ДРАМА,Sanctus Vitus .
non_cyrillic,Ε,ε,VERB,,,,Vmeia-s-n,,Веле Смилевски,Концепт за книга,Ε крик
unknown_tag,aires,aires,,,,,X,X,Ристо Лазаров,ГАРДЕЛ,mi Buenos aires guerido
unknown_tag,Ali,Ali,,,,,X,X,Ива Петреска,Оваа љубов,По “ Neolithic Revolution ” − Ali Shapiro
unknown_tag,Buenos,buenos,,,,,X,X,Ристо Лазаров,ГАРДЕЛ,mi Buenos aires guerido
unknown_tag,coeur,coeur,,,,,X,X,Богомил Ѓузел,VI,"крвав cri de coeur , но сал неизбежен вкус"
unknown_tag,Cogito,Cogito,,,,,Xf,Xf,Бранко Цветкоски,ЧЕШМА ПОКРАЈ ПАТОТ 3.,Невидлива опашка на Cogito и Sum
unknown_tag,de,de,,,,,Xf,Xf,Богомил Ѓузел,VI,"крвав cri de coeur , но сал неизбежен вкус"
unknown_tag,e,e,,,,,X,X,Ива Петреска,"Надмена тврдоглавост (лесна рима, длабока содржина)",на која погледот ѝ e свртен само горе .
unknown_tag,est,est,,,,,Xf,Xf,Братислав Ташковски,Големата љубовна песна 1.море,navigare necesse est !
unknown_tag,est,est,,,,,Xf,Xf,Братислав Ташковски,Големата љубовна песна 1.море,vivere non est !
unknown_tag,i,i,,,,,X,X,Ацо Шопов,Notre Dame,"„ Поведи ме во Boulogne i Vincennes ,"
unknown_tag,Ich,Ich,,,,,X,X,Гане Тодоровски,Скица за првото писмо до Ема Гермова,"I love You , Я люблю тебя , Ich liebe Dich ,"
unknown_tag,Inconnu,inconnu,,,,,X,X,Богомил Ѓузел,VII,"додека на . пратката не залепат „ Inconnu "" ."
unknown_tag,liebe,liebe,,,,,X,X,Гане Тодоровски,Скица за првото писмо до Ема Гермова,"I love You , Я люблю тебя , Ich liebe Dich ,"
unknown_tag,love,love,,,,,X,X,Гане Тодоровски,Скица за првото писмо до Ема Гермова,"I love You , Я люблю тебя , Ich liebe Dich ,"
unknown_tag,mores,mores,,,,,X,X,Катица Ќулавкова,СЕКРЕТ,"tempora , ah mores !"
unknown_tag,Neolithic,neolithic,,,,,X,X,Ива Петреска,Оваа љубов,По “ Neolithic Revolution ” − Ali Shapiro
unknown_tag,Nevermore,nevermore,,,,,X,X,Веле Смилевски,Забранета книга,Забрането гракање според „ Nevermore ! “
unknown_tag,Nevermore,nevermore,,,,,X,X,Веле Смилевски,Забранета книга,Забрането гракање според „ Nevermore ! “
unknown_tag,Nevermore,nevermore,,,,,X,X,Веле Смилевски,Забранета книга,Забрането гракање според „ Nevermore ! “
unknown_tag,non,non,,,,,X,X,Братислав Ташковски,Големата љубовна песна 1.море,vivere non est !
unknown_tag,Notre,Notre,,,,,Xf,Xf,Ацо Шопов,Notre Dame,што би сторил да а Notre Dame
unknown_tag,Revolution,revolution,,,,,X,X,Ива Петреска,Оваа љубов,По “ Neolithic Revolution ” − Ali Shapiro
unknown_tag,Vincennes,vincennes,,,,,X,X,Ацо Шопов,Notre Dame,"„ Поведи ме во Boulogne i Vincennes ,"
unknown_tag,WC,WC,,,,,X,X,Веле Смилевски,Заборавена книга,"под копита , во WC , на ливада ,"
unknown_tag,Yo,yo,,,,,X,X,Пијан Славеј,АВТОПОРТРЕТИ,( Yo Miro )
unknown_tag,You,you,,,,,X,X,Гане Тодоровски,Скица за првото писмо до Ема Гермова,"I love You , Я люблю тебя , Ich liebe Dich ,"
unknown_tag,|,|,,,,,Y,Y,Блаже Конески,Езеро,ме | у две угризенија на совеста !
unknown_tag,è,è,,,,,Xf,Xf,Влада Урошевиќ,Доверба во песната,"таа вистина што тоа и è , и не е ,"
unknown_tag,ο,ο,,,,,I,I,Адем Гајтани,Водата,да се исплашиме ο господе ο пупко
unknown_tag,а,А,,,,,X,X,Гане Тодоровски,Нашинска (III),М а к е д о н ц и !
unknown_tag,а,А,,,,,X,X,Блаже Конески,Елен самак,"сè дури не го свие тој , не за сон а за смрт ,"
unknown_tag,а,А,,,,,X,X,Братислав Ташковски,"Заедно, само така!",и ј а с
unknown_tag,а,А,,,,,X,X,Катица Ќулавкова,МОЖНОСТ ЗА ПЕСНА,"сеедно по којпат , с е г а чекаш"
unknown_tag,ала,ала,,,,,X,X,Славко Јаневски,Две приказни,"по него пузиња лути одат на троглава ала ,"
unknown_tag,алово,алово,,,,,X,X,Кочо Рацин,Печал,"и плиска знаме алово ,"
unknown_tag,ами,ами,,,,,X,X,Тодор Чаловски,Благун,Не за завист ами за гордеење те имам
unknown_tag,ангелу,ангелу,,,,,X,X,Богомил Ѓузел,II,"Доаѓаш , ангелу , наместо со бич , со лузна на челото"
unknown_tag,б,Б,,,,,X,X,Кочо Рацин,Копачите,Ќе б ’ сне сонце златно —
unknown_tag,Б,Б,,,,,X,X,Пијан Славеј,ЈАЗИК ЗА ДВАЈЦА,секој нов изгрев со Б ќе се пали
unknown_tag,биљбиљ-зборој,биљбиљ-зборој,,,,,X,X,Пијан Славеј,РАСПЕСНИЕ,јата биљбиљ-зборој над глава ми кружат
unknown_tag,Богом,богом,,,,,X,X,Милош Линдро,АЗЗА,Богом божествена
unknown_tag,бодер,бодер,,,,,X,X,Блаже Конески,7. СКАЗНАТА НА СТАРИОТ МАЈСТОР,Убавец бодер !
unknown_tag,бранач,бранач,,,,,I,I,Гане Тодоровски,Молитва,За да поверувам дека ѝ бев на вистината бранач !
unknown_tag,Брион,брион,,,,,X,X,Милош Линдро,СВЕДОШТВОТО НА ЕНОХ ЗА АДАМА,"И од „ Мислите "" и од „ Брион """
unknown_tag,бы,бы,,,,,X,X,Гане Тодоровски,Зимска прикаска,„ Что бы мне так больно и так трудно
unknown_tag,везе,везе,,,,,X,X,Славко Јаневски,3имна приказна,"мразот по стакла везе играчки , шари живи ."
unknown_tag,вези,вези,,,,,I,I,Блаже Конески,ВЕЗИЛКА,"Па со нив вези еднолична низа ,"
unknown_tag,виа,виа,,,,,X,X,Кочо Рацин,Печал,у виа гради аргатски ?
unknown_tag,вилнее,вилнее,,,,,X,X,Ацо Шопов,Ветрот носи убаво време,Ветрот вилнее и јачи .
unknown_tag,витосал,витосал,,,,,X,X,Славко Јаневски,Горка лирика во селската крчма,"опустел , витосал светов ... “"
unknown_tag,водо,водо,,,,,X,X,Кочо Рацин,Елегии за тебе,Деј гиди водо студена !
unknown_tag,водо,водо,,,,,Xf,Xf,Веле Смилевски,Студена книга,"прежеднета водо , о )"
unknown_tag,водо,водо,,,,,X,X,Блаже Конески,ДОЈРАН,"– сиња водо , сињо небе ! –"
unknown_tag,Выхожу,выхожу,,,,,X,X,Гане Тодоровски,Зимска прикаска,„ Выхожу один я на дорогу
unknown_tag,г,Г,,,,,X,X,Веле Смилевски,Т.н. книга,на г - грдосана
unknown_tag,г,Г,,,,,X,X,Ацо Шопов,Очи,и жалеа оти не . ќе пламна г веќе .
unknown_tag,г,Г,,,,,X,X,Катица Ќулавкова,МОЖНОСТ ЗА ПЕСНА,"сеедно по којпат , с е г а чекаш"
unknown_tag,га,га,,,,,X,X,Тодор Чаловски,Монолог на староседелецот,затоа домот несито градите ми га отвори
unknown_tag,гази,гази,,,,,X,X,Блаже Конески,ТОРЕАДОР,"сеедно , гази со копита , гази !"
unknown_tag,гази,гази,,,,,X,X,Блаже Конески,ПЕСНАТА ЗА ЗАТВОРНИЦАТА,"Молком гази полноќ злобна ,"
unknown_tag,горо,горо,,,,,Xf,Xf,Кочо Рацин,Елегии за тебе,Деј гиди горо зелена !
unknown_tag,Грозданчо,грозданчо,,,,,X,X,Славко Јаневски,Егејска песна - 6,"„ Грозданчо , гроздова гранко ,"
unknown_tag,д,д,,,,,X,X,Гане Тодоровски,Нашинска (III),М а к е д о н ц и !
unknown_tag,Д,Д,,,,,X,X,Милош Линдро,СВЕДОШТВОТО НА ЕНОХ ЗА АДАМА,А – Д – М - Ъ
unknown_tag,дарој,дарој,,,,,X,X,Славко Јаневски,Сватовска,бело моме дарој ткае
unknown_tag,де,де,,,,,X,X,Блаже Конески,ИЛИНДЕНСКИ МЕЛОДИИ,"Гарване море , црно пиле де !"
unknown_tag,деверу,деверу,,,,,X,X,Славко Јаневски,Горка лирика во селската крчма,"„ Крчмару - деверу ,"
unknown_tag,другарко,другарко,,,,,X,X,Ацо Шопов,Очи,"Ко тогај , ко тогај , о другарко , помниш"
unknown_tag,друже,друже,,,,,X,X,Ацо Шопов,Очи,"се точеше шепот од уво до уво : „ Утре , друже , в зори , страшен бој не чека ,"
unknown_tag,е.,е.,,,,,I,I,Богомил Ѓузел,"Лондон, Нова година 1965","Животот и светот воопшто , т. е. онаков каков што"
unknown_tag,единак,единак,,,,,X,X,Блаже Конески,7. СКАЗНАТА НА СТАРИОТ МАЈСТОР,сонцето – единак !
unknown_tag,ео,ео,,,,,X,X,Влада Урошевиќ,Вечерен автобус,Место шофер генерал ео ширити внатре се гледа
unknown_tag,жалею,жалею,,,,,X,X,Гане Тодоровски,Зимска прикаска,"жду ль чего , жалею ли о чьем ? “"
unknown_tag,жуборлив,жуборлив,,,,,X,X,Гане Тодоровски,Македонски јазик,"Ти бигорлив , ти жуборлив , ти ромонлив ,"
unknown_tag,зоро,зоро,,,,,Xf,Xf,Славко Јаневски,Калина,"Девојко , зоро румена ,"
unknown_tag,зоро,зоро,,,,,X,X,Славко Јаневски,Песна на описменетиот бригадир,"Малино - зоро , љубена момо ,"
unknown_tag,зоро,зоро,,,,,X,X,Блаже Конески,ПЕСНА ЗА МАСЛИНКИТЕ,"– оздрави ме , зоро рујна ! –"
unknown_tag,и,и,,,,,X,X,Гане Тодоровски,Нашинска (III),М а к е д о н ц и !
unknown_tag,и,и,,,,,X,X,Ефтим Клетников,есеј : голгота,"ваат на сонцето . неподнослива е таа жештина , и на"
unknown_tag,изба,изба,,,,,X,X,Кочо Рацин,До еден работник,да живееш у изба –
unknown_tag,издив,издив,,,,,X,X,Славко Јаневски,Балада за Црногорската мома,"ќе чувствувам - издив топел од тебе ми , љубно ,"
unknown_tag,ил,ил,,,,,X,X,Богомил Ѓузел,IV,"да се сопре , ил врати ?"
unknown_tag,ил,ил,,,,,X,X,Богомил Ѓузел,IX,присутни ил отсутни сме секогаш потаму .
unknown_tag,ил,ил,,,,,X,X,Богомил Ѓузел,IX,крти ил чкртливо тврди : клапата од клунот
unknown_tag,ил,ил,,,,,X,X,Богомил Ѓузел,IX,"за рибите , ил птиците — назад в океанот ил во"
unknown_tag,ил,ил,,,,,X,X,Пијан Славеј,СТРАНЦИ ВО НОЌТА,ќе молчи ил ’ ќе пее отрезнато срце
unknown_tag,Илинко,илинко,,,,,X,X,Славко Јаневски,Илинка сончева свршеница - 5,"Ој , девојко , ој , Илинко ,"
unknown_tag,Илинко,илинко,,,,,X,X,Славко Јаневски,Илинка сончева свршеница - 7,"Ој , Илинко момо ,"
unknown_tag,Ино,ино,,,,,X,X,Милош Линдро,ИНО,Пристигнала Ино .
unknown_tag,ищу,ищу,,,,,X,X,Гане Тодоровски,Зимска прикаска,„ Я ищу свободы и покоя “
unknown_tag,к,к,,,,,X,X,Катица Ќулавкова,Ужас без крај (обична песна),Затоа што и на јагулите патот не им е прооден к ’ о што беше
unknown_tag,к,к,,,,,X,X,Гане Тодоровски,Нашинска (III),М а к е д о н ц и !
unknown_tag,ка,ка,,,,,X,X,Блаже Конески,КАРАОРМАН,"Ти мирисни трева ка мириса ,"
unknown_tag,карасмрт,карасмрт,,,,,X,X,Кочо Рацин,Балада за непознатиот,мојата смрт е – карасмрт ! ”
unknown_tag,ки,ки,,,,,X,X,Славко Јаневски,Зоја - 4,"Девој ки ,"
unknown_tag,кликтава,кликтава,,,,,Xf,Xf,Блаже Конески,ДОЈРАН,"слободна , кликтава , дивна !"
unknown_tag,ко,ко,,,,,X,X,Гане Тодоровски,Македонски јазик,дека ко рожба најмила ми те зачуваа
unknown_tag,ко,ко,,,,,X,X,Ацо Шопов,Август,Златните зрна на гроздот ко едри зеници гаснат .
unknown_tag,ко,ко,,,,,X,X,Ацо Шопов,Ноќта,има допир силен ко најприсно сливање .
unknown_tag,ко,ко,,,,,X,X,Ацо Шопов,Ако сведнам понекогаш глава,"Радост носам исто ко и ти , –"
unknown_tag,ко,ко,,,,,X,X,Ацо Шопов,Ако сведнам понекогаш глава,тоа само ко ехо се гласил
unknown_tag,ко,ко,,,,,Xf,Xf,Славко Јаневски,Цветови,последна мисла ко птица летна :
unknown_tag,ко,ко,,,,,X,X,Славко Јаневски,Четирите,"рујна ко ајдучко знаме ,"
unknown_tag,ко,ко,,,,,X,X,Славко Јаневски,Четирите,бела ко цутје на гранка “ .
unknown_tag,ко,ко,,,,,X,X,Славко Јаневски,Четирите,бистро ко потокот летен “ .
unknown_tag,ко,ко,,,,,X,X,Славко Јаневски,Четирите,"драга ко утрено сонце ,"
unknown_tag,ко,ко,,,,,X,X,Славко Јаневски,Четирите,топла ко оганот зимен “ .
unknown_tag,ко,ко,,,,,X,X,Славко Јаневски,Испраќала мајка чедо,"извори бистри ко детско око ,"
unknown_tag,ко,ко,,,,,X,X,Славко Јаневски,Гората за овчарот,усмивка ширум ко море
unknown_tag,ко,ко,,,,,Xf,Xf,Славко Јаневски,Цветои,последна мисла ко птица летна :
unknown_tag,ко,ко,,,,,X,X,Славко Јаневски,Балада за Црногорската мома,што ми снага милуваа ко сребренкав ѕун на ѕвона ?
unknown_tag,ко,ко,,,,,X,X,Славко Јаневски,Прва бразда,"Земјата , полна ко виме , бразда в длабочина чека -"
unknown_tag,ко,ко,,,,,X,X,Славко Јаневски,3имна приказна,"Лета пред наши очи мома ко облак бела ,"
unknown_tag,ко,ко,,,,,X,X,Славко Јаневски,Љубов за љубов,"песната свадбена , тивка в грло ко жарче што пече ,"
unknown_tag,ко,ко,,,,,X,X,Славко Јаневски,Јас пак ќе се вратам,"деној ко зрак пламнат , деној - птици бели ,"
unknown_tag,ко,ко,,,,,X,X,Славко Јаневски,Јас пак ќе се вратам,"верност ко зрак светла , јака како камен ,"
unknown_tag,ко,ко,,,,,X,X,Славко Јаневски,Твоја и моја земја - на Никола Јонков Вапцаров,"друм ко душа широк ,"
unknown_tag,ко,ко,,,,,X,X,Славко Јаневски,Две приказни,"Остана живата спомен , детството ко на сон згина ,"
unknown_tag,ко,ко,,,,,X,X,Славко Јаневски,Украина,ко момина љубов мила
unknown_tag,ко,ко,,,,,X,X,Славко Јаневски,Украина,и топла ко срца млади :
unknown_tag,ко,ко,,,,,X,X,Славко Јаневски,Украина,ко момина љубов мила
unknown_tag,ко,ко,,,,,X,X,Славко Јаневски,Украина,и топла ко срца млади .
unknown_tag,ко,ко,,,,,X,X,Славко Јаневски,Зоја - 7,љубов за земјата нејна ко молња во очи и сјае .
unknown_tag,ко,ко,,,,,X,X,Тодор Чаловски,Ткаење,по жиците што ко тек плавен се нижат
unknown_tag,ко,ко,,,,,X,X,Тодор Чаловски,Монолог на староседелецот,Животот ми се пристори ко минат на вересија
unknown_tag,ко,ко,,,,,X,X,Ацо Шопов,Очи,в студените утра ќе грејат ко солнце
unknown_tag,ко,ко,,,,,X,X,Ацо Шопов,Очи,"Ко тогај , ко тогај , о другарко , помниш"
unknown_tag,ко,ко,,,,,X,X,Ацо Шопов,Очи,"а ти чело збрчка , ко тигрица рипна"
unknown_tag,ко,ко,,,,,X,X,Ацо Шопов,Очи,ко елени брзи и леки ко птица .
unknown_tag,ко,ко,,,,,X,X,Богомил Ѓузел,"Лондон, Hова година 1965","— Да се правиме , исправиме или преправаме ко со"
unknown_tag,ко,ко,,,,,X,X,Богомил Ѓузел,IX,во која би сакале да нè чуваат ко качунки
unknown_tag,ко,ко,,,,,X,X,Богомил Ѓузел,IX,"свежи за низ сите сезони , ко славеи постојано при"
unknown_tag,ко,ко,,,,,X,X,Богомил Ѓузел,IX,напред кон белиот свет што навева ко сезонски
unknown_tag,ко,ко,,,,,X,X,Богомил Ѓузел,IX,"ко целина засебна , се дели од мене ко амебата што"
unknown_tag,ко,ко,,,,,X,X,Богомил Ѓузел,IX,"исчезнува во пеењето , ко билката во растењето ,"
unknown_tag,ко,ко,,,,,X,X,Богомил Ѓузел,IX,да трае ко и дишењето .
unknown_tag,ко,ко,,,,,X,X,Богомил Ѓузел,Х,"по неној збор ко диво месо , ко грба , ко паразиина"
unknown_tag,ко,ко,,,,,X,X,Богомил Ѓузел,Х,"по неној збор ко диво месо , ко грба , ко паразиина"
unknown_tag,ко,ко,,,,,X,X,Богомил Ѓузел,Х,"по неној збор ко диво месо , ко грба , ко паразиина"
unknown_tag,ко,ко,,,,,X,X,Блаже Конески,ВЕЗИЛКА,се гаси од нив ко цвеќе без боја .
unknown_tag,ко,ко,,,,,X,X,Блаже Конески,ВИЈ,И свеќи ко што бледат
unknown_tag,ко,ко,,,,,Xf,Xf,Блаже Конески,СОНЧЕВА КОЛОНА,Се стресе сета ко слаба треска
unknown_tag,ко,ко,,,,,X,X,Блаже Конески,6.,Аргатска живот ко лута змија
unknown_tag,ко,ко,,,,,X,X,Пијан Славеј,ДВОЈКА,Морнар ко морнар
unknown_tag,ко,ко,,,,,X,X,Пијан Славеј,ДВОЈКА,Те лупев ко кромид
unknown_tag,ко,ко,,,,,X,X,Пијан Славеј,***,Да не рече некој – Песна ко песна
unknown_tag,ко,ко,,,,,X,X,Пијан Славеј,2. (Боксер),Се плашев ко дете
unknown_tag,ко,ко,,,,,X,X,Пијан Славеј,СЕНКИ,"ќе кружат ко стрелки на часовник , напред"
unknown_tag,ко,ко,X,,,,Y,Y,Пијан Славеј,БУКЕ НА ЕДЕН ДОБРО ОДЛЕЖАН БАКНЕЖ,тука пред носот ко цвеќе на сонот
unknown_tag,ко,ко,,,,,Xf,Xf,Пијан Славеј,КАЛЕМЕЊЕ,здрава ко пушка
unknown_tag,ко,ко,,,,,X,X,Пијан Славеј,СРОД,родени ко една
unknown_tag,ко,ко,,,,,X,X,Пијан Славеј,ШТИПНИ МЕ ДА ЗНАМ ДЕКА НЕ СОНУВАМ,старееме ко деца
unknown_tag,ко,ко,,,,,X,X,Ефтим Клетников,Јавач во полноќта - 3,со глас ко лилјан темносин —
unknown_tag,ко,ко,,,,,X,X,Петре М. Андреевски,ИЗЛЕТ,"Рамената ñбеа обли ко водата што беше во вода ,"
unknown_tag,ко,ко,,,,,X,X,Петре М. Андреевски,ТРЕТО ПИСМО,"истекува ко млаз вода или ко сува пченица ,"
unknown_tag,ко,ко,,,,,X,X,Катица Ќулавкова,VIA LASCIVA  5.,вешто ко срамниче-трепетлика
unknown_tag,ко,ко,,,,,X,X,Катица Ќулавкова,МРАВКИ,"тихум , на корка леб ко на срце"
unknown_tag,ко,ко,,,,,X,X,Катица Ќулавкова,МЕТАФИЗИЧКИ НЕМИР,без пауза клесан ко глинен глаголски натпис
unknown_tag,ко,ко,,,,,X,X,Катица Ќулавкова,ЈАСТРЕБ И СЕНКА,"во тебе можеби ќе се пресели , ко привид"
unknown_tag,ко,ко,,,,,X,X,Катица Ќулавкова,ОГНИШТЕ,кај се зборовите дрочни ко смрчки
unknown_tag,ко,ко,,,,,X,X,Ива Петреска,Верник,ем верник ем пие ко стока .
unknown_tag,кобиш,кобиш,,,,,X,X,Блаже Конески,ИЛИНДЕНСКИ МЕЛОДИИ,"Лоша коба кобиш , црни гласје носиш ."
unknown_tag,Комсомол,Комсомол,,,,,X,X,Славко Јаневски,Зоја - 3,"криела снага в Комсомол орлица мома ,"
unknown_tag,крају,крају,,,,,X,X,Блаже Конески,ДОЈРАН,"Модри ридје , крају свиден ,"
unknown_tag,л,л,,,,,X,X,Кочо Рацин,Копачите,ќе л ’ сне живот нов !
unknown_tag,л,л,,,,,X,X,Кочо Рацин,Татунчо,в борба искри кај што л ’ штат
unknown_tag,Л.,Л.,,,,,X,X,Ацо Шопов,Убавината,На Л. Личеноски
unknown_tag,л.,л.,,,,,X,X,Блаже Конески,СОНЧЕВА КОЛОНА,што тоне в небо со тивка жа . л. ..
unknown_tag,ламент,ламент,,,,,X,X,Катица Ќулавкова,ОГНИШТЕ,- ламент -
unknown_tag,ле,ле,,,,,X,X,Ефтим Клетников,НЕ МИНУВАЈТЕ ПОКРАЈ ГРОБОВИТЕ НА ДЕВОЈКИТЕ - 2,"( Ох , црна таго ле !"
unknown_tag,лекуј,лекуј,,,,,X,X,Блаже Конески,МОЛИТВА,"Лекуј ме , лекуј , земјо ,"
unknown_tag,либе,либе,,,,,X,X,Славко Јаневски,Балада за Црногорската мома,"- Ој , Мргуде , либе прво ... кај се твојте очи сини ,"
unknown_tag,либе,либе,,,,,X,X,Славко Јаневски,Јас пак ќе се вратам,"Мојте мисли , либе , во Трст жици кинат ,"
unknown_tag,лни,лни,,,,,X,X,Кочо Рацин,Татунчо,"не ме к ’ лни , не ме жали ;"
unknown_tag,лнце,лнце,,,,,X,X,Кочо Рацин,Татунчо,"с ’ лнце сјае , с ’ лнце трепти !"
unknown_tag,лнце,лнце,,,,,X,X,Кочо Рацин,Татунчо,"с ’ лнце сјае , с ’ лнце трепти !"
unknown_tag,ль,ль,,,,,X,X,Гане Тодоровски,Зимска прикаска,"жду ль чего , жалею ли о чьем ? “"
unknown_tag,люблю,люблю,,,,,X,X,Гане Тодоровски,Скица за првото писмо до Ема Гермова,"I love You , Я люблю тебя , Ich liebe Dich ,"
unknown_tag,М,М,,,,,X,X,Гане Тодоровски,Нашинска (III),М а к е д о н ц и !
unknown_tag,м,м,,,,,X,X,Богомил Ѓузел,I,ако треба м ако треба учествувавме во играта
unknown_tag,М,М,,,,,X,X,Милош Линдро,СВЕДОШТВОТО НА ЕНОХ ЗА АДАМА,А – Д – М - Ъ
unknown_tag,м,м,,,,,X,X,Пијан Славеј,ХЕЈТ,не мо ’ м да го смислам
unknown_tag,м,м,,,,,X,X,Катица Ќулавкова,ПРЕРОДБА,"„ Овде је мрачио и мрак м ' обвива """
unknown_tag,м.,м.,,,,,X,X,Ефтим Клетников,псалм,се наоѓа на 1000 м. над . вис .
unknown_tag,мазноплеќест,мазноплеќест,,,,,X,X,Влада Урошевиќ,Рид,Посна земја : мазноплеќест и грдомасен
unknown_tag,Македонијо,македонијо,,,,,X,X,Гане Тодоровски,Фуснота без повод,"Ој , Македонијо , малодушна и кибарна ,"
unknown_tag,Македонијо,македонијо,,,,,X,X,Гане Тодоровски,Фуснота без повод,"Ој , Македонијо , градска и социјалистичка ,"
unknown_tag,Македонијо,македонијо,,,,,X,X,Гане Тодоровски,Фуснота без повод,"О , Македонијо , пленумска , синдикална ,"
unknown_tag,Македонијо,македонијо,,,,,X,X,Гане Тодоровски,4ти мај 1903,"Имаш ли доволно гробје , ој Македонијо ,"
unknown_tag,мила,мила,,,,,Xf,Xf,Славко Јаневски,Прва бразда,"Како во приказна детска , мајчина целувка мила ,"
unknown_tag,мила,мила,,,,,Xf,Xf,Славко Јаневски,Песна на описменетиот бригадир,"за мома мила , жнеачка в ниви ,"
unknown_tag,мила,мила,,,,,Xf,Xf,Катица Ќулавкова,БЛЕФ: КОЦКА,"не тој мене , мила моја !"
unknown_tag,Мисл,мисл,,,,,X,X,Милош Линдро,Господ Еноху (III),"„ Аз "" , „ Добро "" , „ Мисл "" , „ Ер "" ."
unknown_tag,мне,мне,,,,,X,X,Гане Тодоровски,Зимска прикаска,„ Что бы мне так больно и так трудно
unknown_tag,мрачио,мрачио,,,,,X,X,Катица Ќулавкова,ПРЕРОДБА,"„ Овде је мрачио и мрак м ' обвива """
unknown_tag,Мргуде,Мргуде,,,,,X,X,Славко Јаневски,Балада за Црногорската мома,"- Ој , Мргуде , либе прво ... кај се твојте очи сини ,"
unknown_tag,Мргуде,Мргуде,,,,,X,X,Славко Јаневски,Балада за Црногорската мома,"Ој , Мргуде , млад јаблане , ој , детството кај е мило ,"
unknown_tag,н,н.,,,,,X,X,Веле Смилевски,Т.н. книга,книга т. н .
unknown_tag,н,н.,X,,,,Y,Y,Славко Јаневски,Три неволји,Три неволји н мене ме мачат ...
unknown_tag,н,н.,,,,,X,X,Славко Јаневски,Горка лирика во селската крчма,"да ѕирна н од гробот ладен ,"
unknown_tag,н,н.,,,,,X,X,Ефтим Клетников,***,нас . среќаваме зборови . н 
unknown_tag,н,н.,,,,,X,X,Ристо Лазаров,ГАЛИЧИЦА,ем н # гали
unknown_tag,нам,нам,,,,,X,X,Славко Јаневски,Ноќ пред Илинден,"3 нам усмивка блага на лик ќе ти светне ,"
unknown_tag,народе,народе,,,,,X,X,Блаже Конески,ТЕШКОТО,"Од вековно ропство , мој народе , идеш"
unknown_tag,небе,небе,,,,,X,X,Блаже Конески,ДОЈРАН,"– сиња водо , сињо небе ! –"
unknown_tag,негде,негде,,,,,Q-c,Q-c,Славко Јаневски,3имна приказна,"Има ли в светот негде , има ли џиној лути ? """
unknown_tag,негде,негде,,,,,X,X,Славко Јаневски,Љубов за љубов,"Статне ли тапанот негде , в Галичник , в свадбарска"
unknown_tag,несон,несон,,,,,X,X,Веле Смилевски,Книгата куќа,"Збор по збор , несон , наковална , сачма во крвта"
unknown_tag,нигде,нигде,,,,,X,X,Анте Поповски,Кон Македонија,"Дојдов да лутам ноќ и ден , крај в краја и никој нигде ништо ."
unknown_tag,никога,никога,,,,,X,X,Кочо Рацин,Утрото над нас,по тија радост никога нема
unknown_tag,ними,ними,,,,,X,X,Ефтим Клетников,ТИХА БЕСЕДА СО ТАТКО МИ,сал ними знаен . )
unknown_tag,о,о,,,,,X,X,Гане Тодоровски,Зимска прикаска,"жду ль чего , жалею ли о чьем ? “"
unknown_tag,о,о,,,,,X,X,Катица Ќулавкова,Ужас без крај (обична песна),Затоа што и на јагулите патот не им е прооден к ’ о што беше
unknown_tag,о,о,,,,,X,X,Гане Тодоровски,Нашинска (III),М а к е д о н ц и !
unknown_tag,один,один,,,,,X,X,Гане Тодоровски,Зимска прикаска,„ Выхожу один я на дорогу
unknown_tag,ое,ое,,,,,X,X,Катица Ќулавкова,"ВРЕМИЊА, ОБИЧАИ",недоветни доста ое правевте :
unknown_tag,олелио,олелио,,,,,X,X,Ацо Шопов,Тажачка од онаа страна на животот,"Земјо олелио , земјо пустелио ,"
unknown_tag,ошто,ошто,,,,,X,X,Милош Линдро,Господ Еноху (II),"За ошто е , до кога е"
unknown_tag,ој,ој,,,,,X,X,Славко Јаневски,Балада за Црногорската мома,"Ој Мргуде , ој , соколе , пролет стаса – спомен"
unknown_tag,оја,оја,,,,,X,X,Славко Јаневски,Зоја - 7,"Бучат немските гласој - 3 оја победник трае ,"
unknown_tag,пату,пату,,,,,X,X,Адем Гајтани,Еден од патиштата мои,горчините твои пату мој
unknown_tag,Пенелопо,пенелопо,,,,,X,X,Блаже Конески,Одисеј,"Ниту ти можеби , Пенелопо , си го чекала"
unknown_tag,Пирин,пирин,,,,,X,X,Славко Јаневски,"Планино, планино - 4","за тебе , планино Пирин !"
unknown_tag,Планино,планино,,,,,X,X,Славко Јаневски,Сестрина љубов,"Планино , моминска таго , чувај го , чувај го брат ни ,"
unknown_tag,Планино,планино,,,,,X,X,Славко Јаневски,"Планино, планино - 1","јачела песната ширум : „ Планино , планино ,"
unknown_tag,планино,планино,,,,,X,X,Славко Јаневски,"Планино, планино - 1","јачела песната ширум : „ Планино , планино ,"
unknown_tag,планино,планино,,,,,X,X,Славко Јаневски,"Планино, планино - 4","за тебе , планино Пирин !"
unknown_tag,погледу,погледу,,,,,X,X,Славко Јаневски,Украина,"мој погледу , цвете питом ,"
unknown_tag,поитро,поитро,,,,,X,X,Катица Ќулавкова,MAGNA CARTA,и од Меркур поитро .. .
unknown_tag,превртуј,превртуј,,,,,X,X,Кочо Рацин,Тутуноберачите,"лист по лист превртуј , притискај ,"
unknown_tag,преди,преди,,,,,X,X,Милош Линдро,Енох на седмото небо II,Е од преди Земјата
unknown_tag,пустелио,пустелио,,,,,X,X,Ацо Шопов,Тажачка од онаа страна на животот,"Земјо олелио , земјо пустелио ,"
unknown_tag,путь,путь,,,,,X,X,Гане Тодоровски,Зимска прикаска,сквозь туман кремнистий путь блестит “
unknown_tag,резе,резе,,,,,X,X,Блаже Конески,СТАРАТА,"„ Добровечер “ , чкртнува на портата резе ."
unknown_tag,Реко,Реко,,,,,X,X,Славко Јаневски,Гората за овчарот,"момин глас кога слушам : „ Реко ле огнена ,"
unknown_tag,реко,реко,,,,,X,X,Славко Јаневски,Гората за овчарот,"Ти ќе го познаеш , реко ,"
unknown_tag,реко,реко,,,,,X,X,Пијан Славеј,СЕРБЕЗ,"ах , реко моја"
unknown_tag,рисој,рисој,,,,,X,X,Славко Јаневски,Челник Пејо,"„ Чуј ме , чето , чујте , борци - рисој ,"
unknown_tag,рогат,рогат,,,,,X,X,Влада Урошевиќ,Што стана со козата,Бавно исчезнуваше натрапникот рогат .
unknown_tag,ронев,ронев,,,,,X,X,Славко Јаневски,Песна на описменетиот бригадир,"росници солзи над судба ронев , -"
unknown_tag,рујна,руен,,,,,Xf,Xf,Блаже Конески,ПЕСНА ЗА МАСЛИНКИТЕ,"– оздрави ме , зоро рујна ! –"
unknown_tag,с,с,,,,,X,X,Кочо Рацин,Утрото над нас,"на с ’ лнцето златните далги ,"
unknown_tag,с,с,,,,,X,X,Кочо Рацин,Татунчо,"с ’ лнце сјае , с ’ лнце трепти !"
unknown_tag,с,с,,,,,X,X,Кочо Рацин,На Струга дуќан да имам,"кондури с клинци ковани ,"
unknown_tag,с,с,,,,,X,X,Кочо Рацин,На Струга дуќан да имам,штамата сечат с ножови
unknown_tag,с,с,,,,,X,X,Ефтим Клетников,***,карпи - с  се вовлекува во
unknown_tag,с,с,,,,,X,X,Петре М. Андреевски,УМИЛКУВАЊЕ,"ќе ги затнам сите извори , с  што гори ќе отворам ."
unknown_tag,с,с,,,,,X,X,Петре М. Андреевски,ВТОРА ИСПОВЕД,пред с  што се мени за да те издвои тебе постојана .
unknown_tag,с,с,,,,,X,X,Петре М. Андреевски,ПЕТТО ПИСМО,"Те барав , те барам , во с  и сешто ,"
unknown_tag,с,с,,,,,X,X,Катица Ќулавкова,ЖЕДБА: СМРТ,потем се наслутува с # почесто
unknown_tag,с,с,,,,,X,X,Катица Ќулавкова,ЖЕДБА: СМРТ,во с # поприсните признаци од сонот
unknown_tag,с,с,,,,,X,X,Катица Ќулавкова,МОЖНОСТ ЗА ПЕСНА,"сеедно по којпат , с е г а чекаш"
unknown_tag,с,с,,,,,X,X,Ристо Лазаров,ГАРДЕЛ,на ел тенбросо с # уште се вкрстуваат
unknown_tag,с,с,,,,,X,X,Ристо Лазаров,БОРХЕС,за жал светот с # уште е стварен
unknown_tag,са,са,,,,,X,X,Блаже Конески,ПРОЛЕТНА ПЕСНА,"са зима расте , расте ."
unknown_tag,са,са,,,,,X,X,Ефтим Клетников,окото на темниот - 1,"Ликуваше Темниот , ликуваше са ноќ ;"
unknown_tag,са,са,,,,,X,X,Ефтим Клетников,ОКОТО НА ТЕМНИОТ ГИ ИЗВИДЕ И ГРОБОВИТЕ,"Ѕиркаше , са ноќ ѕиркаше Темниот"
unknown_tag,са,са,X,,,,Y,Y,Ефтим Клетников,НЕ МИНУВАЈТЕ ПОКРАЈ ГРОБОВИТЕ НА ДЕВОЈКИТЕ - 3,шуми са ноќ меѓу стеблата .
unknown_tag,са,са,,,,,X,X,Ефтим Клетников,НЕ МИНУВАЈТЕ ПОКРАЈ ГРОБОВИТЕ НА ДЕВОЈКИТЕ - 3,од чија прозрачност се храни са пролет и лето
unknown_tag,са,са,,,,,X,X,Ефтим Клетников,ОКОТО НА ТЕМНИОТ ГО ГЛЕДА МРТВОТО ДЕВОЈЧЕ НА ВОДЕНИЧАРОТ - 2,"па мракот , са ноќ , сал во светлина го меле :"
unknown_tag,Са,са,,,,,X,X,Ефтим Клетников,НОЌНИ СВРШЕНИЦИ,"Са ноќ , ту низ соѕвездијата се провираат"
unknown_tag,са,са,,,,,X,X,Ефтим Клетников,НАСТАН НА БРЕГОТ ОД МОРИЊАТА,"ние са зиме престојавме на брегот ,"
unknown_tag,Са,са,,,,,X,X,Ефтим Клетников,НОЌНА СВАДБА - 2,Са ноќ листа млада фиданка во црните шуми .
unknown_tag,са,са,,,,,X,X,Ефтим Клетников,НОЌНА СВАДБА - 2,Го гони са ноќ Кралот Шумски мракот од
unknown_tag,са,са,,,,,X,X,Ефтим Клетников,ПЕСНА ЗА ПРОЛЕТНИОТ ВЕТЕР,"само паѓа са ноќ полен над градините ,"
unknown_tag,са,са,,,,,X,X,Ефтим Клетников,ДЕТЕТО ГЛЕДА ВО НОЌТА Трагична соната во две слики,"Бликнува , жубори са ноќ синото цвеќе ."
unknown_tag,Сал,сал,,,,,X,X,Ацо Шопов,Ноќта,Сал нив им ги отвора широко зениците
unknown_tag,сал,сал,,,,,X,X,Веле Смилевски,Митска книга (Трета),"Α ни збор ни лика , сал темни врани"
unknown_tag,сал,сал,,,,,X,X,Тодор Чаловски,Загледан низ прозорецот,а се тркала сал јазел од златни лисја
unknown_tag,сал,сал,,,,,X,X,Тодор Чаловски,Монолог на староседелецот,уште почудни галичаните што сал туристи се прпелкаа
unknown_tag,сал,сал,,,,,X,X,Богомил Ѓузел,III,светот сал за да нè убеди толку необјатно
unknown_tag,сал,сал,,,,,X,X,Богомил Ѓузел,V,"Некое движење , сал рака испружена во просторот"
unknown_tag,Сал,сал,,,,,X,X,Богомил Ѓузел,VII,Сал поглед што те дочекува :
unknown_tag,сал,сал,,,,,X,X,Богомил Ѓузел,VIII,но сега овде оо нас сал време на севозможно
unknown_tag,сал,сал,,,,,X,X,Богомил Ѓузел,IX,"движење сал во една насока , движење"
unknown_tag,сал,сал,,,,,X,X,Богомил Ѓузел,Х,"( морето — крај ? не , сал почеток на морите и"
unknown_tag,сал,сал,,,,,X,X,Пијан Славеј,ЈАЗИК ЗА ДВАЈЦА,на крајот на светот сал Зборот ќе биде
unknown_tag,сал,сал,,,,,X,X,Ефтим Клетников,Јавач во полноќта - 5,веќе си сал крик на просторот ;
unknown_tag,сал,сал,,,,,X,X,Ефтим Клетников,ОКОТО НА ТЕМНИОТ ГО ГЛЕДА МРТВОТО ДЕВОЈЧЕ НА ВОДЕНИЧАРОТ - 2,"па мракот , са ноќ , сал во светлина го меле :"
unknown_tag,сал,сал,,,,,X,X,Ефтим Клетников,ОКОТО НА ТЕМНИОТ ГО ГЛЕДА МРТВОТО ДЕВОЈЧЕ НА ВОДЕНИЧАРОТ - 3,зад свеста сал Свршеникот се вестеше .
unknown_tag,сал,сал,,,,,X,X,Ефтим Клетников,РАНА ПРОЛЕТ. ДЕТЕТО ГО НАСЛОНИЛО УВОТО НА ЦВЕЌЕТО ВО РИДОВИТЕ. 2.,од сенки сал и од проблесоци се храни
unknown_tag,саме,саме,,,,,X,X,Анте Поповски,Секој саме,но еднаш сите ние секој саме ќе си ја испееме
unknown_tag,саме,саме,,,,,X,X,Блаже Конески,ДЕВСТВЕНИЦИ,"Сте минале , од љубов гладни , саме ."
unknown_tag,самољуби,самољуби,,,,,X,X,Катица Ќулавкова,"ВРЕМИЊА, ОБИЧАИ","во вештини , о самољуби , доста се огледувавте"
unknown_tag,свободы,свободы,,,,,X,X,Гане Тодоровски,Зимска прикаска,„ Я ищу свободы и покоя “
unknown_tag,Свршенице,свршенице,,,,,X,X,Славко Јаневски,Илинка сончева свршеница - 7,"Свршенице , таго ,"
unknown_tag,секи,секи,,,,,X,X,Блаже Конески,6.,Да прегне секи .
unknown_tag,Сивчо,сивчо,,,,,X,X,Славко Јаневски,Прва бразда,"„ Ајдете , Шарко и Сивчо , ајдете родени мои ,"
unknown_tag,сину,сину,,,,,X,X,Блаже Конески,ИЛИНДЕНСКИ МЕЛОДИИ,"коби , сину , твојот сон :"
unknown_tag,сину,сину,,,,,X,X,Блаже Конески,ИЛИНДЕНСКИ МЕЛОДИИ,"Крени се , сину народен ,"
unknown_tag,сињо,сињо,,,,,X,X,Блаже Конески,ДОЈРАН,"– сиња водо , сињо небе ! –"
unknown_tag,слнце,слнце,,,,,X,X,Кочо Рацин,Печал,ден слнце вишен високо
unknown_tag,Словенко,словенко,,,,,X,X,Славко Јаневски,Јас пак ќе се вратам,"ој , Словенко моја , љубов да ти вратам ,"
unknown_tag,см,см,,,,,X,X,Пијан Славеј,ЕБАНГЕЛИЕ ПО ЗИФРЕДИ,( +18 см )
unknown_tag,спи,спи,,,,,X,X,Славко Јаневски,Горска приспивна,"Спи , ми , сине , спи ми , чедо ,"
unknown_tag,спи,спи,,,,,X,X,Славко Јаневски,Горска приспивна,"Спи ми , душо , спи ми , сине ,"
unknown_tag,спи,спи,,,,,X,X,Славко Јаневски,Горска приспивна,"Спи ми , сине , спи ми , чедо ,"
unknown_tag,среде,среде,,,,,X,X,Адем Гајтани,Водата,"мечот среде , рибата меѓу вас"
unknown_tag,срно,срно,,,,,X,X,Славко Јаневски,Порака,"Ти , невесто , прашаш , срно моја лека ,"
unknown_tag,стине,стине,,,,,X,X,Славко Јаневски,Порака,"ти погледај - здивот на уста му стине ,"
unknown_tag,стиху,стиху,,,,,X,X,Бранко Цветкоски,ГЛАСНИК,Незапишан стиху мој
unknown_tag,судбо,судбо,,,,,X,X,Богомил Ѓузел,II,"Реви судбо , и биди понизна , понизена од својот бич"
unknown_tag,т.,т.,,,,,X,X,Веле Смилевски,Т.н. книга,книга т. н .
unknown_tag,т.,т.,,,,,X,X,Богомил Ѓузел,"Лондон, Нова година 1965","Животот и светот воопшто , т. е. онаков каков што"
unknown_tag,та,та,X,,,,Y,Y,Богомил Ѓузел,"1, Lady Road, Edinburgh 9.",А до колку за Посејдон — та тој бил веќе старец
unknown_tag,та,та,,,,,X,X,Блаже Конески,КОЛУМБО,мечтаната – та очиве да пазат
unknown_tag,та,та,,,,,I,I,Блаже Конески,ОХРИД,"– Ој та не ми е поле широко ,"
unknown_tag,та,та,,,,,X,X,Пијан Славеј,"МОЛЧИ, МОЛЧИ, ЉУБОВ МОЈА",та изостри канџи
unknown_tag,таго,таго,,,,,X,X,Славко Јаневски,Три неволји,"Три неволји , таго моја жива ,"
unknown_tag,таго,таго,,,,,X,X,Славко Јаневски,Гората за овчарот,3 аедно ... таго ... а не сум знаела
unknown_tag,таго,таго,,,,,X,X,Ефтим Клетников,НЕ МИНУВАЈТЕ ПОКРАЈ ГРОБОВИТЕ НА ДЕВОЈКИТЕ - 2,"( Ох , црна таго ле !"
unknown_tag,так,так,X,,,,Y,Y,Гане Тодоровски,Зимска прикаска,„ Что бы мне так больно и так трудно
unknown_tag,так,так,X,,,,Y,Y,Гане Тодоровски,Зимска прикаска,„ Что бы мне так больно и так трудно
unknown_tag,тачно,тачно,,,,,X,X,Тодор Чаловски,Ткаење,Сосема тачно наслушнати
unknown_tag,те-требе,те-требе,,,,,X,X,Катица Ќулавкова,ЈАСТРЕБ И СЕНКА,"јас-треб , јас-требе , те-требе . . ."
unknown_tag,тебя,тебя,,,,,X,X,Гане Тодоровски,Скица за првото писмо до Ема Гермова,"I love You , Я люблю тебя , Ich liebe Dich ,"
unknown_tag,тио,тио,,,,,X,X,Блаже Конески,6.,"Спиеше тио јунакот мој ,"
unknown_tag,тих,тих,,,,,X,X,Блаже Конески,АНГЕЛОТ НА СВЕТА СОФИЈА,– о сине тих на мисла сина –
unknown_tag,тихо,тихо,,,,,X,X,Кочо Рацин,Ленка,Ветерчок тихо над неа
unknown_tag,то,то,,,,,X,X,Тодор Чаловски,Јадро,што идното време то отвора
unknown_tag,тогај,тогај,,,,,X,X,Ацо Шопов,Очи,"Ко тогај , ко тогај , о другарко , помниш"
unknown_tag,тогај,тогај,,,,,X,X,Ацо Шопов,Очи,"Ко тогај , ко тогај , о другарко , помниш"
unknown_tag,трепти,трепти,,,,,X,X,Кочо Рацин,Татунчо,"с ’ лнце сјае , с ’ лнце трепти !"
unknown_tag,трудно,трудно,,,,,X,X,Гане Тодоровски,Зимска прикаска,„ Что бы мне так больно и так трудно
unknown_tag,ту,ту,,,,,X,X,Богомил Ѓузел,Како горе така доле,ту од сред облаци ту од сред бранови
unknown_tag,ту,ту,,,,,X,X,Влада Урошевиќ,Што стана со козата,"ту сонувавме , ту мирисаше бозот ."
unknown_tag,у,у,,,,,X,X,Кочо Рацин,До еден работник,да живееш у изба –
unknown_tag,у,у,,,,,X,X,Кочо Рацин,Проштавање,"тутун таговно у монопол редиш ,"
unknown_tag,у,у,,,,,X,X,Кочо Рацин,Тутуноберачите,и жолта гостинка у градите носи .
unknown_tag,у,у,,,,,Y,Y,Блаже Конески,Езеро,ме | у две угризенија на совеста !
unknown_tag,Фиданче,фиданче,,,,,X,X,Кочо Рацин,На Струга дуќан да имам,"бело Фиданче писано ,"
unknown_tag,ха,ха,,,,,X,X,Катица Ќулавкова,Αταραξια,"ха , ха , ха !"
unknown_tag,ха,ха,,,,,X,X,Катица Ќулавкова,Αταραξια,"ха , ха , ха !"
unknown_tag,Хамово,Хамово,,,,,X,X,Гане Тодоровски,Фуснота без повод,"небаре семето Хамово , небаре проколнатици ."
unknown_tag,ц,Ц,,,,,X,X,Гане Тодоровски,Нашинска (III),М а к е д о н ц и !
unknown_tag,ч,ч,,,,,X,X,Ефтим Клетников,влечење за јазик,на власта ч го пријавив
unknown_tag,часум,часум,,,,,X,X,Блаже Конески,ОЧАЈ,споменот часум секнува .
unknown_tag,чего,чего,,,,,X,X,Гане Тодоровски,Зимска прикаска,"жду ль чего , жалею ли о чьем ? “"
unknown_tag,човека,човека,,,,,X,X,Кочо Рацин,Елегии за тебе,човек на човека роб !
unknown_tag,чьем,чьем,,,,,X,X,Гане Тодоровски,Зимска прикаска,"жду ль чего , жалею ли о чьем ? “"
unknown_tag,ш,ш,,,,,X,X,Адем Гајтани,Коњот,реките ш врзуваат крилјата на ластовичката
unknown_tag,ш,ш,,,,,X,X,Адем Гајтани,Атина,излегуваат и ш бараат скриеното злато во легендите
unknown_tag,ш,ш,,,,,X,X,Влада Урошевиќ,Настан во полето,Водата ш покажувала скриените врски
unknown_tag,шо,шо,,,,,X,X,Пијан Славеј,ХЕЈТ,хејтам сѐ шо прета
unknown_tag,Ъ,ъ,,,,,X,X,Милош Линдро,СВЕДОШТВОТО НА ЕНОХ ЗА АДАМА,А – Д – М - Ъ
unknown_tag,я,я,X,,,,Y,Y,Гане Тодоровски,Зимска прикаска,„ Выхожу один я на дорогу
unknown_tag,Я,я,,,,,X,X,Гане Тодоровски,Скица за првото писмо до Ема Гермова,"I love You , Я люблю тебя , Ich liebe Dich ,"
unknown_tag,ѕверу,ѕверу,,,,,X,X,Веле Смилевски,Книгата кафез,"Веку мој , ѕверу мој , кој прв"
unknown_tag,Јано,Јано,,,,,X,X,Славко Јаневски,Свадбарска песна,"Три години , Јано , јас по гора шетам ,"
unknown_tag,јас-требе,јас-требе,,,,,X,X,Катица Ќулавкова,ЈАСТРЕБ И СЕНКА,"јас-треб , јас-требе , те-требе . . ."
unknown_tag,је,је,,,,,X,X,Катица Ќулавкова,ПРЕРОДБА,"„ Овде је мрачио и мрак м ' обвива """
unknown_tag,јер,јер,,,,,X,X,Блаже Конески,ИСКУШУВАЊЕ,"за јат , јери и јер да зборам ."
unknown_tag,,,,,,,X,X,Ефтим Клетников,***,вековно што н  хранеше
unknown_tag,,,,,,,X,X,Ефтим Клетников,***,карпи - с  се вовлекува во
unknown_tag,,,,,,,X,X,Петре М. Андреевски,УМИЛКУВАЊЕ,"ќе ги затнам сите извори , с  што гори ќе отворам ."
unknown_tag,,,,,,,X,X,Петре М. Андреевски,ВТОРА ИСПОВЕД,пред с  што се мени за да те издвои тебе постојана .
unknown_tag,,,,,,,X,X,Петре М. Андреевски,ПЕТТО ПИСМО,"Те барав , те барам , во с  и сешто ,"
unstable_tag,Ангели,Ангел,PROPN,,,,Npmpnn,"1/6 PROPN, majority NOUN (5)",Милош Линдро,Енох на првото небо,Ангели надвиснати
unstable_tag,Безброј,безброј,ADJ,,,,Afpns-n,"1/14 ADJ, majority ADV (13)",Матеја Матевски,Трева,Безброј патувања им нудам
unstable_tag,безнадежно,безнадежен,ADV,,,,Rgp,"1/5 ADV, majority ADJ (4)",Бранко Цветкоски,АПОРИЈА. ЗЕМНА,Сонцето безнадежно ќе ѝ крене
unstable_tag,бескрај,бескрај,NOUN,,,,Ncmsnn,"2/13 NOUN, majority ADV (11)",Адем Гајтани,Столица,телот на надежта се издолжува до бескрај
unstable_tag,бескрај,бескрај,NOUN,,,,Ncmsnn,"2/13 NOUN, majority ADV (11)",Катица Ќулавкова,КРИВО ВРЕМЕ,на севишниот бескрај .
unstable_tag,бистри,бистри,VERB,,,,Vmpip3s-n,"1/10 VERB, majority ADJ (6)",Блаже Конески,ПРОЛЕТ,"Се бистри матното око на небото ,"
unstable_tag,благо,благо,NOUN,,,,Ncnsnn,"1/9 NOUN, majority ADV (5)",Веле Смилевски,Коњите на книгата,Во контраст со нашето благо
unstable_tag,Бог,бог,PROPN,,,,Npmsnn,"1/21 PROPN, majority NOUN (20)",Веле Смилевски,Книга на слободата,"( „ Последен обид “ , рече Бог"
unstable_tag,Бога,бог,PROPN,,,,Npmsnn,"1/18 PROPN, majority NOUN (17)",Катица Ќулавкова,ЈАЗИЧНИК,"во името на народот , во име на Бога"
unstable_tag,боли,боли,NOUN,,,,Ncfpnn,"3/30 NOUN, majority VERB (27)",Блаже Конески,ЅВЕЗДИ,со глас што се моли за тивнати боли .
unstable_tag,боли,боли,NOUN,,,,Ncfpnn,"3/30 NOUN, majority VERB (27)",Блаже Конески,ЅВЕЗДИ,и глас што се моли за далечни боли .
unstable_tag,боли,боли,NOUN,,,,Ncfpnn,"3/30 NOUN, majority VERB (27)",Петре М. Андреевски,ТРЕТО ПИСМО,и сите ветрени коли носеа од моите боли .
unstable_tag,брегот,брег,ADJ,,,,Afpms-y,"1/29 ADJ, majority NOUN (28)",Гане Тодоровски,Ноќ без интерпункција,Кон брегот бродиме
unstable_tag,Вардар,вардар,NOUN,,,,Ncmsnn,"1/5 NOUN, majority PROPN (4)",Славко Јаневски,Две приказни,На брег крај немирен Вардар денеска младоста
unstable_tag,ветру,ветру,ADJ,,,,Afpms-n,"1/5 ADJ, majority NOUN (4)",Бранко Цветкоски,СТАРОСТАВНА,Од далеку ветру стрвен
unstable_tag,Виј,Виј,PROPN,,,,Npmsnn,"1/5 PROPN, majority NOUN (4)",Блаже Конески,ВИЈ,"Јас , Виј , во свеста те домамив мошно ,"
unstable_tag,влага,влага,VERB,,,,Vmpip3s-n,"1/6 VERB, majority NOUN (4)",Блаже Конески,ТЕШКОТО,"на чело им мисла , во очи им влага"
unstable_tag,влага,влаг,ADJ,,,,Afpfs-n,"1/6 ADJ, majority NOUN (4)",Блаже Конески,ДОЈРАН,"со влага езерска пропит ,"
unstable_tag,врати,врата,NOUN,,,,Ncfpnn,"9/46 NOUN, majority VERB (37)",Тодор Чаловски,Смоква,како чкунка пред твоите врати
unstable_tag,врати,врата,NOUN,,,,Ncfpnn,"9/46 NOUN, majority VERB (37)",Ристо Лазаров,СТРАВ,зад две врати
unstable_tag,врати,врата,NOUN,,,,Ncfpnn,"9/46 NOUN, majority VERB (37)",Ристо Лазаров,СТРАВ,зад две врати
unstable_tag,врати,врата,NOUN,,,,Ncfpnn,"9/46 NOUN, majority VERB (37)",Ристо Лазаров,СТРАВ,зад две врати
unstable_tag,врати,врата,NOUN,,,,Ncfpnn,"9/46 NOUN, majority VERB (37)",Ристо Лазаров,СТРАВ,зад две врати
unstable_tag,врати,врата,NOUN,,,,Ncfpnn,"9/46 NOUN, majority VERB (37)",Ристо Лазаров,СТРАВ,зад две врати
unstable_tag,врати,врата,NOUN,,,,Ncfpnn,"9/46 NOUN, majority VERB (37)",Ристо Лазаров,СТРАВ,зад две врати
unstable_tag,врати,врата,NOUN,,,,Ncfpnn,"9/46 NOUN, majority VERB (37)",Ристо Лазаров,СТРАВ,зад две врати
unstable_tag,врати,врата,NOUN,,,,Ncfpnn,"9/46 NOUN, majority VERB (37)",Ристо Лазаров,СТРАВ,напати налетуваат неканети отворачи на врати
unstable_tag,врела,врел,NOUN,,,,Ncfsnn,"2/14 NOUN, majority ADJ (12)",Игор Исаковски,Племе од двајца,"и долго , долго те топлам , за врела"
unstable_tag,врела,врел,NOUN,,,,Ncfsnn,"2/14 NOUN, majority ADJ (12)",Пијан Славеј,ПЕЕЊЕ ПОД ТУШ,ја пуштив врела
unstable_tag,врели,врела,NOUN,,,,Ncfpnn,"1/6 NOUN, majority ADJ (5)",Славко Јаневски,Китајската,кога со стрелби врели
unstable_tag,гладно,гладен,ADV,,,,Rgp,"1/5 ADV, majority ADJ (4)",Кочо Рацин,Тутуноберачите,тој гладно пие тагата наша
unstable_tag,глуво,глуво,NOUN,,,,Ncnsnn,"1/14 NOUN, majority ADJ (13)",Бранко Цветкоски,НЕБЦЕ ВО ОБЛАКОТ,И за јавка глуво
unstable_tag,гори,гори,NOUN,,,,Ncfpnn,"6/52 NOUN, majority VERB (46)",Кочо Рацин,Балада за непознатиот,А таде – в гори зелени
unstable_tag,гори,гори,NOUN,,,,Ncfpnn,"6/52 NOUN, majority VERB (46)",Петре М. Андреевски,Ко да беше лани,кој гром ги отвора твоите горни гори
unstable_tag,гори,гори,NOUN,,,,Ncfpnn,"6/52 NOUN, majority VERB (46)",Славко Јаневски,Челник Пејо,"Чујте , борци , девет гори минав ,"
unstable_tag,гори,гори,NOUN,,,,Ncfpnn,"6/52 NOUN, majority VERB (46)",Славко Јаневски,Сестрина љубов,"чедо е в твоите гори , со одбор - немирна чета ,"
unstable_tag,гори,гори,NOUN,,,,Ncfpnn,"6/52 NOUN, majority VERB (46)",Ефтим Клетников,Јавач во полноќта - 2,зад девет гори Снежана држи
unstable_tag,Гори,гори,NOUN,,,,Ncfpnn,"6/52 NOUN, majority VERB (46)",Ефтим Клетников,СКАЗНА ВО ДВЕ СЛИКИ - 1  - Зимска слика,Снежана спие во Снежните Гори .
unstable_tag,горите,гор,ADJ,,,,Afp-p-y,"2/15 ADJ, majority NOUN (13)",Кочо Рацин,На Струга дуќан да имам,В горите лисја капале –
unstable_tag,горите,гор,ADJ,,,,Afp-p-y,"2/15 ADJ, majority NOUN (13)",Адем Гајтани,Бохинско езеро,"тоа им го смири здивот на горите диви , на немите"
unstable_tag,господине,господине,NOUN,,,,I,"1/8 NOUN, majority VERB (7)",Адем Гајтани,Рим,еден сладолед господине
unstable_tag,гости,гостин,VERB,,,,Vmpip3s-n,"1/5 VERB, majority NOUN (4)",Лилјана Дирјан,Стравот мој,се гости со црната чоколада на ноќта .
unstable_tag,гугучке,гугучке,NOUN,,,,Ncnsnn,"1/5 NOUN, majority PROPN (4)",Блаже Конески,Гугучка,гугучке што предвештаваш мартовски утра во дворот !
unstable_tag,дални,дални,VERB,,,,Vmeia-s-n,"1/6 VERB, majority NOUN (3)",Блаже Конески,ПРОЛЕТНА ВЕЧЕР,"дални се небата светли ,"
unstable_tag,Дални,Дални,PROPN,,,,Npmsnn,"1/6 PROPN, majority NOUN (3)",Катица Ќулавкова,VIA LASCIVA  4.,Дални дланки : и ум и усет
unstable_tag,дални,дален,ADJ,,,,Ag--p-n,"1/6 ADJ, majority NOUN (3)",Ристо Лазаров,СУДЕНИЦА,во дални далечини
unstable_tag,Девојко,девојко,PROPN,,,,Q-c,"1/14 PROPN, majority NOUN (10)",Братислав Ташковски,Големата љубовна песна 4.зрнце,Девојко
unstable_tag,Деној,Деној,PROPN,,,,Npmsnn,"1/7 PROPN, majority NOUN (6)",Славко Јаневски,Јас пак ќе се вратам,"Деној минат в градба , а јас , душо , гледам"
unstable_tag,диво,диво,NOUN,,,,Ncnsnn,"1/11 NOUN, majority ADJ (6)",Веле Смилевски,Идеална книга,На диво се реновира разрушена песна )
unstable_tag,длабоко,длабок,ADJ,,,,Afpns-n,"3/30 ADJ, majority ADV (27)",Матеја Матевски,Дождови,измешано длабоко месо и густо наеднаш
unstable_tag,длабоко,длабок,ADJ,,,,Afpns-n,"3/30 ADJ, majority ADV (27)",Богомил Ѓузел,VIII,"и друт април , во рамномерното длабоко дишење"
unstable_tag,длабоко,длабок,ADJ,,,,Afpns-n,"3/30 ADJ, majority ADV (27)",Ристо Лазаров,ГРЕШНИЦА,на белата лаѓа во длабоко море
unstable_tag,дно,дно,ADJ,,,,Afpns-n,"1/26 ADJ, majority NOUN (25)",Славко Јаневски,Балада за Црногорската мома,"на дно срце трепетливо ,"
unstable_tag,долго,долг,ADJ,,,,Afpns-n,"8/60 ADJ, majority ADV (52)",Блаже Конески,Спомен по многу години,"по толку долго време ,"
unstable_tag,долго,долг,ADJ,,,,Afpns-n,"8/60 ADJ, majority ADV (52)",Веле Смилевски,Книгата поттекст,долго патување што цути
unstable_tag,долго,долг,ADJ,,,,Afpns-n,"8/60 ADJ, majority ADV (52)",Богомил Ѓузел,"1, Lady Road, Edinburgh 9.",Но штом веќе го следам морето во неговото долго
unstable_tag,долго,долг,ADJ,,,,Afpns-n,"8/60 ADJ, majority ADV (52)",Ефтим Клетников,Јавач во полноќта - 4,Од долго јавање
unstable_tag,долго,долг,ADJ,,,,Afpns-n,"8/60 ADJ, majority ADV (52)",Ефтим Клетников,ПЕСНА ЗА ПРОЛЕТНИОТ ВЕТЕР,од долго огледување во вирот .
unstable_tag,долго,долг,ADJ,,,,Afpns-n,"8/60 ADJ, majority ADV (52)",Ристо Лазаров,СПРОСТРЕНИ СПОМЕНИ,за спомен и долго сеќавање
unstable_tag,долго,долг,ADJ,,,,Afpns-n,"8/60 ADJ, majority ADV (52)",Ристо Лазаров,ПУЕРТО МАДЕРО,часови по долго пловење и длабинско скиселување
unstable_tag,долго,долг,ADJ,,,,Afpns-n,"8/60 ADJ, majority ADV (52)",Ива Петреска,Од каде што животот се раѓа,по долго време чувајќи го
unstable_tag,доста,доста,ADJ,,,,Afpns-n,"3/17 ADJ, majority ADV (14)",Адем Гајтани,Рим,и пак не ти е доста
unstable_tag,доста,доста,ADJ,,,,Afpns-n,"3/17 ADJ, majority ADV (14)",Ива Петреска,Млеко,И не ни е доста !
unstable_tag,доста,доста,ADJ,,,,Afpns-n,"3/17 ADJ, majority ADV (14)",Ива Петреска,Млеко,Не ни е доста !
unstable_tag,достатно,достатен,ADJ,,,,Afpns-n,"1/5 ADJ, majority ADV (4)",Богомил Ѓузел,VI,Но еднаш кога сонцето е достатно јако
unstable_tag,дошто,дошто,ADV,,,,,"1/10 ADV, majority PROPN (9)",Петре М. Андреевски,НА ГРОБОТ ОД ДЕНИЦИЈА,Оти дошто видов кула и пладневна топола
unstable_tag,друг,друг,ADV,,,,Rgp,"7/48 ADV, majority ADJ (41)",Славко Јаневски,Егејска песна - 1,еден од друг не ги двоела -
unstable_tag,друг,друг,ADV,,,,Rgp,"7/48 ADV, majority ADJ (41)",Богомил Ѓузел,III,што се лепат еден со друг и паѓаат во мрак
unstable_tag,друг,друг,ADV,,,,Rgp,"7/48 ADV, majority ADJ (41)",Богомил Ѓузел,III,кога би требало да стојат разделени еден од друг
unstable_tag,друг,друг,ADV,,,,Rgp,"7/48 ADV, majority ADJ (41)",Блаже Конески,ТЕШКОТО,"сè сенка до сенка , сè еден до друг –"
unstable_tag,друг,друг,ADV,,,,Rgp,"7/48 ADV, majority ADJ (41)",Братислав Ташковски,Големата љубовна песна 10.стратегија,"гревовите ги простува друг ,"
unstable_tag,друг,друг,ADV,,,,Rgp,"7/48 ADV, majority ADJ (41)",Катица Ќулавкова,СЕКРЕТ,еден живот се должи на друг .
unstable_tag,друг,друг,ADV,,,,Rgp,"7/48 ADV, majority ADJ (41)",Ива Петреска,Предвреме збогум (расплет),"за да немаше каде еден од друг да избегаме ,"
unstable_tag,душава,душав,ADJ,,,,Afpfs-n,"1/10 ADJ, majority NOUN (9)",Славко Јаневски,Горка лирика во селската крчма,"душава мраз ќе ја стега ! .. """
unstable_tag,Душо,душт,VERB,,,,Vmpmp2s-n,"1/15 VERB, majority NOUN (13)",Славко Јаневски,Јас пак ќе се вратам,"Душо моја , верност јас од тебе барам ,"
unstable_tag,душо,душо,PROPN,,,,I,"1/15 PROPN, majority NOUN (13)",Катица Ќулавкова,АДАЏО: ТРЕВОГА,душо
unstable_tag,е.,е.,VERB,,,,I,"1/10 VERB, majority ADV (6)",Катица Ќулавкова,СЕНКА,по она што веројатно не е.
unstable_tag,еден,еден,ADV,,,,Rgp,"6/184 ADV, majority ADJ (178)",Богомил Ѓузел,III,што се лепат еден со друг и паѓаат во мрак
unstable_tag,еден,еден,ADV,,,,Rgp,"6/184 ADV, majority ADJ (178)",Богомил Ѓузел,III,кога би требало да стојат разделени еден од друг
unstable_tag,еден,еден,ADV,,,,Rgp,"6/184 ADV, majority ADJ (178)",Блаже Конески,ТЕШКОТО,"сè сенка до сенка , сè еден до друг –"
unstable_tag,еден,еден,ADV,,,,Rgp,"6/184 ADV, majority ADJ (178)",Катица Ќулавкова,МРТОВ ЈАЗИК,"Сфатете , предупреди еден меѓу нас"
unstable_tag,еден,еден,ADV,,,,Rgp,"6/184 ADV, majority ADJ (178)",Катица Ќулавкова,ПРЕДВРЕМЕНО БУДЕЊЕ,небаре сте биле еден без друг
unstable_tag,еден,еден,ADV,,,,Rgp,"6/184 ADV, majority ADJ (178)",Ива Петреска,Предвреме збогум (расплет),"за да немаше каде еден од друг да избегаме ,"
unstable_tag,езеро,езеро,ADJ,,,,Ag-ns-n,"2/32 ADJ, majority NOUN (30)",Адем Гајтани,Бохинско езеро,го барам коренот од ова езеро старо
unstable_tag,езеро,езеро,ADJ,,,,Afpns-n,"2/32 ADJ, majority NOUN (30)",Тодор Чаловски,Тајните на езерото,од езеро тајни како леит
unstable_tag,заборава,заборав,NOUN,,,,Ncfsnn,"1/13 NOUN, majority VERB (12)",Тодор Чаловски,Шаховско утро,долетани од некоја дамна заборава
unstable_tag,зар,зар,NOUN,,,,I,"1/7 NOUN, majority ADV (6)",Богомил Ѓузел,VII,Неизразивото зар
unstable_tag,зелено,зелено,ADV,,,,Rgp,"1/7 ADV, majority ADJ (6)",Славко Јаневски,Тогаш ќе умре и љубовта,Ќе се налапа зелено
unstable_tag,зори,зори,VERB,,,,Vmpip3s-n,"3/33 VERB, majority NOUN (30)",Кочо Рацин,Балада за непознатиот,Зора се зори – петлите
unstable_tag,зори,зори,VERB,,,,Vmpip3s-n,"3/33 VERB, majority NOUN (30)",Кочо Рацин,Копачите,и зората се зори —
unstable_tag,зори,зори,VERB,,,,Vmpip3s-n,"3/33 VERB, majority NOUN (30)",Кочо Рацин,Копачите,и зората се зори —
unstable_tag,измени,измена,NOUN,,,,Ncfpnn,"1/5 NOUN, majority VERB (4)",Катица Ќулавкова,ПРЕДВРЕМЕНО БУДЕЊЕ,И во навиката на будење има измени .
unstable_tag,ко,ко,ADV,,,,Y,"1/25 ADV, majority ADJ (24)",Богомил Ѓузел,"1, Lady Road, Edinburgh 9.",На некој чистилишен сибир за да се вратам ко
unstable_tag,коси,коси,VERB,,,,Vmpip3s-n,"2/24 VERB, majority NOUN (22)",Славко Јаневски,Селанец,што често ме коси -
unstable_tag,коси,коси,VERB,,,,Vmpip3s-n,"2/24 VERB, majority NOUN (22)",Ива Петреска,Градско дете,набрзина почна да ги коси полињата
unstable_tag,крваво,крваво,ADV,,,,Rgp,"1/5 ADV, majority ADJ (4)",Богомил Ѓузел,IV,крваво ранета најсетне гледа втренчено во смртта .
unstable_tag,крилен,крилен,NOUN,,,,Ncmsnn,"1/5 NOUN, majority ADJ (4)",Славко Јаневски,Илинка сончева свршеница - 3,на дорија крилен од планина слета
unstable_tag,лачи,лачи,VERB,,,,Vmpip3s-n,"1/5 VERB, majority NOUN (4)",Пијан Славеј,ЈАЗИК,мевлем лачи нашиот
unstable_tag,лека,лека,VERB,,,,Vmeia3p-n,"1/6 VERB, majority NOUN (5)",Тодор Чаловски,Монолог на староседелецот,"лека полека , сигурно !"
unstable_tag,лесно,лесен,ADJ,,,,Afpns-n,"3/19 ADJ, majority ADV (16)",Влада Урошевиќ,Циганско лето,Девојките седат по дворовите : лесно злато
unstable_tag,лесно,лесен,ADJ,,,,Afpns-n,"3/19 ADJ, majority ADV (16)",Богомил Ѓузел,II,"Да , за причините на гревот секогаш е лесно"
unstable_tag,лесно,лесен,ADJ,,,,Afpns-n,"3/19 ADJ, majority ADV (16)",Ива Петреска,Во патолошката сала,незаинтересирано и лесно .
unstable_tag,лета,лета,NOUN,,,,Ncfsnn,"6/35 NOUN, majority VERB (29)",Ацо Шопов,Ќе те сретнам по многу лета,Ќе те сретнам по многу лета
unstable_tag,лета,лета,NOUN,,,,Ncmtnn,"6/35 NOUN, majority VERB (29)",Славко Јаневски,Гората за овчарот,"три лета туѓинец класја ни собирал ,"
unstable_tag,лета,лета,NOUN,,,,Ncmtnn,"6/35 NOUN, majority VERB (29)",Славко Јаневски,Гората за овчарот,"три лета бездушник убост ни сотирал ,"
unstable_tag,лета,лета,NOUN,,,,Ncfpnn,"6/35 NOUN, majority VERB (29)",Славко Јаневски,3имна приказна,Минаа безброј лета ...
unstable_tag,лета,лета,NOUN,,,,Ncfpnn,"6/35 NOUN, majority VERB (29)",Блаже Конески,ЧЕКАЊЕ,Ти чекаш веќе десет лета .
unstable_tag,лета,лета,NOUN,,,,Ncfpnn,"6/35 NOUN, majority VERB (29)",Блаже Конески,6.,"Три лути зими , три лисни лета"
unstable_tag,летна,летне,NOUN,,,,Ncfsnn,"1/7 NOUN, majority VERB (3)",Влада Урошевиќ,Попладне по дождот,Помина луњата како некоја летна
unstable_tag,лудо,луд,ADJ,,,,Afpns-n,"3/15 ADJ, majority ADV (12)",Славко Јаневски,Илинка сончева свршеница - 2,"Езеро бурно , бурно и лудо"
unstable_tag,лудо,луд,ADJ,,,,Afpns-n,"3/15 ADJ, majority ADV (12)",Блаже Конески,ПРОШТАЛНА ПЕСНА,"„ Сиротно лудо , многу ќе пати !"
unstable_tag,лудо,луд,ADJ,,,,Afpns-n,"3/15 ADJ, majority ADV (12)",Ива Петреска,Градско дете,и да блуе како по лудо пијанство
unstable_tag,лути,лути,VERB,,,,Vmpip3s-n,"1/14 VERB, majority ADJ (13)",Пијан Славеј,ШТО Е ТУКА Е!,"не лути се , ајде"
unstable_tag,луто,лут,ADJ,,,,Afpns-n,"1/10 ADJ, majority ADV (9)",Пијан Славеј,ПРСТОМЕТ,Ти од твојот луто прстенот го вадиш
unstable_tag,матно,матен,ADV,,,,Rgp,"1/6 ADV, majority ADJ (5)",Ристо Лазаров,КАТАДЕН,матно ми течеш во погледот
unstable_tag,мајко,мајок,ADJ,,,,Afpfs-n,"1/15 ADJ, majority NOUN (13)",Блаже Конески,БОЛЕН ДОЈЧИН,"сестро и мајко моја , ти што си страдала многу ,"
unstable_tag,мајко,мајко,PROPN,,,,Npfsnn,"1/15 PROPN, majority NOUN (13)",Катица Ќулавкова,ПОЕТСКА РЕЧ,"Оние што излегоа , мајко"
unstable_tag,меко,меко,ADV,,,,Rgp,"1/7 ADV, majority ADJ (6)",Пијан Славеј,НЕ СТАВАЈ КАРМИН,"кога меко цапнуваш , тропнувам со прачката"
unstable_tag,мили,мил,NOUN,,,,Ncfpnn,"1/8 NOUN, majority ADJ (7)",Пијан Славеј,МИЗАНТРОПИЈА,ниту сте ми мили
unstable_tag,милно,милен,ADJ,,,,Afpns-n,"1/6 ADJ, majority ADV (5)",Кочо Рацин,Тутуноберачите,"лист по лист милно , таговно реди"
unstable_tag,минат,минат,NOUN,,,,Ncmsnn,"1/18 NOUN, majority VERB (9)",Славко Јаневски,Селанец,и видов кај минат
unstable_tag,минато,минат,ADJ,,,,Ap-ns-n,"1/9 ADJ, majority NOUN (8)",Богомил Ѓузел,IX,минато .
unstable_tag,мирно,мирен,ADJ,,,,Afpns-n,"2/11 ADJ, majority ADV (9)",Адем Гајтани,Бохинско езеро,мирно езеро
unstable_tag,мирно,мирен,ADJ,,,,Afpns-n,"2/11 ADJ, majority ADV (9)",Блаже Конески,КАЛЕМЕГДАН,"до ова мирно предвечерно место ,"
unstable_tag,мислите,мисли,VERB,,,,Vmpip2p-n,"1/16 VERB, majority NOUN (15)",Игор Исаковски,Едно мало писмо,"да разменам ни збор . се надевам барем мислите ,"
unstable_tag,млади,млад,NOUN,,,,Ncfpnn,"3/33 NOUN, majority ADJ (30)",Кочо Рацин,Копачите,за оризите млади
unstable_tag,млади,млад,NOUN,,,,Ncfpnn,"3/33 NOUN, majority ADJ (30)",Кочо Рацин,Копачите,та бијат срца млади
unstable_tag,млади,млад,NOUN,,,,Ncfpnn,"3/33 NOUN, majority ADJ (30)",Славко Јаневски,Зоја - 4,илјади млади
unstable_tag,модер,модер,ADJ,,,,Afpms-n,"1/6 ADJ, majority PROPN (3)",Ефтим Клетников,јавач во полноќта,и модер уплав татко ми го фаќа .
unstable_tag,модро,модро,ADV,,,,Rgp,"1/6 ADV, majority ADJ (5)",Ефтим Клетников,ПРОЛЕТ. БОЛНО ДЕТЕ. -1.- Ден. Светлина.,"пејзажот од модро грее ,"
unstable_tag,моме,мома,ADJ,,,,Afpns-n,"1/5 ADJ, majority NOUN (4)",Блаже Конески,ИЛИНДЕНСКИ МЕЛОДИИ,малој моме за да те милувам !
unstable_tag,море,море,ADJ,,,,Afpns-n,"1/46 ADJ, majority NOUN (43)",Тодор Чаловски,Дворење на зборот,"море младо , радост нова преблеана"
unstable_tag,море,море,PROPN,,,,I,"2/46 PROPN, majority NOUN (43)",Влада Урошевиќ,Бранител на кулата,море
unstable_tag,море,море,PROPN,,,,I,"2/46 PROPN, majority NOUN (43)",Ефтим Клетников,***,море
unstable_tag,мрежи,мреж,ADJ,,,,Afp-p-n,"1/7 ADJ, majority NOUN (6)",Кочо Рацин,На Струга дуќан да имам,"распнаа мрежи широки ,"
unstable_tag,навек,навек,ADJ,,,,As-fs-n,"1/9 ADJ, majority NOUN (8)",Гане Тодоровски,Сонет,"Остани за навек Моја , Една , Блиска ."
unstable_tag,навидум,навидум,ADJ,,,,Afpns-n,"1/6 ADJ, majority ADV (5)",Ристо Лазаров,ПОБЕРКА,небото е само навидум празно
unstable_tag,најмалку,малку,ADJ,,,,Afsms-n,"1/5 ADJ, majority ADV (4)",Гане Тодоровски,4ти мај 1903,за да го прегрнеш сина си што беше најмалку роб .
unstable_tag,небаре,небаре,ADJ,,,,Afpns-n,"3/23 ADJ, majority ADV (20)",Блаже Конески,В КРЧМА,небаре дете во сон .
unstable_tag,небаре,небаре,ADJ,,,,Afpns-n,"3/23 ADJ, majority ADV (20)",Блаже Конески,2.,небаре коњ
unstable_tag,небаре,небаре,ADJ,,,,Afpns-n,"3/23 ADJ, majority ADV (20)",Катица Ќулавкова,ДРАМА,небаре писмо е
unstable_tag,негде,негде,NOUN,,,,Ncmsnn,"1/21 NOUN, majority ADV (19)",Петре М. Андреевски,Наопачно оро,"кој таму некој негде ,"
unstable_tag,негде,негда,ADJ,,,,Afpns-n,"1/21 ADJ, majority ADV (19)",Славко Јаневски,3имна приказна,"„ Одамна било негде ... "" - почнува тивко дедо ,"
unstable_tag,недоглед,недоглед,PROPN,,,,Q-s,"1/6 PROPN, majority NOUN (4)",Катица Ќулавкова,ПРЕСЕЛБА НА ДУШАТА,"одеднаш , во недоглед"
unstable_tag,недоглед,недоглед,ADV,,,,Rgp,"1/6 ADV, majority NOUN (4)",Катица Ќулавкова,ТОПЛА КРВ,и така во недоглед возбудата
unstable_tag,нежно,нежен,ADJ,,,,Afpns-n,"1/14 ADJ, majority ADV (13)",Матеја Матевски,Дождови,во ова нежно седало на сонот
unstable_tag,нем,нем,PROPN,,,,I,"1/10 PROPN, majority ADJ (8)",Бранко Цветкоски,МОЛИТВЕН ВЕЈ,Да си го најде запишувачот нем
unstable_tag,Нем,нем,NOUN,,,,Ncmsnn,"1/10 NOUN, majority ADJ (8)",Бранко Цветкоски,СТАПАЛКИ. БИБЛИСКИ МОЛК,Нем
unstable_tag,неми,неми,ADV,,,,Rgp,"1/7 ADV, majority ADJ (6)",Братислав Ташковски,Се може ли без тоа,но неми нема да бидеме .
unstable_tag,немо,немој,ADJ,,,,Afpns-n,"1/11 ADJ, majority ADV (8)",Матеја Матевски,Прва ноќ,и немо провирање
unstable_tag,немо,немо,NOUN,,,,I,"1/11 NOUN, majority ADV (8)",Адем Гајтани,Ѕидна фотографија,таа со молчењето немо
unstable_tag,немо,немој,VERB,,,,Vmpii-s-n,"1/11 VERB, majority ADV (8)",Тодор Чаловски,Загледан низ прозорецот,низ бескрајот немо в душа распослан
unstable_tag,нечујно,нечуен,ADJ,,,,Afpns-n,"1/13 ADJ, majority ADV (12)",Ацо Шопов,Очи,"и нечујно , глуво , ко задушена . река"
unstable_tag,Ноќва,ноќва,PROPN,,,,Q-s,"1/12 PROPN, majority NOUN (7)",Пијан Славеј,1. (Адам и Ева),Помисли – Ноќва
unstable_tag,ноќен,ноќен,NOUN,,,,Ncmsnn,"1/11 NOUN, majority ADJ (10)",Веле Смилевски,Еротска книга,Од ѕвездите и чуварот ноќен
unstable_tag,ноќта,ноќ,ADJ,,,,Afpfs-y,"2/115 ADJ, majority NOUN (113)",Тодор Чаловски,Шаховско утро,Кога потем ноќта завеса поткрена
unstable_tag,ноќта,ноќ,ADJ,,,,Afpfs-y,"2/115 ADJ, majority NOUN (113)",Ива Петреска,Ден и ноќ,"Ако утрото беше дете , а ноќта старец ,"
unstable_tag,око,око,ADJ,,,,Afpns-n,"4/61 ADJ, majority NOUN (57)",Славко Јаневски,Свадбарска песна,"и насмевни око , ведро летно небо ,"
unstable_tag,око,око,ADJ,,,,Afpns-n,"4/61 ADJ, majority NOUN (57)",Славко Јаневски,Украина,"око мое насмеано ,"
unstable_tag,око,око,ADJ,,,,Afpns-n,"4/61 ADJ, majority NOUN (57)",Катица Ќулавкова,MAGNA CARTA,око превртливо
unstable_tag,око,око,ADJ,,,,Afpns-n,"4/61 ADJ, majority NOUN (57)",Ристо Лазаров,ТРАГАЧ ПО СВЕТЛИНАТА,во едното око сонце
unstable_tag,очиве,очиве,ADJ,,,,Ao--p-n,"2/10 ADJ, majority NOUN (7)",Славко Јаневски,Ивец,Од очиве шашливи некој ми ја ископа
unstable_tag,Очиве,очиве,VERB,,,,Vmeia-s-n,"1/10 VERB, majority NOUN (7)",Блаже Конески,ПРОЛЕТ,"Очиве ми се смеат ,"
unstable_tag,очиве,очиве,ADJ,,,,Ao--p-n,"2/10 ADJ, majority NOUN (7)",Блаже Конески,ТЕШКОТО,"на очиве магла ми напаѓа сура ,"
unstable_tag,пара,пар,ADJ,,,,Afp-p-n,"1/5 ADJ, majority NOUN (4)",Пијан Славеј,ПОЈАНИЦА,колку пара уши
unstable_tag,пека,пека,NOUN,,,,Ncfsnn,"1/11 NOUN, majority VERB (10)",Ристо Лазаров,ЖЕДНИК,секое дрво пека
unstable_tag,песно,песен,ADJ,,,,Afpfs-n,"1/18 ADJ, majority NOUN (16)",Матеја Матевски,Дождови,однеси ме ти песно старост вечна и незаборавна
unstable_tag,песно,песно,ADV,,,,Rgp,"1/18 ADV, majority NOUN (16)",Братислав Ташковски,До крај,"Затоа , песно моја , одиме до крај ."
unstable_tag,пламти,пламти,NOUN,,,,Ncfsnn,"1/6 NOUN, majority VERB (5)",Ефтим Клетников,НОЌНИ СВРШЕНИЦИ,"Но , глеј , кај предел еден вжарен пламти ."
unstable_tag,Планино,планин,ADJ,,,,Afpns-n,"1/9 ADJ, majority NOUN (3)",Блаже Конески,Планина,"Планино , рамна рудино ,"
unstable_tag,пласти,пласт,NOUN,,,,Ncfpnn,"1/5 NOUN, majority VERB (4)",Ива Петреска,Твоето место не е тука,"Солта се пласти по кожата и ја остава гола ,"
unstable_tag,плати,плата,NOUN,,,,Ncfpnn,"1/5 NOUN, majority VERB (4)",Гане Тодоровски,Фуснота без повод,"со голем број дипломи и со ниски плати ,"
unstable_tag,плиска,плиска,NOUN,,,,Ncfsnn,"1/15 NOUN, majority VERB (7)",Гане Тодоровски,Сонет,Биди песна звучна што низ солзи плиска .
unstable_tag,Поарно,рен,ADJ,,,,Afcns-n,"1/13 ADJ, majority ADV (12)",Пијан Славеј,МИРО,Поарно е ноќва
unstable_tag,поздрав,поздрав,ADJ,,,,Afpms-n,"1/5 ADJ, majority NOUN (4)",Славко Јаневски,Балада за Црногорската мома,"ораници без граници : - Носи поздрав , јужно ветре , таму каде Мргуд спие !"
unstable_tag,порој,порој,ADJ,,,,Afpms-n,"1/7 ADJ, majority NOUN (5)",Гане Тодоровски,Обична песна,со порој шум –
unstable_tag,порој,порој,PROPN,,,,Npmsnn,"1/7 PROPN, majority NOUN (5)",Славко Јаневски,Селанец,се пенеше порој
unstable_tag,после,после,ADJ,,,,Afpns-n,"1/14 ADJ, majority ADV (12)",Пијан Славеј,ПРОБАЈ!,да не биде после дека нема
unstable_tag,после,после,NOUN,,,,Q-s,"1/14 NOUN, majority ADV (12)",Пијан Славеј,РАСИПИКУЌА,и жално е после
unstable_tag,последно,последен,ADV,,,,Rgp,"1/6 ADV, majority ADJ (5)",Лилјана Дирјан,Концерт за мирис и оркестар,последно од бившиот сервис од нејзината скромна свадба
unstable_tag,потајум,потајум,NOUN,,,,Ncmsnn,"1/6 NOUN, majority ADV (3)",Тодор Чаловски,Смоква,од потајум што ти ги праќаме
unstable_tag,потем,потеме,VERB,,,,Vmeia-s-n,"1/50 VERB, majority ADV (49)",Богомил Ѓузел,Хаос,затвори си ги потем клепките
unstable_tag,право,право,ADJ,,,,Ag-ns-n,"3/23 ADJ, majority NOUN (13)",Богомил Ѓузел,V,Да го допираме телото на љубената во право време
unstable_tag,право,право,ADJ,,,,Ag-ns-n,"3/23 ADJ, majority NOUN (13)",Богомил Ѓузел,Х,одвоени од нас во право време и на право место
unstable_tag,право,право,ADJ,,,,Afpns-n,"3/23 ADJ, majority NOUN (13)",Блаже Конески,ПОСЛОВИЦА,"и право дете и жена да сака ,"
unstable_tag,празно,празен,ADV,,,,Rgp,"1/11 ADV, majority ADJ (10)",Блаже Конески,УТРО,"И нешто во неа празно ,"
unstable_tag,преграб,преграб,ADV,,,,Rgp,"1/7 ADV, majority NOUN (3)",Гане Тодоровски,Македонски јазик,"ти – преграб страстен , ти – најлуд алкохол ,"
unstable_tag,преграб,преграб,VERB,,,,Vmeia-s-n,"1/7 VERB, majority NOUN (3)",Блаже Конески,ГУГУЧКА,"преграб црн околу вратот ,"
unstable_tag,пролетно,пролетно,ADV,,,,Rgp,"1/5 ADV, majority ADJ (4)",Блаже Конески,ГАЛЕБ,на галеб над море пролетно летнат .
unstable_tag,пуста,пуста,NOUN,,,,I,"1/13 NOUN, majority ADJ (12)",Блаже Конески,УТРО,не на полјанката пуста
unstable_tag,пусти,пусти,NOUN,,,,Q-s,"2/15 NOUN, majority ADJ (12)",Кочо Рацин,Татунчо,а по тежок одзив пусти
unstable_tag,пусти,пусти,VERB,,,,Vmpip3p-n,"1/15 VERB, majority ADJ (12)",Кочо Рацин,Елегии за тебе,Луњи ли ќе пусти дојдат
unstable_tag,пусти,пусти,NOUN,,,,Q-s,"2/15 NOUN, majority ADJ (12)",Адем Гајтани,Коњот,Хиподромите сега се пусти
unstable_tag,пусто,пусто,ADV,,,,Rgp,"1/8 ADV, majority ADJ (7)",Кочо Рацин,Проштавање,"знам , Вело , пусто остана сичко –"
unstable_tag,рамни,рамен,NOUN,,,,Q-s,"1/8 NOUN, majority ADJ (7)",Кочо Рацин,Утрото над нас,"По долги , меки ширини рамни"
unstable_tag,рани,рана,VERB,,,,Vmpip3s-n,"1/23 VERB, majority NOUN (22)",Ефтим Клетников,ОТПОСЛЕ СỀ РАСТЕ,да не ја рани јатката на Светлото .
unstable_tag,рибите,риб,ADJ,,,,Afp-p-y,"1/7 ADJ, majority NOUN (6)",Богомил Ѓузел,I,"на рибите неми ; без искушение за власт ,"
unstable_tag,Ридје,Ридје,PROPN,,,,Npmsnn,"1/5 PROPN, majority VERB (2)",Адем Гајтани,Оганот,Ридје голта
unstable_tag,родина,родин,ADJ,,,,Afpfs-n,"1/7 ADJ, majority NOUN (5)",Матеја Матевски,Целиот живот ми се спомените,создавам со нив родина тајна .
unstable_tag,Родина,Родина,PROPN,,,,Npfsnn,"1/7 PROPN, majority NOUN (5)",Славко Јаневски,Зоја - 0,Родина
unstable_tag,рони,рони,PROPN,,,,Npmsnn,"1/19 PROPN, majority VERB (18)",Славко Јаневски,Ајдучка легенда,"месечина под бран речен рони ,"
unstable_tag,роси,роси,VERB,,,,Vmeia-s-n,"1/7 VERB, majority PROPN (6)",Блаже Конески,ПЕСНАТА,роса ми роси на срце –
unstable_tag,румена,румена,NOUN,,,,Ncfsnn,"1/7 NOUN, majority ADJ (6)",Блаже Конески,ПОЛНОЌ,да летнеш румена
unstable_tag,сал,сал,ADJ,,,,Afpms-n,"3/33 ADJ, majority VERB (13)",Адем Гајтани,Лебедовата песна,гласот на Орфеј е сал едно треперење
unstable_tag,сал,сал,PROPN,,,,Q-c,"6/33 PROPN, majority VERB (13)",Тодор Чаловски,Убав ден,"на стемнувањето , и сал"
unstable_tag,сал,сал,PROPN,,,,Npmsnn,"6/33 PROPN, majority VERB (13)",Богомил Ѓузел,"Лондон, Hова година 1965",сал Оној што го рекол
unstable_tag,сал,сал,PROPN,,,,I,"6/33 PROPN, majority VERB (13)",Богомил Ѓузел,II,Така патуваме и ние низ животот свирепо сал
unstable_tag,сал,сал,ADJ,,,,Afpms-n,"3/33 ADJ, majority VERB (13)",Богомил Ѓузел,III,"да , збор еден што може да биде сал зрак , зрно"
unstable_tag,сал,сал,PROPN,,,,Q-c,"6/33 PROPN, majority VERB (13)",Богомил Ѓузел,IV,"да го сретне куршумот и потем — ништо , сал"
unstable_tag,сал,сал,ADJ,,,,Afpms-n,"3/33 ADJ, majority VERB (13)",Богомил Ѓузел,VI,"крвав cri de coeur , но сал неизбежен вкус"
unstable_tag,сал,сал,PROPN,,,,Q-c,"6/33 PROPN, majority VERB (13)",Богомил Ѓузел,VI,"сал простории што треба да се проветрат , сал"
unstable_tag,сал,сал,PROPN,,,,I,"6/33 PROPN, majority VERB (13)",Богомил Ѓузел,Х,и поставени во градба станаа цврст камен сал
unstable_tag,саноќ,саноќа,NOUN,,,,Ncfpnn,"1/12 NOUN, majority ADV (11)",Катица Ќулавкова,"ТИГРИТЕ, ЛЕОПАРДИТЕ, ЛАВОВИТЕ",по саноќ страхувале
unstable_tag,свети,свет,VERB,,,,Vmpip3s-n,"1/17 VERB, majority ADJ (16)",Братислав Ташковски,До крај,и мојата Черепница веќе започнува да свети
unstable_tag,светло,светол,ADJ,,,,Afpns-n,"2/13 ADJ, majority NOUN (11)",Тодор Чаловски,Кристалот на ослободената сенка,со светло и темно во нивната легната сенка
unstable_tag,светло,светол,ADJ,,,,Afpns-n,"2/13 ADJ, majority NOUN (11)",Ефтим Клетников,ПЕСНА ЗА ПРОЛЕТНИОТ ВЕТЕР,( еротска соната во светло и темно )
unstable_tag,светов,светов,ADV,,,,Rgp,"1/13 ADV, majority NOUN (11)",Славко Јаневски,Печалбарска,"и скитав по светов голем ,"
unstable_tag,светов,светов,PROPN,,,,Npmsnn,"1/13 PROPN, majority NOUN (11)",Блаже Конески,ОЧАЈ,Да нема еден човек на светов
unstable_tag,свила,свила,VERB,,,,Vmpip3s-n,"1/16 VERB, majority NOUN (15)",Блаже Конески,ПЕСНА,што се свила и што трае .
unstable_tag,севезден,севезден,NOUN,,,,Ncmsnn,"1/9 NOUN, majority ADJ (7)",Гане Тодоровски,Скица за првото писмо до Ема Гермова,До тој ден те прижелкувам по севезден
unstable_tag,севезден,севезден,ADV,,,,Rgp,"1/9 ADV, majority ADJ (7)",Ристо Лазаров,ГРОБИШТАТА РЕКОЛЕТА,тука времето севезден се врти на другата страна
unstable_tag,сеедно,сеедно,ADJ,,,,Afpns-n,"2/10 ADJ, majority ADV (8)",Влада Урошевиќ,Зимско патување,Пејзажи за кои е сеедно што за нив ќе зборам .
unstable_tag,сеедно,сеедно,ADJ,,,,Afpns-n,"2/10 ADJ, majority ADV (8)",Катица Ќулавкова,ОСМА: КУЌА НА СМРТТА,Дали му е сеедно или немоќно е
unstable_tag,сека,сека,PROPN,,,,Q-c,"1/17 PROPN, majority ADJ (12)",Блаже Конески,КАЛЕМЕГДАН,Сè потихо се гласи стапка сека
unstable_tag,села,сeло,PROPN,,,,Npmpnn,"1/18 PROPN, majority NOUN (17)",Славко Јаневски,Твоја и моја земја - на Никола Јонков Вапцаров,"над села ,"
unstable_tag,село,село,ADJ,,,,Afpns-n,"3/41 ADJ, majority NOUN (38)",Славко Јаневски,Три неволји,Прва ми е на сред село оро -
unstable_tag,село,село,ADJ,,,,Afpns-n,"3/41 ADJ, majority NOUN (38)",Славко Јаневски,Песна на описменетиот бригадир,"еј , село родно , песна ти праќам –"
unstable_tag,село,село,ADJ,,,,Afpns-n,"3/41 ADJ, majority NOUN (38)",Блаже Конески,ЗАКОПНА ПЕСНА,носилка трга низ село наше .
unstable_tag,силно,силен,ADJ,,,,Afpns-n,"6/30 ADJ, majority ADV (24)",Кочо Рацин,Елегии за тебе,"силно , силно , дури милно"
unstable_tag,силно,силен,ADJ,,,,Afpns-n,"6/30 ADJ, majority ADV (24)",Кочо Рацин,Елегии за тебе,"силно , силно , дури милно"
unstable_tag,Силно,силен,ADJ,,,,Afpns-n,"6/30 ADJ, majority ADV (24)",Милош Линдро,Енох на седмото небо,"Лице Силно , Преславно"
unstable_tag,Силно,силен,ADJ,,,,Afpns-n,"6/30 ADJ, majority ADV (24)",Блаже Конески,ИЛИНДЕНСКИ МЕЛОДИИ,"Силно момче беше , силно срце в гради ,"
unstable_tag,силно,силен,ADJ,,,,Afpns-n,"6/30 ADJ, majority ADV (24)",Блаже Конески,ИЛИНДЕНСКИ МЕЛОДИИ,"Силно момче беше , силно срце в гради ,"
unstable_tag,силно,силен,ADJ,,,,Afpns-n,"6/30 ADJ, majority ADV (24)",Ефтим Клетников,ОКОТО НА ТЕМНИОТ ГО ГЛЕДА МРТВОТО ДЕВОЈЧЕ НА ВОДЕНИЧАРОТ - 3,"не дрво силно што го нишаат ветровите ,"
unstable_tag,сине,сине,PROPN,,,,I,"1/8 PROPN, majority NOUN (5)",Ефтим Клетников,ПРОЛЕТ. БОЛНО ДЕТЕ. -3.- Полноќ. Ѕвездата се гаси.,"и низ твојто лице , леле , сине"
unstable_tag,синко,синко,PROPN,,,,Q-c,"1/5 PROPN, majority NOUN (4)",Пијан Славеј,КАЛЕМЕЊЕ,"„ земи ја , синко"
unstable_tag,сино,син,NOUN,,,,Ncnsnn,"2/16 NOUN, majority ADJ (13)",Пијан Славеј,СРНА НА ПАТОТ,до небото сино
unstable_tag,сино,син,ADV,,,,Rgp,"1/16 ADV, majority ADJ (13)",Ефтим Клетников,ОКОТО НА ТЕМНИОТ ГО ГЛЕДА МРТВОТО ДЕВОЈЧЕ НА ВОДЕНИЧАРОТ - 6,"Или тоа , само , миговите сини , сино минат ?"
unstable_tag,сино,син,NOUN,,,,Ncnsnn,"2/16 NOUN, majority ADJ (13)",Братислав Ташковски,"Јас, мајсторот",Твојот шал е бескрајното сино
unstable_tag,ситно,ситен,ADV,,,,Rgp,"1/5 ADV, majority ADJ (4)",Тодор Чаловски,Ткаење,минуваат ситно низ нишките на разбојот
unstable_tag,скутој,скутој,PROPN,,,,Npmsnn,"1/5 PROPN, majority NOUN (4)",Славко Јаневски,Егејска песна - 1,Чувала мајка во скутој
unstable_tag,слатки,слатки,ADJ,,,,Afp-p-n,"1/9 ADJ, majority NOUN (8)",Матеја Матевски,Прва ноќ,Гудало од слатки нерви
unstable_tag,слободно,слободен,ADJ,,,,Afpns-n,"2/13 ADJ, majority ADV (11)",Веле Смилевски,Забранета книга,Забрането слободно паѓање
unstable_tag,слободно,слободен,ADJ,,,,Afpns-n,"2/13 ADJ, majority ADV (11)",Славко Јаневски,Прва бразда,За прв пат слободно светло ... утрото млечно и бело -
unstable_tag,смртно,смртно,ADJ,,,,Ag-ns-n,"1/6 ADJ, majority ADV (5)",Ацо Шопов,Ноќен извор,смртно што ја опи .
unstable_tag,солза,солза,ADJ,,,,Afpfs-n,"1/24 ADJ, majority NOUN (23)",Славко Јаневски,Украина,"како солза оросница ,"
unstable_tag,соној,соној,ADV,,,,Rgp,"1/5 ADV, majority NOUN (3)",Славко Јаневски,Балада за Црногорската мома,Во нив често в тивка вечер гледав соној како ронат ...
unstable_tag,соној,соној,ADJ,,,,Afp-p-n,"1/5 ADJ, majority NOUN (3)",Славко Јаневски,Зоја - 2,соној и проѕирни зори .
unstable_tag,среде,среде,NOUN,,,,Q-s,"1/21 NOUN, majority VERB (18)",Милош Линдро,ЗЕМЈОМЕРОТ ЈА МЕРИ ВИСТИНАТА,"Под тежок превез , над бледо поле и среде"
unstable_tag,среде,среде,ADV,,,,Rgp,"1/21 ADV, majority VERB (18)",Блаже Конески,ДОЈРАН,"Чунчето среде ме носи ,"
unstable_tag,среде,сред,ADJ,,,,Ag-ns-n,"1/21 ADJ, majority VERB (18)",Ристо Лазаров,СПРОСТРЕНИ СПОМЕНИ,среде детство
unstable_tag,стари,стар,NOUN,,,,Ncmpnn,"3/48 NOUN, majority ADJ (45)",Матеја Матевски,Езеро,стари
unstable_tag,стари,стар,NOUN,,,,Ncfpnn,"3/48 NOUN, majority ADJ (45)",Богомил Ѓузел,III,"наште животи , кал во крвта , непомирливите стари"
unstable_tag,стари,стар,NOUN,,,,Ncmpnn,"3/48 NOUN, majority ADJ (45)",Пијан Славеј,АТЛАНТИДА НА МЕРАКОТ,ни сказалките стари
unstable_tag,старо,стар,NOUN,,,,Ncnsnn,"1/32 NOUN, majority ADJ (31)",Адем Гајтани,Бохинско езеро,го барам коренот од ова езеро старо
unstable_tag,стемни,стемни,ADJ,,,,Afpms-n,"1/5 ADJ, majority VERB (3)",Петре М. Андреевски,ПРВА ИСПОВЕД,јас не знам колку пати се стемни оттогаш
unstable_tag,стемни,стемни,ADV,,,,I,"1/5 ADV, majority VERB (3)",Ристо Лазаров,ГАЛИЧИЦА,ако навистина н # стемни
unstable_tag,страсно,страсно,ADJ,,,,Afpns-n,"1/8 ADJ, majority ADV (7)",Блаже Конески,ГУГУЧКА,"страсно грлено зборување ,"
unstable_tag,стрела,стрела,VERB,,,,Vmpip3s-n,"1/6 VERB, majority NOUN (5)",Блаже Конески,СОНЧЕВА КОЛОНА,го стрела смртно од сите лица
unstable_tag,студено,студено,ADV,,,,Rgp,"1/5 ADV, majority ADJ (4)",Братислав Ташковски,Големата љубовна песна 2.муза,"во душата студено да вриснам ,"
unstable_tag,суво,суво,NOUN,,,,Ncnsnn,"3/15 NOUN, majority ADJ (12)",Веле Смилевски,Забранета книга,Забрането веслање на суво
unstable_tag,суво,суво,NOUN,,,,Ncnsnn,"3/15 NOUN, majority ADJ (12)",Пијан Славеј,КЛУПА,зад аголот е суво
unstable_tag,суво,суво,NOUN,,,,Ncnsnn,"3/15 NOUN, majority ADJ (12)",Ристо Лазаров,ШКОЛКА,една школка испливана на суво
unstable_tag,суши,суша,NOUN,,,,Ncfpnn,"1/6 NOUN, majority VERB (5)",Ацо Шопов,Небиднина,две суши
unstable_tag,та,таа,ADJ,,,,Ag-fs-n,"1/18 ADJ, majority NOUN (9)",Блаже Конески,ДАБ,та сочна убост да му даде тој
unstable_tag,Таго,таго,VERB,,,,Vmeia-s-n,"1/12 VERB, majority NOUN (8)",Матеја Матевски,Поле,Таго на детството напуштено
unstable_tag,таја,таја,NOUN,,,,Ncfsnn,"1/7 NOUN, majority ADJ (4)",Блаже Конески,СОНЧЕВА КОЛОНА,Шамија црна врзува таја
unstable_tag,Тајни,тајна,ADJ,,,,Afp-p-n,"1/14 ADJ, majority NOUN (13)",Ива Петреска,Смрдеа,"Тајни знаци ,"
unstable_tag,тврди,тврд,ADJ,,,,Afp-p-n,"1/5 ADJ, majority VERB (4)",Ристо Лазаров,ТИРКИЗНА ПЕСНА,во две тврди лејки
unstable_tag,тивко,тивок,ADJ,,,,Afpns-n,"5/27 ADJ, majority ADV (22)",Славко Јаневски,3имна приказна,"„ Одамна било негде ... "" - почнува тивко дедо ,"
unstable_tag,тивко,тивок,ADJ,,,,Afpns-n,"5/27 ADJ, majority ADV (22)",Славко Јаневски,3имна приказна,"тивко ќе сплетам , тивко , приказна - цветна китка ."
unstable_tag,тивко,тивок,ADJ,,,,Afpns-n,"5/27 ADJ, majority ADV (22)",Славко Јаневски,Зоја - 7,на . двор е тивко и глуво –
unstable_tag,тивко,тивок,ADJ,,,,Afpns-n,"5/27 ADJ, majority ADV (22)",Блаже Конески,ЗА НЕПОЗНАТАТА  - БЕГСТВО,јас барам тивко и скришно место .
unstable_tag,тивко,тивок,ADJ,,,,Afpns-n,"5/27 ADJ, majority ADV (22)",Блаже Конески,ЅВЕЗДИ,само она тивко штуркање во Раец
unstable_tag,Тиквешко,тиквешко,PROPN,,,,Npmsnn,"1/5 PROPN, majority NOUN (4)",Славко Јаневски,Љубов за љубов,"А кој бил велешки гостин , или во Тиквешко минал ,"
unstable_tag,тихо,тихо,VERB,,,,Vmeia-s-n,"2/10 VERB, majority ADV (3)",Блаже Конески,Снег,тихо во спокој мек .
unstable_tag,тихо,тихо,VERB,,,,Vmeia-s-n,"2/10 VERB, majority ADV (3)",Блаже Конески,СНЕГ,тихо во спокој мек .
unstable_tag,тихо,тих,ADJ,,,,Afpns-n,"2/10 ADJ, majority ADV (3)",Блаже Конески,ЗАСПИВАЊЕ,Некаков копнеж за тихо прикажување
unstable_tag,тихо,тих,ADJ,,,,Afpns-n,"2/10 ADJ, majority ADV (3)",Блаже Конески,ТИШИНА,има нешто толку тихо –
unstable_tag,точи,точи,NOUN,,,,Ncfsnn,"1/5 NOUN, majority VERB (4)",Кочо Рацин,Елегии за тебе,"и алова точи свила ,"
unstable_tag,трепетно,трепетно,ADV,,,,Rgp,"1/6 ADV, majority ADJ (5)",Славко Јаневски,Калина,"трепетно , леко ,"
unstable_tag,тркалезно,тркалезен,ADV,,,,Rgp,"1/6 ADV, majority ADJ (5)",Тодор Чаловски,Смоква,тркалезно го откриваш сонот
unstable_tag,трошка,трошка,NOUN,,,,Ncfsnn,"1/9 NOUN, majority ADJ (8)",Ива Петреска,Од каде што животот се раѓа,дека со мене и една мала трошка
unstable_tag,трупа,трупа,NOUN,,,,Ncfsnn,"1/5 NOUN, majority VERB (4)",Ефтим Клетников,НЕ МИНУВАЈТЕ ПОКРАЈ ГРОБОВИТЕ НА ДЕВОЈКИТЕ - 2,и трупа везден соспи мирисот
unstable_tag,ту,ту,NOUN,,,,Ncmsnn,"1/7 NOUN, majority ADV (3)",Лилјана Дирјан,Концерт за мирис и оркестар,и татко ми гледа ту во мајка ми ту во своето сеќавање
unstable_tag,ту,ту,VERB,,,,Vmpip2s-n,"1/7 VERB, majority ADV (3)",Лилјана Дирјан,Концерт за мирис и оркестар,и татко ми гледа ту во мајка ми ту во своето сеќавање
unstable_tag,убаво,убаво,ADV,,,,Rgp,"3/22 ADV, majority ADJ (19)",Анте Поповски,Тие малечки нешта околу нас,доколку убаво се заслушувавме во ноќите
unstable_tag,убаво,убаво,ADV,,,,Rgp,"3/22 ADV, majority ADJ (19)",Катица Ќулавкова,ДРАМА,и на убаво се навикнуваш
unstable_tag,убаво,убаво,ADV,,,,Rgp,"3/22 ADV, majority ADJ (19)",Ива Петреска,Смрдеа,"ги слушаш и убаво звучат ,"
unstable_tag,утрово,утро,ADJ,,,,Afpns-n,"1/6 ADJ, majority ADV (4)",Блаже Конески,ПРОЛЕТ,"утрово сонце ме бакна ,"
unstable_tag,утрово,утро,NOUN,,,,Ncnsnn,"1/6 NOUN, majority ADV (4)",Пијан Славеј,ГАЛЕЖЛИВО,"добро е , утрово"
unstable_tag,цвета,цве,NOUN,,,,Ncfsny,"1/13 NOUN, majority VERB (12)",Славко Јаневски,Песна на описменетиот бригадир,в сонце кај цвета на наши прагој .
unstable_tag,цел,цел,NOUN,,,,Ncfsnn,"7/35 NOUN, majority ADJ (28)",Тодор Чаловски,Бегство,и јасна цел да ги презреш заблудите прежни
unstable_tag,цел,цел,NOUN,,,,Ncfsnn,"7/35 NOUN, majority ADJ (28)",Влада Урошевиќ,Мириси на попладнето,ја тресат покуќнината : цел думан
unstable_tag,цел,цел,NOUN,,,,Ncfsnn,"7/35 NOUN, majority ADJ (28)",Милош Линдро,СТРОЕЊЕ,Се разбира и - цел .
unstable_tag,цел,цел,NOUN,,,,Ncfsnn,"7/35 NOUN, majority ADJ (28)",Блаже Конески,Куманово,"поради јасната цел ,"
unstable_tag,цел,цел,NOUN,,,,Ncfsnn,"7/35 NOUN, majority ADJ (28)",Петре М. Андреевски,ПЕТТО ПИСМО,"меѓу овошките упатени кон својата сезонска цел ,"
unstable_tag,цел,цел,NOUN,,,,Ncfsnn,"7/35 NOUN, majority ADJ (28)",Катица Ќулавкова,ПРЕРОДБА,"и без причина : значи , без јасна цел ."
unstable_tag,цел,цел,NOUN,,,,Ncfsnn,"7/35 NOUN, majority ADJ (28)",Ива Петреска,Создадена за живот,единствена цел .
unstable_tag,Црна,Црна,PROPN,,,,Npfsnn,"4/39 PROPN, majority ADJ (35)",Петре М. Андреевски,Кукавица,Црна и јас таму
unstable_tag,Црна,Црна,PROPN,,,,Npfsnn,"4/39 PROPN, majority ADJ (35)",Гане Тодоровски,4ти мај 1903,"Црна зацрни се таголика страдалнице ,"
unstable_tag,Црна,Црна,PROPN,,,,Npfsnn,"4/39 PROPN, majority ADJ (35)",Бранко Цветкоски,БОГИНКИ,Црна виделина
unstable_tag,Црна,Црна,PROPN,,,,Npfsnn,"4/39 PROPN, majority ADJ (35)",Блаже Конески,БОЛЕН ДОЈЧИН,да убијам Црна Арапина .
unstable_tag,чиниш,чини,VERB,,,,Vmpip3s-n,"1/5 VERB, majority ADV (3)",Петре М. Андреевски,Тоа таму,Што чинеше дека чиниш :
unstable_tag,чиниш,чиниш,NOUN,,,,Ncnsnn,"1/5 NOUN, majority ADV (3)",Блаже Конески,ТЕШКОТО,"И душата , чиниш , на родот мој мачен"
unstable_tag,чисто,чисто,ADV,,,,Rgp,"2/12 ADV, majority ADJ (10)",Тодор Чаловски,Радика,сал чисто реката убавина длаби
unstable_tag,чисто,чисто,ADV,,,,Rgp,"2/12 ADV, majority ADJ (10)",Ефтим Клетников,жестоко,Во небото да погледам чисто
unstable_tag,човека,човека,PROPN,,,,Npmsnn,"1/8 PROPN, majority NOUN (7)",Тодор Чаловски,Јадрорез,кога мерка ѕверка во човека
unstable_tag,шума,шума,VERB,,,,Vmpip3s-n,"1/13 VERB, majority NOUN (12)",Ацо Шопов,Партизанска колона,кога се шума разлисти
unstable_tag,шумоли,шумоли,NOUN,,,,Ncmsnn,"1/9 NOUN, majority VERB (8)",Лилјана Дирјан,Концерт за мирис и оркестар,и весникот на кој се суши сечканиот магдонос шумоли
unstable_tag,јаболко,јаболко,ADJ,,,,Afpns-n,"1/9 ADJ, majority NOUN (8)",Пијан Славеј,ГАЛЕЖЛИВО,и јаболко сочно
upos_xpos_clash,01:47,01:47,PROPN,,,,Y,upos PROPN vs xpos Y,Игор Исаковски,Непрекинливо движење,"18.08.2008 , 01:47"
upos_xpos_clash,3-М,3-М,PROPN,,,,Q-s,upos PROPN vs xpos Q-s,Милош Линдро,СВЕДОШТВОТО НА ЕНОХ ЗА АДАМА,Сончевата насока дава 3-М
upos_xpos_clash,`,`,ADV,,,,Q-s,upos ADV vs xpos Q-s,Ефтим Клетников,ПРОЛЕТ. БОЛНО ДЕТЕ. -4.- Утро. Отсутност.,"и се чуди , и одраз и ` лови :"
upos_xpos_clash,Babylone,babylone,PROPN,,,,Q-s,upos PROPN vs xpos Q-s,Ацо Шопов,Notre Dame,Нема каде : преку Babylone
upos_xpos_clash,infinito,infinito,NOUN,,,,I,upos NOUN vs xpos I,Катица Ќулавкова,ЏОРДАНО БРУНО: „Ние сме веќе на небо“,а светот е некој непознат infinito
upos_xpos_clash,Miro,Miro,PROPN,,,,Y,upos PROPN vs xpos Y,Пијан Славеј,АВТОПОРТРЕТИ,( Yo Miro )
upos_xpos_clash,navigare,navigare,VERB,,,,Q-s,upos VERB vs xpos Q-s,Братислав Ташковски,Големата љубовна песна 1.море,navigare necesse est !
upos_xpos_clash,Адоил,адоил,NOUN,,,,I,upos NOUN vs xpos I,Милош Линдро,Господ Еноху,Тоа е превеликиот Адоил
upos_xpos_clash,алем-камен,алем-камен,NOUN,,,,Q-c,upos NOUN vs xpos Q-c,Ефтим Клетников,Јавач во полноќта - 3,а блеска алем-камен
upos_xpos_clash,Аморови,Аморови,PROPN,,,,Y,upos PROPN vs xpos Y,Адем Гајтани,Тротоарот,стрели Аморови
upos_xpos_clash,анапест,анапест,PROPN,,,,I,upos PROPN vs xpos I,Пијан Славеј,НЕСОНИЦА,Трохеј – дактил или јамб – анапест
upos_xpos_clash,анатемо,анатемо,NOUN,,,,I,upos NOUN vs xpos I,Катица Ќулавкова,ЦРНА МЕСЕЧИНА,"вртелешко вселенска , машка анатемо"
upos_xpos_clash,асадо-асадито,асадо-асадито,PROPN,,,,Q-s,upos PROPN vs xpos Q-s,Ристо Лазаров,КАМИНИТО,наште срце асадо-асадито
upos_xpos_clash,Б.,Б.,PROPN,,,,Y,upos PROPN vs xpos Y,Ефтим Клетников,***,Б. Ѓузел
upos_xpos_clash,безгрижа,безгрижа,NOUN,,,,I,upos NOUN vs xpos I,Ристо Лазаров,САНТЕЛМО,и ве честат негувана опуштеност и безгрижа
upos_xpos_clash,бележиш,бележиш,VERB,,,,Y,upos VERB vs xpos Y,Тодор Чаловски,Благун,што толку сигурно го бележиш
upos_xpos_clash,Биди,биде,VERB,,,,Q-s,upos VERB vs xpos Q-s,Ефтим Клетников,зимски простор,Ако не си - Биди
upos_xpos_clash,бие,бие,VERB,,,,Q-c,upos VERB vs xpos Q-c,Богомил Ѓузел,Пролет во апокалипса,Но никој не се бие
upos_xpos_clash,бие,бие,VERB,,,,Q-s,upos VERB vs xpos Q-s,Богомил Ѓузел,Во глуво доба од ноќта,"не , тоа не е срцето сопствено што бие"
upos_xpos_clash,бие,бие,VERB,,,,Q-s,upos VERB vs xpos Q-s,Славко Јаневски,Балада за Црногорската мома,"а тоа ќе расне в љубов и ќе бие , и ќе бие"
upos_xpos_clash,бие,бие,VERB,,,,Q-s,upos VERB vs xpos Q-s,Богомил Ѓузел,V,Срцето на човекојадецот сè уште бие
upos_xpos_clash,бие,бие,VERB,,,,Q-s,upos VERB vs xpos Q-s,Блаже Конески,ДОЈРАН,далгата в брегови бие
upos_xpos_clash,бие,бие,VERB,,,,Q-s,upos VERB vs xpos Q-s,Блаже Конески,ДОЈРАН,Од млада става му бие
upos_xpos_clash,бие,бие,VERB,,,,Q-c,upos VERB vs xpos Q-c,Пијан Славеј,ТУКУТАКА,ко топче што бие
upos_xpos_clash,бие,бие,VERB,,,,Q-c,upos VERB vs xpos Q-c,Ристо Лазаров,ТРПЕЗА,кавал роса кај што бие
upos_xpos_clash,бистер,бистер,NOUN,,,,Q-s,upos NOUN vs xpos Q-s,Блаже Конески,ПРОЛЕТНА ПЕСНА,А в пролет извор зелен и бистер
upos_xpos_clash,бистри,бистри,NOUN,,,,I,upos NOUN vs xpos I,Кочо Рацин,Елегии за тебе,Кој ни замати извори бистри
upos_xpos_clash,благо,благо,ADV,,,,I,upos ADV vs xpos I,Славко Јаневски,Украина,од твоето око благо
upos_xpos_clash,бледни,бледни,NOUN,,,,I,upos NOUN vs xpos I,Кочо Рацин,Тутуноберачите,Жолт – жолти прави лицата бледни
upos_xpos_clash,блескот,блескот,NOUN,,,,I,upos NOUN vs xpos I,Блаже Конески,КОШМАР,И зошто тогаш сиот баран блескот
upos_xpos_clash,бликнува,бликнува,VERB,,,,I,upos VERB vs xpos I,Катица Ќулавкова,ТОПЛА КРВ,ласцивен кога бликнува
upos_xpos_clash,блуди,блуди,VERB,,,,I,upos VERB vs xpos I,Катица Ќулавкова,ПАСИЈА ПО ПЕСОТ,на човек кој ќе блуди
upos_xpos_clash,бов,бов,NOUN,,,,I,upos NOUN vs xpos I,Братислав Ташковски,Да ги заборавиме пророците 2.,на овие забранети групи за широка бов
upos_xpos_clash,Боже,боже,PROPN,,,,I,upos PROPN vs xpos I,Ефтим Клетников,зимски простор,"О , мој Боже"
upos_xpos_clash,божем-дипломат,божем-дипломат,NOUN,,,,I,upos NOUN vs xpos I,Богомил Ѓузел,"1, Lady Road, Edinburgh 9.",млад божем-дипломат
upos_xpos_clash,болтее,болтее,VERB,,,,I,upos VERB vs xpos I,Тодор Чаловски,Смоква,По стеблото сокот ти болтее
upos_xpos_clash,брал,брал,VERB,,,,Q-s,upos VERB vs xpos Q-s,Анте Поповски,Љубовна,Ќе ѝ принесевме сини цветови што ги брал
upos_xpos_clash,браќа,брат,NOUN,,,,Q-s,upos NOUN vs xpos Q-s,Петре М. Андреевски,Кукавица,не знам колку браќа
upos_xpos_clash,бргу,бргу,ADV,,,,Q-c,upos ADV vs xpos Q-c,Тодор Чаловски,Тонивода,низ скипнат вознес постилајќи ја бргу
upos_xpos_clash,брегој,брегој,NOUN,,,,I,upos NOUN vs xpos I,Славко Јаневски,Егејска песна - 6,за детство крај сините брегој
upos_xpos_clash,Брион,брион,PROPN,,,,Q-c,upos PROPN vs xpos Q-c,Милош Линдро,СВЕДОШТВОТО НА ЕНОХ ЗА АДАМА,Таму ја здогледал ѕвездата Брион
upos_xpos_clash,бурјани,бурјани,NOUN,,,,Q-s,upos NOUN vs xpos Q-s,Матеја Матевски,Сон,зад него остануваат треви троскотишта и бурјани
upos_xpos_clash,бушав,бушав,NOUN,,,,I,upos NOUN vs xpos I,Пијан Славеј,КАЛЕМЕЊЕ,"благадуша , бушав"
upos_xpos_clash,бушав,бушав,NOUN,,,,I,upos NOUN vs xpos I,Пијан Славеј,КАЛЕМЕЊЕ,"благадуша , бушав"
upos_xpos_clash,буѓосани,буѓосани,NOUN,,,,I,upos NOUN vs xpos I,Кочо Рацин,На Струга дуќан да имам,"Раскапани , буѓосани"
upos_xpos_clash,ваби,ваби,NOUN,,,,Q-s,upos NOUN vs xpos Q-s,Тодор Чаловски,Дворење на зборот,и гледам како во облик на човечка рака ваби
upos_xpos_clash,вака,вака,ADV,,,,Q-s,upos ADV vs xpos Q-s,Игор Исаковски,Едно мало писмо,вака
upos_xpos_clash,вака,вака,ADV,,,,Q-s,upos ADV vs xpos Q-s,Пијан Славеј,ИСПИЛУВАЊЕ,кај сум заспал вака
upos_xpos_clash,варосан,варосан,VERB,,,,I,upos VERB vs xpos I,Веле Смилевски,Книгата ѕид,Ѕид варосан
upos_xpos_clash,везе,везе,NOUN,,,,I,upos NOUN vs xpos I,Славко Јаневски,Балада за Црногорската мома,На румена свила вез позлатен везе
upos_xpos_clash,великолепни,великолепни,ADV,,,,Q-s,upos ADV vs xpos Q-s,Богомил Ѓузел,V,великолепни
upos_xpos_clash,вене,вене,NOUN,,,,Q-c,upos NOUN vs xpos Q-c,Пијан Славеј,КУПИДОН,Твојата љубов безболно вене
upos_xpos_clash,виеж,виеж,NOUN,,,,I,upos NOUN vs xpos I,Тодор Чаловски,Бегство,"како заборав во минаралот , како темен виеж"
upos_xpos_clash,виши,виши,VERB,,,,Q-c,upos VERB vs xpos Q-c,Матеја Матевски,Сон,беспрекин да се виши
upos_xpos_clash,вковал,вковал,ADV,,,,I,upos ADV vs xpos I,Гане Тодоровски,Зимска прикаска,Јас го следам жедно очи вковал
upos_xpos_clash,водарче,водарче,NOUN,,,,I,upos NOUN vs xpos I,Ристо Лазаров,ГЕЈЗЕР,сал едно водарче
upos_xpos_clash,водица,водица,NOUN,,,,I,upos NOUN vs xpos I,Ристо Лазаров,ЖЕДНИК,жеден водица
upos_xpos_clash,водје,водје,NOUN,,,,I,upos NOUN vs xpos I,Блаже Конески,ПРОШТАЛНА ПЕСНА,"пролетни водје , црни водје"
upos_xpos_clash,водје,водје,NOUN,,,,I,upos NOUN vs xpos I,Блаже Конески,ПРОШТАЛНА ПЕСНА,"Пролетни водје , црни водје"
upos_xpos_clash,вон,вон,ADV,,,,Q-s,upos ADV vs xpos Q-s,Милош Линдро,ЗЕМЈОМЕРОТ ЈА МЕРИ ВИСТИНАТА,По патеката свиена до назад и вон
upos_xpos_clash,впил,впил,VERB,,,,Q-s,upos VERB vs xpos Q-s,Матеја Матевски,Свети Трифун,пред твојот лик сонцето што го впил
upos_xpos_clash,вража,вража,PROPN,,,,I,upos PROPN vs xpos I,Влада Урошевиќ,ЗИМСКА ПЕСНА,слушај како дрвото во темнината вража
upos_xpos_clash,враже,враже,NOUN,,,,I,upos NOUN vs xpos I,Адем Гајтани,Автомобилот,едно чудно враже
upos_xpos_clash,вратита,вратита,NOUN,,,,Q-s,upos NOUN vs xpos Q-s,Богомил Ѓузел,"1, Lady Road, Edinburgh 9.",Некој штогоде зошто ги отворил отпосле вратита
upos_xpos_clash,вратниче,вратниче,NOUN,,,,Q-c,upos NOUN vs xpos Q-c,Петре М. Андреевски,Тркалезни форми,што е единствено вратниче
upos_xpos_clash,врвицо,врвицо,PROPN,,,,I,upos PROPN vs xpos I,Матеја Матевски,Дождови,Однеси ме низ овој дожд ти врвицо
upos_xpos_clash,вриснеш,вриснеш,VERB,,,,Q-s,upos VERB vs xpos Q-s,Матеја Матевски,Дождови,Игриво зањискајте да вриснеш
upos_xpos_clash,втасаш,втасаш,VERB,,,,Q-c,upos VERB vs xpos Q-c,Блаже Конески,МОЛИТВА,на тиха полноќ да втасаш
upos_xpos_clash,вудве,вудве,NOUN,,,,Q-s,upos NOUN vs xpos Q-s,Пијан Славеј,БЕЛАТА СМРТ НА ЕДНА КРАТКА ЉУБОВ,уште сме вудве
upos_xpos_clash,вудве,вудве,NOUN,,,,Q-s,upos NOUN vs xpos Q-s,Пијан Славеј,БЕЛАТА СМРТ НА ЕДНА КРАТКА ЉУБОВ,уште сме вудве
upos_xpos_clash,вјаса,вјаса,NOUN,,,,I,upos NOUN vs xpos I,Матеја Матевски,Свети Трифун,ни сонот како расте ни денот како вјаса
upos_xpos_clash,вјаса,вјаса,NOUN,,,,I,upos NOUN vs xpos I,Тодор Чаловски,Искра,што ни пее и беспрекин вјаса
upos_xpos_clash,вјасам,вјасам,VERB,,,,Q-s,upos VERB vs xpos Q-s,Адем Гајтани,Темјанушка,во сонот свој ја раснам и вјасам
upos_xpos_clash,г.,г.,NOUN,,,,Y,upos NOUN vs xpos Y,Гане Тодоровски,Молитва,"Москва , декември 1994 г."
upos_xpos_clash,г.,г.,NOUN,,,,Y,upos NOUN vs xpos Y,Адем Гајтани,Атина,мај 1965 г.
upos_xpos_clash,г.,г.,NOUN,,,,Y,upos NOUN vs xpos Y,Адем Гајтани,Рим,септември 1970 г.
upos_xpos_clash,г.,г.,NOUN,,,,Y,upos NOUN vs xpos Y,Адем Гајтани,Стамбол,јули 1972 г.
upos_xpos_clash,г.,г.,NOUN,,,,Y,upos NOUN vs xpos Y,Адем Гајтани,Три верзии за една легенда,"Ленинград , мај 1974 г."
upos_xpos_clash,гази,гази,NOUN,,,,I,upos NOUN vs xpos I,Блаже Конески,ВОЛК,Негде наблизу подмолно гази
upos_xpos_clash,галиба,галиба,PROPN,,,,Q-s,upos PROPN vs xpos Q-s,Ристо Лазаров,ГРОБИШТАТА РЕКОЛЕТА,толку погорделиви стануваат галиба
upos_xpos_clash,Гарване,гарване,VERB,,,,I,upos VERB vs xpos I,Блаже Конески,ИЛИНДЕНСКИ МЕЛОДИИ,"Гарване море , црно пиле де !"
upos_xpos_clash,гарвани,гарвани,VERB,,,,Q-s,upos VERB vs xpos Q-s,Адем Гајтани,Автомобилот,гарвани
upos_xpos_clash,гаснам,гаснам,VERB,,,,Q-c,upos VERB vs xpos Q-c,Славко Јаневски,Китајската,ке гаснам
upos_xpos_clash,Гибер,гибер,PROPN,,,,I,upos PROPN vs xpos I,Веле Смилевски,Книгата Одглас,Α потоа долго Жан Пол Гибер
upos_xpos_clash,гиздаво,гиздаво,NOUN,,,,I,upos NOUN vs xpos I,Катица Ќулавкова,ДРАМА,зрело и гиздаво
upos_xpos_clash,гини-вода,гини-вода,NOUN,,,,I,upos NOUN vs xpos I,Катица Ќулавкова,ДРАМА,можеби истата гини-вода
upos_xpos_clash,гмече,гмече,VERB,,,,I,upos VERB vs xpos I,Ристо Лазаров,СЛАТКООДСЛИВИ,нежно се гмече
upos_xpos_clash,гниеж,гниеж,NOUN,,,,I,upos NOUN vs xpos I,Бранко Цветкоски,ДОЈКИ НАД ЖИТАТА,Совршено раме изнуркува од топлиот гниеж
upos_xpos_clash,год,год,NOUN,,,,I,upos NOUN vs xpos I,Богомил Ѓузел,VI,"Да , срцето постаро за еден год"
upos_xpos_clash,гомномразец,гомномразец,PROPN,,,,Q-c,upos PROPN vs xpos Q-c,Пијан Славеј,ЧУВАЈ СЕ,чувај се од свињата што глуми гомномразец
upos_xpos_clash,горештино,горештино,NOUN,,,,I,upos NOUN vs xpos I,Веле Смилевски,Студена книга,"( о , летна горештино"
upos_xpos_clash,горешто,горешто,ADV,,,,Q-c,upos ADV vs xpos Q-c,Катица Ќулавкова,ОБЕЛИСК,се возбуди горешто
upos_xpos_clash,горкорек,горкорек,PROPN,,,,I,upos PROPN vs xpos I,Гане Тодоровски,Македонски јазик,"за Мисирков брег нестигнат , грч горкорек"
upos_xpos_clash,горничка,горничка,NOUN,,,,I,upos NOUN vs xpos I,Блаже Конески,ЕСЕНСКО УТРО,и над нив круша горничка
upos_xpos_clash,Господе,господе,NOUN,,,,Q-s,upos NOUN vs xpos Q-s,Катица Ќулавкова,"Скршени, набожни",скршени Господе
upos_xpos_clash,господе,господе,NOUN,,,,Q-s,upos NOUN vs xpos Q-s,Ефтим Клетников,светлината е огромна тајна,лулај ме господе
upos_xpos_clash,господине,господине,NOUN,,,,I,upos NOUN vs xpos I,Адем Гајтани,Рим,еден сладолед господине
upos_xpos_clash,Господине,господине,VERB,,,,Q-s,upos VERB vs xpos Q-s,Катица Ќулавкова,ЖЕДБА: СМРТ,Господине
upos_xpos_clash,Господине,господине,VERB,,,,Q-s,upos VERB vs xpos Q-s,Катица Ќулавкова,ЖЕДБА: СМРТ,Господине
upos_xpos_clash,гракнал,гракнал,VERB,,,,Q-s,upos VERB vs xpos Q-s,Бранко Цветкоски,ГРАМОТА,Над хартијата гракнал
upos_xpos_clash,грамоси,грамоси,NOUN,,,,Q-s,upos NOUN vs xpos Q-s,Гане Тодоровски,Нашинска (III),Преку кресни илиндени грамоси
upos_xpos_clash,грачат,грачат,VERB,,,,Q-c,upos VERB vs xpos Q-c,Анте Поповски,Расфрлани се моите мисли,И јата птици само надлетуваат и грачат
upos_xpos_clash,греовни,греовни,ADV,,,,I,upos ADV vs xpos I,Ристо Лазаров,ГРЕШНИЦА,да врват души греовни
upos_xpos_clash,греојте,греојте,NOUN,,,,Q-c,upos NOUN vs xpos Q-c,Пијан Славеј,РАСИПИКУЌА,си берам греојте
upos_xpos_clash,грешним,грешним,NOUN,,,,I,upos NOUN vs xpos I,Пијан Славеј,"ТИ ВЕРУВАМ, ТИ ВЕРУВАМ",Ти биди мое утешение грешним
upos_xpos_clash,грешнодушни,грешнодушни,NOUN,,,,I,upos NOUN vs xpos I,Ристо Лазаров,НЕСОНИЦА,мерам маки грешнодушни
upos_xpos_clash,гризни,гризни,NOUN,,,,Q-s,upos NOUN vs xpos Q-s,Ристо Лазаров,ТРПЕЗА,лизни гризни
upos_xpos_clash,грловито,грловито,PROPN,,,,Q-s,upos PROPN vs xpos Q-s,Ристо Лазаров,КАМИНИТО,бока бока грловито
upos_xpos_clash,Гугучке,гугучке,PROPN,,,,Q-s,upos PROPN vs xpos Q-s,Блаже Конески,ГУГУЧКА,Гугучке
upos_xpos_clash,Гугучке,гугучке,PROPN,,,,Q-s,upos PROPN vs xpos Q-s,Блаже Конески,ГУГУЧКА,Гугучке
upos_xpos_clash,Гугучке,гугучке,PROPN,,,,Q-s,upos PROPN vs xpos Q-s,Блаже Конески,ГУГУЧКА,Гугучке
upos_xpos_clash,Гугучке,гугучке,PROPN,,,,Q-s,upos PROPN vs xpos Q-s,Блаже Конески,ГУГУЧКА,Гугучке
upos_xpos_clash,густеж,густеж,NOUN,,,,I,upos NOUN vs xpos I,Ефтим Клетников,"requiem 4. студено утро, мермерни плочи",Тој што умрел е модар густеж
upos_xpos_clash,гуњи,гуњи,NOUN,,,,I,upos NOUN vs xpos I,Ристо Лазаров,САМО ДА НЕМА ВОЈНА,без елеци и гуњи
upos_xpos_clash,д'тка,д'тка,PROPN,,,,Q-s,upos PROPN vs xpos Q-s,Влада Урошевиќ,Привлекување,Лази некој наоколу и на неразбирлив јазик д'тка
upos_xpos_clash,дален,дален,PROPN,,,,Q-c,upos PROPN vs xpos Q-c,Блаже Конески,6.,Го думам арно во спомен дален
upos_xpos_clash,дални,дални,NOUN,,,,I,upos NOUN vs xpos I,Адем Гајтани,Бохинско езеро,извор од далечните гори од снеговите дални
upos_xpos_clash,двапати,двапати,ADV,,,,Q-s,upos ADV vs xpos Q-s,Ива Петреска,Храбри подвизи,ќе подголтнам двапати
upos_xpos_clash,двориш,двориш,VERB,,,,Q-c,upos VERB vs xpos Q-c,Петре М. Андреевски,Ко да беше лани,Бар кажи им како на земјата ѝ се двориш
upos_xpos_clash,дворој,дворој,PROPN,,,,Q-s,upos PROPN vs xpos Q-s,Славко Јаневски,Ајдучка легенда,седма вечер в челникови дворој
upos_xpos_clash,Девојко,девојко,PROPN,,,,Q-c,upos PROPN vs xpos Q-c,Братислав Ташковски,Големата љубовна песна 4.зрнце,Девојко
upos_xpos_clash,девојчинска,девојчинска,NOUN,,,,I,upos NOUN vs xpos I,Адем Гајтани,Темјанушка,круна девојчинска
upos_xpos_clash,денгуба,денгуба,NOUN,,,,I,upos NOUN vs xpos I,Петре М. Андреевски,ПРВИТЕ ПОДАТОЦИ ЗА ДЕНИЦИЈА,Дениција значеше и најголема денгуба
upos_xpos_clash,Дерем,дерем,PROPN,,,,Q-s,upos PROPN vs xpos Q-s,Петре М. Андреевски,ПРВАТА РАЗДЕЛБА,Тристан Дерем
upos_xpos_clash,детено,детено,PROPN,,,,Q-s,upos PROPN vs xpos Q-s,Ацо Шопов,Лист,"Мислејќи дека е жолта пеперуга , детено"
upos_xpos_clash,дирка,дирка,NOUN,,,,I,upos NOUN vs xpos I,Ристо Лазаров,РГЕРИЧ,при секој удир на која и да е бела дирка
upos_xpos_clash,Днепрострој,днепрострој,PROPN,,,,Q-s,upos PROPN vs xpos Q-s,Славко Јаневски,Зоја - 9,Днепрострој
upos_xpos_clash,довек,довек,PROPN,,,,Q-s,upos PROPN vs xpos Q-s,Ацо Шопов,Небиднина,со која се болува довек
upos_xpos_clash,довек,довек,PROPN,,,,Q-s,upos PROPN vs xpos Q-s,Тодор Чаловски,Страста,Дадо нѐ учаше да ја филизиме довек
upos_xpos_clash,довека,довека,NOUN,,,,I,upos NOUN vs xpos I,Тодор Чаловски,Монолог на староседелецот,"Затвори таа мусандра , заклучи мерак довека"
upos_xpos_clash,довека,довека,PROPN,,,,Q-s,upos PROPN vs xpos Q-s,Богомил Ѓузел,Х,светлината однатре го гребе мраморот довека
upos_xpos_clash,довик,довик,NOUN,,,,I,upos NOUN vs xpos I,Тодор Чаловски,Страста,пипала почна да шири со некој вражен довик
upos_xpos_clash,докрај,докрај,ADV,,,,I,upos ADV vs xpos I,Милош Линдро,АЗЗА,Која неуморно и докрај
upos_xpos_clash,докрај,докрај,ADV,,,,I,upos ADV vs xpos I,Милош Линдро,ИНО,Устата стисната докрај
upos_xpos_clash,докрај,докрај,ADV,,,,Q-s,upos ADV vs xpos Q-s,Пијан Славеј,APPALOOSA,исцрпи го докрај
upos_xpos_clash,дола,дола,NOUN,,,,I,upos NOUN vs xpos I,Бранко Цветкоски,ДВЕ ОЧИ. ДВА ДОЛА,Два дола
upos_xpos_clash,допрашува,допрашува,NOUN,,,,Q-c,upos NOUN vs xpos Q-c,Ристо Лазаров,КАЛЕМЕГДАН,а патем и допрашува
upos_xpos_clash,дотогаш,дотогаш,ADV,,,,Q-s,upos ADV vs xpos Q-s,Богомил Ѓузел,III,дотогаш
upos_xpos_clash,дојдова,дојдова,NOUN,,,,I,upos NOUN vs xpos I,Кочо Рацин,На Струга дуќан да имам,Времиња тешки дојдова
upos_xpos_clash,дреи,дреи,NOUN,,,,I,upos NOUN vs xpos I,Славко Јаневски,Љубов за љубов,ората в село се нижат ; малинно - румени дреи
upos_xpos_clash,дреи,дреи,NOUN,,,,I,upos NOUN vs xpos I,Славко Јаневски,Сватовска,закитува бели дреи
upos_xpos_clash,дрочи,дрочи,VERB,,,,Q-s,upos VERB vs xpos Q-s,Бранко Цветкоски,МОЛИТВЕН ВЕЈ,И црната буква што дрочи
upos_xpos_clash,друм,друм,NOUN,,,,I,upos NOUN vs xpos I,Гане Тодоровски,Обична песна,толку на друм
upos_xpos_clash,дулец,дулец,NOUN,,,,I,upos NOUN vs xpos I,Бранко Цветкоски,ЧЕШМА ПОКРАЈ ПАТОТ 3.,Во пресушен дулец
upos_xpos_clash,думан,думан,NOUN,,,,I,upos NOUN vs xpos I,Влада Урошевиќ,Мириси на попладнето,ја тресат покуќнината : цел думан
upos_xpos_clash,думани,думани,VERB,,,,Q-s,upos VERB vs xpos Q-s,Тодор Чаловски,Монолог на староседелецот,немоста да ѝ ја липсам та веќе да не думани
upos_xpos_clash,дурум,дурум,PROPN,,,,Q-s,upos PROPN vs xpos Q-s,Пијан Славеј,АЈАХУАСКА,под сводот палатум дурум
upos_xpos_clash,душо,душо,PROPN,,,,I,upos PROPN vs xpos I,Катица Ќулавкова,АДАЏО: ТРЕВОГА,душо
upos_xpos_clash,е.,е.,ADV,,,,I,upos ADV vs xpos I,Ацо Шопов,Утре,"Да , се мина веќе и свршено се ’ е."
upos_xpos_clash,е.,е.,ADV,,,,I,upos ADV vs xpos I,Блаже Конески,ПЕСНА,простено не е. “
upos_xpos_clash,е.,е.,ADV,,,,I,upos ADV vs xpos I,Ефтим Клетников,ОКОТО НА ТЕМНИОТ И ЉУБОВНИЦИТЕ - 1  - Слика во пролетната слика,Од сјај и пена сè е.
upos_xpos_clash,е.,е.,ADV,,,,I,upos ADV vs xpos I,Ефтим Клетников,ОКОТО НА ТЕМНИОТ И ЉУБОВНИЦИТЕ - 3 - Отсутна слика,"Она лице што беше наше , сега не е."
upos_xpos_clash,е.,е.,NOUN,,,,I,upos NOUN vs xpos I,Ефтим Клетников,ПОСЛЕДНА НОЌ НА ЛЕТОТО Е - 1,Последна ноќ на летото е.
upos_xpos_clash,е.,е.,NOUN,,,,I,upos NOUN vs xpos I,Ефтим Клетников,ПОСЛЕДНА НОЌ НА ЛЕТОТО Е - 2,Последна ноќ на летото е.
upos_xpos_clash,е.,е.,NOUN,,,,I,upos NOUN vs xpos I,Ефтим Клетников,ПОСЛЕДНА НОЌ НА ЛЕТОТО Е - 3,Последна ноќ на летото е.
upos_xpos_clash,е.,е.,VERB,,,,I,upos VERB vs xpos I,Катица Ќулавкова,СЕНКА,по она што веројатно не е.
upos_xpos_clash,е.,е.,ADV,,,,I,upos ADV vs xpos I,Ристо Лазаров,ГРЕШНИК,а и младо да љубиш грев не е.
upos_xpos_clash,е.,е.,ADV,,,,I,upos ADV vs xpos I,Ива Петреска,Петка или глава?,ни утро ни ден е.
upos_xpos_clash,едишто,едишто,PROPN,,,,Q-s,upos PROPN vs xpos Q-s,Петре М. Андреевски,Како ќе го најдеш Ристо Шишков,И кажи му дека едикоиси за едишто
upos_xpos_clash,Еноха,еноха,PROPN,,,,Q-s,upos PROPN vs xpos Q-s,Милош Линдро,Енох на шестото небо,И го издигнаа Еноха
upos_xpos_clash,Еноха,еноха,PROPN,,,,Q-s,upos PROPN vs xpos Q-s,Милош Линдро,Енох на седмото небо II,Го презел Еноха
upos_xpos_clash,ете,ете,ADV,,,,Q-s,upos ADV vs xpos Q-s,Адем Гајтани,Ρека,"Еден ден летен , еден ветер , еднаш ете"
upos_xpos_clash,жал,жал,NOUN,,,,Q-c,upos NOUN vs xpos Q-c,Блаже Конески,ПЕСНА ЗА МАСЛИНКИТЕ,никому не му е жал
upos_xpos_clash,жал,жал,NOUN,,,,Q-c,upos NOUN vs xpos Q-c,Пијан Славеј,1. (Адам и Ева),го фати малку жал
upos_xpos_clash,жарој,жарој,ADV,,,,Q-s,upos ADV vs xpos Q-s,Ацо Шопов,Очи,Но јас знаев оти пак ќе вивнат жарој
upos_xpos_clash,жедба,жедба,NOUN,,,,I,upos NOUN vs xpos I,Катица Ќулавкова,МЕТАФИЗИЧКИ НЕМИР,на плот и жедба
upos_xpos_clash,жедост,жедост,NOUN,,,,I,upos NOUN vs xpos I,Ристо Лазаров,ЖЕДНИК,да оджедни жедост
upos_xpos_clash,жив-отец,жив-отец,PROPN,,,,Y,upos PROPN vs xpos Y,Катица Ќулавкова,ЦРНА МЕСЕЧИНА,"три дена трикрак , троглав жив-отец"
upos_xpos_clash,живово,живово,VERB,,,,Q-s,upos VERB vs xpos Q-s,Блаже Конески,КРУША ДИВЈАЧКА,јасно гледам како смртта го парализира она што живово
upos_xpos_clash,животе,животе,NOUN,,,,I,upos NOUN vs xpos I,Братислав Ташковски,Тогаш,мој животе
upos_xpos_clash,жили,жили,NOUN,,,,I,upos NOUN vs xpos I,Ристо Лазаров,ТРОЦВЕТ,бабрат од тонови жили
upos_xpos_clash,житја,житја,NOUN,,,,I,upos NOUN vs xpos I,Блаже Конески,ТЕШКОТО,и во него шепнат узреани житја
upos_xpos_clash,жуборат,жуборат,VERB,,,,I,upos VERB vs xpos I,Ефтим Клетников,НА МОЈОТ ИМЕНДЕН ТАТКО МИ КРЕВА ЗДРАВИЦА - 3,Детето и Сонцето жуборат
upos_xpos_clash,з-рак,з-рак,PROPN,,,,Q-s,upos PROPN vs xpos Q-s,Катица Ќулавкова,ГОСПОДАР,"да вдишувам воз-дух , з-рак"
upos_xpos_clash,заборав,заборав,NOUN,,,,Q-c,upos NOUN vs xpos Q-c,Игор Исаковски,Непрекинливо движење,поставен пред заборав
upos_xpos_clash,заборав,заборав,NOUN,,,,Q-c,upos NOUN vs xpos Q-c,Адем Гајтани,Автомобилот,галаксија во заборав
upos_xpos_clash,заборав,заборав,NOUN,,,,Q-s,upos NOUN vs xpos Q-s,Пијан Славеј,ШТЕТА!,Ќе паднеш ли еднаш во заборав
upos_xpos_clash,задоцнува,задоцнува,VERB,,,,Q-c,upos VERB vs xpos Q-c,Адем Гајтани,Темјанушка,да не го отвори окото пролетта задоцнува
upos_xpos_clash,залеја,залеја,VERB,,,,Q-c,upos VERB vs xpos Q-c,Милош Линдро,ГОСПОД ЕНОХУ (V),Целата земја се залеја
upos_xpos_clash,залигави,залигави,VERB,,,,Q-c,upos VERB vs xpos Q-c,Пијан Славеј,ЈАБОЛЧЕ,па да се залигави
upos_xpos_clash,залигави,залигави,VERB,,,,Q-c,upos VERB vs xpos Q-c,Пијан Славеј,ЈАБОЛЧЕ,па да се залигави
upos_xpos_clash,залутав,залутав,VERB,,,,I,upos VERB vs xpos I,Анте Поповски,Кон Македонија,Јас веќе залутав
upos_xpos_clash,запцуе,запцуе,VERB,,,,Q-s,upos VERB vs xpos Q-s,Славко Јаневски,Тогаш ќе умре и љубовта,Пред поетот лирски да запцуе
upos_xpos_clash,зар,зар,NOUN,,,,I,upos NOUN vs xpos I,Богомил Ѓузел,VII,Неизразивото зар
upos_xpos_clash,засирува,засирува,VERB,,,,Q-s,upos VERB vs xpos Q-s,Катица Ќулавкова,ТОПЛА КРВ,опсцен кога засирува
upos_xpos_clash,засјаи,засјаи,VERB,,,,Q-c,upos VERB vs xpos Q-c,Богомил Ѓузел,III,да засјаи
upos_xpos_clash,зататне,зататне,VERB,,,,Q-s,upos VERB vs xpos Q-s,Славко Јаневски,Китајската,зататне
upos_xpos_clash,Затоа,затоа,ADV,,,,I,upos ADV vs xpos I,Веле Смилевски,Концепт за книга,Затоа
upos_xpos_clash,затскри,затскри,VERB,,,,Q-c,upos VERB vs xpos Q-c,Милош Линдро,РАМКАТА НА ЖИВОТОТ,Или плашливо се затскри
upos_xpos_clash,заум,заум,PROPN,,,,I,upos PROPN vs xpos I,Тодор Чаловски,Страста,да нѐ фркнува в душа како ветровит заум
upos_xpos_clash,заумни,заумни,VERB,,,,I,upos VERB vs xpos I,Богомил Ѓузел,Како горе така доле,ни занданите подземни ни длабините заумни
upos_xpos_clash,зајде,зајде,VERB,,,,I,upos VERB vs xpos I,Петре М. Андреевски,Ко да беше лани,изврени од денот во тебе што зајде
upos_xpos_clash,зајдисончево,зајдисончево,ADV,,,,Q-c,upos ADV vs xpos Q-c,Славко Јаневски,Ивец,Не расне во виното зајдисончево
upos_xpos_clash,збогум,збогум,ADV,,,,I,upos ADV vs xpos I,Гане Тодоровски,Сонет,збогум
upos_xpos_clash,зборен,зборен,ADJ,,,,Q-c,upos ADJ vs xpos Q-c,Веле Смилевски,Забранета книга,"Забранет зборот непреќутен , зборен"
upos_xpos_clash,зборлесто,зборлесто,NOUN,,,,Q-s,upos NOUN vs xpos Q-s,Матеја Матевски,Прва ноќ,и долго зборлесто
upos_xpos_clash,зборна,зборна,ADV,,,,I,upos ADV vs xpos I,Блаже Конески,5.,Но еве веќе работа зборна
upos_xpos_clash,зборовиве,зборовиве,NOUN,,,,Q-s,upos NOUN vs xpos Q-s,Катица Ќулавкова,ДИВА МИСЛА,а не знам од кадо ми навираат зборовиве
upos_xpos_clash,збран,збран,ADV,,,,I,upos ADV vs xpos I,Гане Тодоровски,Молитва,Зарем ќе оставиш да останам во уплав збран
upos_xpos_clash,згина,згина,VERB,,,,Q-s,upos VERB vs xpos Q-s,Матеја Матевски,Авантура,в непознато што згина
upos_xpos_clash,згина,згина,VERB,,,,Q-s,upos VERB vs xpos Q-s,Блаже Конески,6.,Нека се слави што јунак згина
upos_xpos_clash,згине,згине,VERB,,,,Q-s,upos VERB vs xpos Q-s,Адем Гајтани,Темјанушка,ниту пак ќе згине
upos_xpos_clash,згони,згони,VERB,,,,Q-s,upos VERB vs xpos Q-s,Пијан Славеј,СО ВРЗАНИ ОЧИ СЕ ПЕЕ ТАА ПЕСНА,може ли поглед солзи да згони
upos_xpos_clash,здивевте,здивевте,PROPN,,,,Q-s,upos PROPN vs xpos Q-s,Катица Ќулавкова,МРАВКИ,здивевте
upos_xpos_clash,зиме,зиме,NOUN,,,,I,upos NOUN vs xpos I,Влада Урошевиќ,Крајот на летото,да се јави некогаш кога си сам некогаш зиме
upos_xpos_clash,зинат,зинат,PROPN,,,,Q-s,upos PROPN vs xpos Q-s,Блаже Конески,ТЕШКОТО,Кој збор ќе ми најде за ужасот зинат
upos_xpos_clash,зинува,зинува,VERB,,,,I,upos VERB vs xpos I,Веле Смилевски,Заробена книга (2.),Прозорецот зинува
upos_xpos_clash,зијани,зијани,VERB,,,,Q-s,upos VERB vs xpos Q-s,Ристо Лазаров,ОДНОВО И ОДНОВО,не се знае кој ќари а кој зијани
upos_xpos_clash,злорад,злорад,PROPN,,,,Q-s,upos PROPN vs xpos Q-s,Блаже Конески,СОНЧЕВА КОЛОНА,Здивен и злорад
upos_xpos_clash,змев,змев,NOUN,,,,I,upos NOUN vs xpos I,Блаже Конески,ЗА НЕПОЗНАТАТА - ГРАБЕЖ,Да можев да те грабнам како змев
upos_xpos_clash,знајно,знајно,ADJ,,,,Q-c,upos ADJ vs xpos Q-c,Бранко Цветкоски,АКАТИСТ,Да не биде знајно
upos_xpos_clash,зов,зов,VERB,,,,I,upos VERB vs xpos I,Ефтим Клетников,ОТПОСЛЕ СỀ РАСТЕ,О на чистото надминување зов .
upos_xpos_clash,иа,иа,ADV,,,,I,upos ADV vs xpos I,Богомил Ѓузел,VIII,Конечно можеме да легнеме и да не мислиме иа
upos_xpos_clash,игралит,игралит,NOUN,,,,Q-s,upos NOUN vs xpos Q-s,Тодор Чаловски,Упија,да не исчезне сонот игралит
upos_xpos_clash,изгниј,изгниј,PROPN,,,,Q-s,upos PROPN vs xpos Q-s,Пијан Славеј,ЈАБОЛЧЕ,"падни долу , изгниј"
upos_xpos_clash,изгрев,изгрев,NOUN,,,,I,upos NOUN vs xpos I,Блаже Конески,ПЕСНА,за крвав месечев изгрев
upos_xpos_clash,измамни,измамни,VERB,,,,I,upos VERB vs xpos I,Адем Гајтани,Рибите од Бохињ,слики се измамни
upos_xpos_clash,измела,измела,VERB,,,,Q-s,upos VERB vs xpos Q-s,Тодор Чаловски,Раните будења на мајка ми,не ја узнаваме дворовите кога ги измела
upos_xpos_clash,изнагазил,изнагазил,VERB,,,,Q-s,upos VERB vs xpos Q-s,Тодор Чаловски,Стреи,крцкаат божем толосум ги изнагазил
upos_xpos_clash,изнуркува,изнуркува,VERB,,,,I,upos VERB vs xpos I,Бранко Цветкоски,СЕВЕРЕН ТАНЦ 2.,Од северното дно изнуркува
upos_xpos_clash,изодивте,изодивте,VERB,,,,Q-s,upos VERB vs xpos Q-s,Катица Ќулавкова,МРАВКИ,Што пат изодивте
upos_xpos_clash,ил,ил,ADJ,,,,I,upos ADJ vs xpos I,Богомил Ѓузел,IV,"како згура пена , завист , бес ил страв ,"
upos_xpos_clash,инаку,инаку,ADV,,,,Q-s,upos ADV vs xpos Q-s,Пијан Славеј,НЕДОПРЕНА,што кажува инаку
upos_xpos_clash,Иниј,иниј,PROPN,,,,I,upos PROPN vs xpos I,Милош Линдро,"ЛАЈ, ЈОКАСТА И ОЈДИП",кон Никого Таков и Иниј
upos_xpos_clash,инкогнито,инкогнито,NOUN,,,,Q-c,upos NOUN vs xpos Q-c,Катица Ќулавкова,Требник 2.,Вежбаш упорно да се сеќаваш инкогнито
upos_xpos_clash,Иноче,иноче,NOUN,,,,Q-s,upos NOUN vs xpos Q-s,Милош Линдро,ГОСПОД ЕНОХУ (IV),Ти земни Иноче
upos_xpos_clash,искус,искус,NOUN,,,,I,upos NOUN vs xpos I,Блаже Конески,Спомен по многу години,што сум бил подложен на таков искус
upos_xpos_clash,исполини,исполини,NOUN,,,,Q-s,upos NOUN vs xpos Q-s,Милош Линдро,Енох на петтото небо,И се раѓале исполини
upos_xpos_clash,истлеа,истлеа,VERB,,,,Q-c,upos VERB vs xpos Q-c,Петре М. Андреевски,ВТОРА ИСПОВЕД,пред првиот гром што чкрапна и истлеа
upos_xpos_clash,истрадавме,истрадавме,VERB,,,,Q-s,upos VERB vs xpos Q-s,Богомил Ѓузел,IX,Што научивме го истрадавме
upos_xpos_clash,итн.,итн.,ADV,,,,I,upos ADV vs xpos I,Богомил Ѓузел,Твоите пет минути,"часот ден , денот месец , година итн."
upos_xpos_clash,камила,камила,NOUN,,,,I,upos NOUN vs xpos I,Веле Смилевски,Идеална книга,Што сега е неподвижна камила
upos_xpos_clash,каминнто,каминнто,PROPN,,,,Q-s,upos PROPN vs xpos Q-s,Ристо Лазаров,КАМИНИТО,"каминито , каминнто"
upos_xpos_clash,карпишта,карпишта,NOUN,,,,I,upos NOUN vs xpos I,Адем Гајтани,Бохинско езеро,окружено со зелениот гердан и белите стрми карпишта
upos_xpos_clash,касаш,касаш,VERB,,,,Q-s,upos VERB vs xpos Q-s,Пијан Славеј,***,ме гребиш и ме касаш
upos_xpos_clash,кацне,кацне,VERB,,,,Q-s,upos VERB vs xpos Q-s,Богомил Ѓузел,VI,дали таа знае секогаш каде да кацне
upos_xpos_clash,кедров,кедров,PROPN,,,,Q-s,upos PROPN vs xpos Q-s,Бранко Цветкоски,АКАТИСТ,Во темелот кедров
upos_xpos_clash,килав,килав,NOUN,,,,I,upos NOUN vs xpos I,Пијан Славеј,МУЗИКАТА В РАЦЕ,а јас ноќва килав
upos_xpos_clash,кинисува,кинисува,NOUN,,,,I,upos NOUN vs xpos I,Петре М. Андреевски,Летно пладне,со моите нозе и друг кинисува
upos_xpos_clash,клапне,клапне,VERB,,,,Q-s,upos VERB vs xpos Q-s,Пијан Славеј,СЕНКИ,"еднаш засекогаш , само ќе клапне"
upos_xpos_clash,клепсидро,клепсидро,NOUN,,,,I,upos NOUN vs xpos I,Катица Ќулавкова,АДАЏО: ТРЕВОГА,сончева клепсидро
upos_xpos_clash,клет,клет,NOUN,,,,I,upos NOUN vs xpos I,Кочо Рацин,Тутуноберачите,прикаса горка на живот клет
upos_xpos_clash,клет,клет,NOUN,,,,I,upos NOUN vs xpos I,Блаже Конески,ОЧАЈ,"Колку пепелав , колку клет"
upos_xpos_clash,клет,клет,NOUN,,,,I,upos NOUN vs xpos I,Ива Петреска,Твоето место не е тука,и го претвораат спокојот во пират клет
upos_xpos_clash,ко,ко,ADV,,,,Y,upos ADV vs xpos Y,Богомил Ѓузел,"1, Lady Road, Edinburgh 9.",На некој чистилишен сибир за да се вратам ко
upos_xpos_clash,ко,ко,ADJ,,,,Y,upos ADJ vs xpos Y,Пијан Славеј,ОБЛАЧЕ,"Водата е мирна , рамна ко стакло"
upos_xpos_clash,ко,ко,ADJ,,,,Y,upos ADJ vs xpos Y,Пијан Славеј,2. (Боксер),Ме стутка ко јагне
upos_xpos_clash,кобник,кобник,NOUN,,,,I,upos NOUN vs xpos I,Пијан Славеј,ЛЕТ,судбински кобник
upos_xpos_clash,кога-тогаш,кога-тогаш,PROPN,,,,Q-s,upos PROPN vs xpos Q-s,Милош Линдро,ПРЕДУПРЕДА,"Дека долгот , кога-тогаш"
upos_xpos_clash,коли,коли,NOUN,,,,I,upos NOUN vs xpos I,Блаже Конески,ЅВЕЗДИ,чкртаа по патот кираџиски коли
upos_xpos_clash,Комсомолко,комсомолко,PROPN,,,,I,upos PROPN vs xpos I,Славко Јаневски,Украина,"„ Ој , девојко , Комсомолко"
upos_xpos_clash,копа,копа,VERB,,,,Q-c,upos VERB vs xpos Q-c,Пијан Славеј,"МОЛЧИ, МОЛЧИ, ЉУБОВ МОЈА",фати да копа
upos_xpos_clash,копачат,копачат,VERB,,,,Q-s,upos VERB vs xpos Q-s,Богомил Ѓузел,Х,"го пука каменот , ко што реките ерозија копачат"
upos_xpos_clash,кориентас,кориентас,PROPN,,,,I,upos PROPN vs xpos I,Ристо Лазаров,АВЕНИЈА КОРИЕНТАС,на авенијата кориентас
upos_xpos_clash,којзнае,којзнае,ADV,,,,Q-s,upos ADV vs xpos Q-s,Богомил Ѓузел,VII,којзнае
upos_xpos_clash,којзнае,којзнае,VERB,,,,Q-s,upos VERB vs xpos Q-s,Богомил Ѓузел,VIII,Врв не којзнае
upos_xpos_clash,крепиш,крепиш,VERB,,,,I,upos VERB vs xpos I,Пијан Славеј,СИОТ ЗНАЕН СВЕТ,"сѐ што е трошно , но мило , да крепиш"
upos_xpos_clash,кроти,кроти,VERB,,,,Q-c,upos VERB vs xpos Q-c,Тодор Чаловски,Јадро,"дамарот што крвта , ни ја кроти"
upos_xpos_clash,кулпа,кулпа,PROPN,,,,Q-s,upos PROPN vs xpos Q-s,Пијан Славеј,СКРШЕНО ЦВЕЌЕ,и удри по грбот една меа кулпа
upos_xpos_clash,лажовна,лажовна,ADV,,,,I,upos ADV vs xpos I,Тодор Чаловски,Благун,да си ја измери ставата лажовна
upos_xpos_clash,лазев,лазев,NOUN,,,,Q-s,upos NOUN vs xpos Q-s,Пијан Славеј,2. (Боксер),Дома дури лазев
upos_xpos_clash,лаки,лаки,NOUN,,,,Q-s,upos NOUN vs xpos Q-s,Кочо Рацин,Селска мака,"Покрај ниви , покрај лаки"
upos_xpos_clash,ламтеж,ламтеж,PROPN,,,,Q-s,upos PROPN vs xpos Q-s,Тодор Чаловски,Искра,во своите чекори од ламтеж
upos_xpos_clash,лебдее,лебдее,PROPN,,,,Q-s,upos PROPN vs xpos Q-s,Адем Гајтани,Ножот,лебдее
upos_xpos_clash,лебдее,лебдее,PROPN,,,,Q-s,upos PROPN vs xpos Q-s,Адем Гајтани,Ножот,лебдее
upos_xpos_clash,леит,леит,NOUN,,,,Q-s,upos NOUN vs xpos Q-s,Тодор Чаловски,Тајните на езерото,од езеро тајни како леит
upos_xpos_clash,леко,леко,PROPN,,,,Q-c,upos PROPN vs xpos Q-c,Ацо Шопов,"Знам, ти сега сама замислена минеш",дали ветер в цветја потрепнува леко
upos_xpos_clash,леко,леко,PROPN,,,,Q-s,upos PROPN vs xpos Q-s,Бранко Цветкоски,ГРАМОТА,Кон исток се креваат леко
upos_xpos_clash,леко,леко,PROPN,,,,Q-c,upos PROPN vs xpos Q-c,Блаже Конески,ВОДНО,"и , обнадежени , нашите чекори газеа леко"
upos_xpos_clash,ливна,ливна,NOUN,,,,I,upos NOUN vs xpos I,Блаже Конески,СОНЧЕВА КОЛОНА,И само солзи низ образ ливна
upos_xpos_clash,лобањи,лобањи,PROPN,,,,Q-s,upos PROPN vs xpos Q-s,Анте Поповски,Македонија,лобањи
upos_xpos_clash,лорка,лорка,PROPN,,,,I,upos PROPN vs xpos I,Ристо Лазаров,КАФЕ ТОРТОНИ,нема да види како фредерико гарсија лорка
upos_xpos_clash,М-3,м-3,PROPN,,,,I,upos PROPN vs xpos I,Милош Линдро,СВЕДОШТВОТО НА ЕНОХ ЗА АДАМА,Месечевата насока дава : М-3
upos_xpos_clash,маази,маази,NOUN,,,,Q-s,upos NOUN vs xpos Q-s,Кочо Рацин,На Струга дуќан да имам,и ред редени маази
upos_xpos_clash,магепсало,магепсало,VERB,,,,Q-c,upos VERB vs xpos Q-c,Катица Ќулавкова,"ТИГРИТЕ, ЛЕОПАРДИТЕ, ЛАВОВИТЕ","Што ги омајало , што ги магепсало"
upos_xpos_clash,мак.,мак.,PROPN,,,,Y,upos PROPN vs xpos Y,Славко Јаневски,Илинка сончева свршеница - 8,по земјата никна млад рујноглав мак.
upos_xpos_clash,Мандељштам,мандељштам,VERB,,,,I,upos VERB vs xpos I,Веле Смилевски,Книгата кафез,Осип Мандељштам
upos_xpos_clash,матнеж,матнеж,NOUN,,,,I,upos NOUN vs xpos I,Ефтим Клетников,21 јули 1983,зашеметен матнеж
upos_xpos_clash,Машим,машим,PROPN,,,,Q-s,upos PROPN vs xpos Q-s,Милош Линдро,Господ Еноху (III),На север е Машим
upos_xpos_clash,Машим,машим,PROPN,,,,Q-s,upos PROPN vs xpos Q-s,Милош Линдро,СВЕДОШТВОТО НА ЕНОХ ЗА АДАМА,Таму ја сретнал ѕвездата Машим
upos_xpos_clash,мајко,мајко,NOUN,,,,I,upos NOUN vs xpos I,Пијан Славеј,1. (Адам и Ева),"„ Прости ми , мајко"
upos_xpos_clash,мега-настан,мега-настан,NOUN,,,,Q-s,upos NOUN vs xpos Q-s,Братислав Ташковски,Што е љубовта?,тоа можеме да го опишеме како мега-настан
upos_xpos_clash,мекалути,мекалути,VERB,,,,I,upos VERB vs xpos I,Славко Јаневски,Китајската,лирика мекалути
upos_xpos_clash,мемливи,мемливи,NOUN,,,,Q-s,upos NOUN vs xpos Q-s,Кочо Рацин,На Струга дуќан да имам,по темни изби мемливи
upos_xpos_clash,мерено,мерено,ADV,,,,Q-c,upos ADV vs xpos Q-c,Тодор Чаловски,Шаховско утро,мудро го запреа времето мерено
upos_xpos_clash,Месечи,месечи,PROPN,,,,Q-c,upos PROPN vs xpos Q-c,Ефтим Клетников,ДОЦНА ЕСЕН,"им ја чува зад горите , полна , Месечи"
upos_xpos_clash,месечко,месечко,PROPN,,,,Q-c,upos PROPN vs xpos Q-c,Кочо Рацин,Ленка,И ноќе кога месечко
upos_xpos_clash,Мижурка,мижурка,PROPN,,,,Q-s,upos PROPN vs xpos Q-s,Влада Урошевиќ,Циганско лето,Мижурка
upos_xpos_clash,милонга,милонга,NOUN,,,,Q-s,upos NOUN vs xpos Q-s,Пијан Славеј,МУЗИКАТА В РАЦЕ,да тангувам милонга
upos_xpos_clash,многукрако,многукрако,PROPN,,,,Q-s,upos PROPN vs xpos Q-s,Богомил Ѓузел,Како горе така доле,и тој ќе болсне пак во сонце многукрако
upos_xpos_clash,модрина,модрина,PROPN,,,,Q-s,upos PROPN vs xpos Q-s,Ефтим Клетников,светлината е огромна тајна,модрина
upos_xpos_clash,молено,молено,NOUN,,,,Q-c,upos NOUN vs xpos Q-c,Петре М. Андреевски,УМИЛКУВАЊЕ,ќе ти дадам се што е солено и молено
upos_xpos_clash,молка,молка,NOUN,,,,I,upos NOUN vs xpos I,Ристо Лазаров,ТИРКИЗНА ПЕСНА,два збора и два молка
upos_xpos_clash,молчешкум,молчешкум,ADV,,,,Q-s,upos ADV vs xpos Q-s,Гане Тодоровски,Обична песна,не молчешкум
upos_xpos_clash,моме,моме,NOUN,,,,I,upos NOUN vs xpos I,Блаже Конески,ДОЈРАН,Да би дошло лично моме
upos_xpos_clash,море,море,PROPN,,,,I,upos PROPN vs xpos I,Влада Урошевиќ,Бранител на кулата,море
upos_xpos_clash,море,море,NOUN,,,,I,upos NOUN vs xpos I,Бранко Цветкоски,ЧЕШМА ПОКРАЈ ПАТОТ 3.,И море
upos_xpos_clash,море,море,PROPN,,,,I,upos PROPN vs xpos I,Ефтим Клетников,***,море
upos_xpos_clash,морни,морни,ADV,,,,Q-s,upos ADV vs xpos Q-s,Кочо Рацин,Копачите,Пробудете се морни
upos_xpos_clash,морни,морни,ADV,,,,Q-s,upos ADV vs xpos Q-s,Кочо Рацин,Копачите,Пробудете се морни
upos_xpos_clash,мрава,мрава,NOUN,,,,I,upos NOUN vs xpos I,Тодор Чаловски,Бегство,низ трепетот што те полазува ко огнена мрава
upos_xpos_clash,мразни,мразни,NOUN,,,,I,upos NOUN vs xpos I,Ацо Шопов,Очи,"и смрштени чела - загасени , мразни"
upos_xpos_clash,мушнам,мушнам,VERB,,,,Q-s,upos VERB vs xpos Q-s,Влада Урошевиќ,Привлекување,мушнам
upos_xpos_clash,н,н.,PROPN,,,,Y,upos PROPN vs xpos Y,Гане Тодоровски,Нашинска (III),М а к е д о н ц и !
upos_xpos_clash,н,н.,PROPN,,,,Y,upos PROPN vs xpos Y,Веле Смилевски,Т.н. книга,на н - нудена
upos_xpos_clash,Н,н.,PROPN,,,,Y,upos PROPN vs xpos Y,Милош Линдро,ЗНАЦИТЕ НА ПОСЛЕДНИТЕ ВРЕМИЊА,Н  плиска водата од небесата
upos_xpos_clash,Н,н.,PROPN,,,,Y,upos PROPN vs xpos Y,Блаже Конески,СМРТНА ПЕСНА,Посветена на Н .
upos_xpos_clash,н,н.,PROPN,,,,Y,upos PROPN vs xpos Y,Катица Ќулавкова,ЏОРДАНО БРУНО: „Ние сме веќе на небо“,во суштина на н # интересира
upos_xpos_clash,на-само,на-само,ADV,,,,Q-c,upos ADV vs xpos Q-c,Катица Ќулавкова,Требник 2.,Стига што се враќа на-само
upos_xpos_clash,наваму,наваму,ADV,,,,Q-s,upos ADV vs xpos Q-s,Анте Поповски,Само чемрееме,наваму
upos_xpos_clash,навек,навек,NOUN,,,,Y,upos NOUN vs xpos Y,Бранко Цветкоски,АКАТИСТ,Од царството навек
upos_xpos_clash,навек,навек,NOUN,,,,Q-s,upos NOUN vs xpos Q-s,Пијан Славеј,СТАРАТА БОЛКА,еднаш штом влезе боли за навек
upos_xpos_clash,навек,навек,NOUN,,,,Y,upos NOUN vs xpos Y,Пијан Славеј,"СИ ЉУБЕЛА, ЌЕ ЉУБИШ",секогаш за навек
upos_xpos_clash,навек,навек,NOUN,,,,Y,upos NOUN vs xpos Y,Пијан Славеј,"СИ ЉУБЕЛА, ЌЕ ЉУБИШ",секогаш за навек
upos_xpos_clash,навистииа,навистииа,PROPN,,,,Q-s,upos PROPN vs xpos Q-s,Богомил Ѓузел,VI,навистииа
upos_xpos_clash,нагли,нагли,ADJ,,,,I,upos ADJ vs xpos I,Катица Ќулавкова,ЈАСТРЕБ И СЕНКА,најпрвин во кругови широки и нагли
upos_xpos_clash,надоаѓаш,надоаѓаш,VERB,,,,Q-c,upos VERB vs xpos Q-c,Пијан Славеј,КАДЕ И ДА ОДИШ,надоаѓаш
upos_xpos_clash,Назадгазум,назадгазум,PROPN,,,,Q-s,upos PROPN vs xpos Q-s,Милош Линдро,СТРОЕЊЕ,Назадгазум
upos_xpos_clash,наминав,наминав,PROPN,,,,Q-s,upos PROPN vs xpos Q-s,Кочо Рацин,Елегии за тебе,"Вчера си појдов , наминав"
upos_xpos_clash,намисла,намисла,NOUN,,,,I,upos NOUN vs xpos I,Бранко Цветкоски,ДОЈКИ НАД ЖИТАТА,Додека не замавнала нова намисла
upos_xpos_clash,намов,намов,NOUN,,,,I,upos NOUN vs xpos I,Пијан Славеј,НЕДОПРЕНА,на црното месо електричен намов
upos_xpos_clash,намовнува,намовнува,VERB,,,,Q-c,upos VERB vs xpos Q-c,Пијан Славеј,ТУКУТАКА,"ти зборувам , намовнува"
upos_xpos_clash,намокрив,намокрив,VERB,,,,Q-s,upos VERB vs xpos Q-s,Пијан Славеј,ЗАБЛУДИ,ако се намокрив
upos_xpos_clash,напамет,напамет,NOUN,,,,Q-s,upos NOUN vs xpos Q-s,Петре М. Андреевски,Летување,Ако кажеше нешто требаше сите напамет
upos_xpos_clash,напамет,напамет,NOUN,,,,Q-s,upos NOUN vs xpos Q-s,Петре М. Андреевски,ЛЕТУВАЊЕ,Ако кажеше нешто требаше сите напамет
upos_xpos_clash,напоивте,напоивте,VERB,,,,Q-s,upos VERB vs xpos Q-s,Катица Ќулавкова,МРАВКИ,"се најадовте , се напоивте"
upos_xpos_clash,наситивте,наситивте,VERB,,,,Q-s,upos VERB vs xpos Q-s,Катица Ќулавкова,МРАВКИ,на отров не се наситивте
upos_xpos_clash,насреде,насреде,VERB,,,,I,upos VERB vs xpos I,Адем Гајтани,Κрвта,месечевата светлина насреде
upos_xpos_clash,наум,наум,PROPN,,,,Q-s,upos PROPN vs xpos Q-s,Бранко Цветкоски,СТАРОСТАВНА,Да се врати сиот наум
upos_xpos_clash,начулив,начулив,PROPN,,,,Q-s,upos PROPN vs xpos Q-s,Пијан Славеј,АМАНАМАН,Ушите ги зачепив и начулив
upos_xpos_clash,наќта,наќта,PROPN,,,,Q-s,upos PROPN vs xpos Q-s,Катица Ќулавкова,ОДБРАНИ СРЕДСТВА,Ништо не ја прекина наќта
upos_xpos_clash,не-ти,не-ти,PROPN,,,,I,upos PROPN vs xpos I,Катица Ќулавкова,ЗМИИ И ЈАГОДИ,"веќе со години не-тука , не-ти"
upos_xpos_clash,небаре,небаре,ADV,,,,Q-s,upos ADV vs xpos Q-s,Богомил Ѓузел,III,и навистина небаре
upos_xpos_clash,небиден,небиден,PROPN,,,,Q-s,upos PROPN vs xpos Q-s,Катица Ќулавкова,"2077,1: ЕДЕН ДЕН ЗАЕДНО","време , некој ден небиден"
upos_xpos_clash,невдишани,невдишани,NOUN,,,,Q-s,upos NOUN vs xpos Q-s,Јосип Коцев,Април ко да не бил,со легија мириси невдишани
upos_xpos_clash,негибнат,негибнат,NOUN,,,,I,upos NOUN vs xpos I,Лилјана Дирјан,Концерт за мирис и оркестар,белиот чаршаф со белиот вез е негибнат
upos_xpos_clash,недоглед,недоглед,NOUN,,,,Q-s,upos NOUN vs xpos Q-s,Пијан Славеј,НОЌТА КОГА РЕЧЕ: МОЖЕШ САМО ДА МЕ СОНУВАШ!,Сенката ја фрли во недоглед
upos_xpos_clash,недоглед,недоглед,PROPN,,,,Q-s,upos PROPN vs xpos Q-s,Катица Ќулавкова,ПРЕСЕЛБА НА ДУШАТА,"одеднаш , во недоглед"
upos_xpos_clash,незасита,незасита,NOUN,,,,Q-s,upos NOUN vs xpos Q-s,Матеја Матевски,Авантура,Старо и мртво дрво откорнато од незасита
upos_xpos_clash,нем,нем,PROPN,,,,I,upos PROPN vs xpos I,Бранко Цветкоски,МОЛИТВЕН ВЕЈ,Да си го најде запишувачот нем
upos_xpos_clash,немо,немо,NOUN,,,,I,upos NOUN vs xpos I,Адем Гајтани,Ѕидна фотографија,таа со молчењето немо
upos_xpos_clash,Неодменет,неодменет,PROPN,,,,Q-s,upos PROPN vs xpos Q-s,Бранко Цветкоски,СЕВЕРЕН ТАНЦ 6. (4),Неодменет
upos_xpos_clash,непоет,непоет,PROPN,,,,Q-s,upos PROPN vs xpos Q-s,Славко Јаневски,Твоја и моја земја - на Никола Јонков Вапцаров,и непоет
upos_xpos_clash,непокора,непокора,PROPN,,,,I,upos PROPN vs xpos I,Матеја Матевски,Авантура,од ластарот непокора
upos_xpos_clash,непреминлив,непреминлив,ADV,,,,Q-c,upos ADV vs xpos Q-c,Славко Јаневски,Мост,Стои лакот непреминлив
upos_xpos_clash,непреспана,непреспана,NOUN,,,,I,upos NOUN vs xpos I,Пијан Славеј,СТРАНЦИ ВО НОЌТА,"па , сепак , вчерашна , прегратка непреспана"
upos_xpos_clash,Непрогледан,непрогледан,PROPN,,,,Q-c,upos PROPN vs xpos Q-c,Пијан Славеј,КАБАЕТ,Непрогледан
upos_xpos_clash,нерасонета,нерасонета,NOUN,,,,Q-s,upos NOUN vs xpos Q-s,Братислав Ташковски,Цвеќето,додека сè уште нерасонета
upos_xpos_clash,несетено,несетено,ADV,,,,Q-c,upos ADV vs xpos Q-c,Ацо Шопов,Лист,"Се откина од гранката сам , полека и несетено"
upos_xpos_clash,несон,несон,PROPN,,,,Q-s,upos PROPN vs xpos Q-s,Веле Смилевски,Книгата куќа,"Од страв детски , од лутеж , од несон"
upos_xpos_clash,неспаница,неспаница,VERB,,,,I,upos VERB vs xpos I,Пијан Славеј,НОЌТА КОГА РЕЧЕ: МОЖЕШ САМО ДА МЕ СОНУВАШ!,Ти си ми неспаница
upos_xpos_clash,нејна,нејна,PROPN,,,,Q-s,upos PROPN vs xpos Q-s,Адем Гајтани,Откритие на една маѓесна убавица во пирамида,сите се восхитија од убавината нејна
upos_xpos_clash,нејќе,нејќе,VERB,,,,I,upos VERB vs xpos I,Пијан Славеј,ШТО Е ТУКА Е!,ако никој нејќе
upos_xpos_clash,нејќе,нејќе,VERB,,,,I,upos VERB vs xpos I,Пијан Славеј,ШТО Е ТУКА Е!,ако никој нејќе
upos_xpos_clash,нитта,нитта,NOUN,,,,Q-s,upos NOUN vs xpos Q-s,Адем Гајтани,Рибите од Бохињ,кој ќе ја скине нитта
upos_xpos_clash,ничкосан,ничкосан,NOUN,,,,Q-c,upos NOUN vs xpos Q-c,Милош Линдро,Енох на седмото небо,И паднал ничкосан
upos_xpos_clash,ничкум,ничкум,NOUN,,,,Q-s,upos NOUN vs xpos Q-s,Пијан Славеј,СТУДЕН,дур не паднам ничкум
upos_xpos_clash,нишаш,нишаш,VERB,,,,Q-s,upos VERB vs xpos Q-s,Пијан Славеј,ЈАБОЛЧЕ,на ветрот се нишаш
upos_xpos_clash,ное,ное,NOUN,,,,Y,upos NOUN vs xpos Y,Ефтим Клетников,***,е тој ное .
upos_xpos_clash,ноќва,ноќва,NOUN,,,,Q-s,upos NOUN vs xpos Q-s,Бранко Цветкоски,СЕВЕРЕН ТАНЦ 1.,Слушни ги ноќва
upos_xpos_clash,ноќва,ноќва,NOUN,,,,Q-s,upos NOUN vs xpos Q-s,Пијан Славеј,МИРО,Поарно е ноќва
upos_xpos_clash,Ноќва,ноќва,PROPN,,,,Q-s,upos PROPN vs xpos Q-s,Пијан Славеј,1. (Адам и Ева),Помисли – Ноќва
upos_xpos_clash,ноќва,ноќва,NOUN,,,,Q-c,upos NOUN vs xpos Q-c,Пијан Славеј,ОДДИШКА,би те однел ноќва
upos_xpos_clash,ноќни,ноќни,NOUN,,,,Q-s,upos NOUN vs xpos Q-s,Пијан Славеј,КАДЕ И ДА ОДИШ,црни од патеки ноќни
upos_xpos_clash,нудена,нудена,NOUN,,,,I,upos NOUN vs xpos I,Веле Смилевски,Т.н. книга,на н - нудена
upos_xpos_clash,нудист,нудист,PROPN,,,,Q-s,upos PROPN vs xpos Q-s,Пијан Славеј,1. (Адам и Ева),"Без џебови , нудист"
upos_xpos_clash,нуркаш,нуркаш,VERB,,,,I,upos VERB vs xpos I,Катица Ќулавкова,МОЖНОСТ ЗА ПЕСНА,"бетерфлај , ќе плуташ , ќе нуркаш"
upos_xpos_clash,обвино,обвино,NOUN,,,,I,upos NOUN vs xpos I,Гане Тодоровски,Чекајќи ја Медеја,Плапотлив пламену жестока обвино
upos_xpos_clash,обет,обет,NOUN,,,,Q-s,upos NOUN vs xpos Q-s,Милош Линдро,Падот на создателот,И им даде обет
upos_xpos_clash,обеќа,обеќа,VERB,,,,Q-s,upos VERB vs xpos Q-s,Милош Линдро,Падот на создателот,Штедро им обеќа
upos_xpos_clash,Овдека,овдека,ADV,,,,Q-s,upos ADV vs xpos Q-s,Веле Смилевски,Книгата препознавање,Овдека
upos_xpos_clash,огин-и-ништо,огин-и-ништо,PROPN,,,,Q-c,upos PROPN vs xpos Q-c,Катица Ќулавкова,ОГНИШТЕ,огин-и-ништо
upos_xpos_clash,огледав,огледав,VERB,,,,Q-s,upos VERB vs xpos Q-s,Тодор Чаловски,Монолог на староседелецот,Си реков и се огледав
upos_xpos_clash,ограбете,ограбете,VERB,,,,Q-s,upos VERB vs xpos Q-s,Кочо Рацин,Елегии за тебе,"Исцедете , ограбете"
upos_xpos_clash,одвеан,одвеан,NOUN,,,,Q-s,upos NOUN vs xpos Q-s,Милош Линдро,Енох на седмото небо,И веднаш бил одвеан
upos_xpos_clash,Одвнатре,одвнатре,ADV,,,,Q-c,upos ADV vs xpos Q-c,Веле Смилевски,Книга на стравот,Одвнатре
upos_xpos_clash,одвнатре,одвнатре,ADV,,,,I,upos ADV vs xpos I,Богомил Ѓузел,Х,срцето го гребе каменот одвнатре
upos_xpos_clash,одгоре,одгоре,ADV,,,,I,upos ADV vs xpos I,Богомил Ѓузел,II,паѓајќи со сета тежина несфатливо одгоре
upos_xpos_clash,одзади,одзади,NOUN,,,,Q-s,upos NOUN vs xpos Q-s,Петре М. Андреевски,Летно пладне,со кренати диви метли одзади
upos_xpos_clash,Один-Војдан,один-војдан,PROPN,,,,Q-c,upos PROPN vs xpos Q-c,Милош Линдро,АЗЗА,Туку е Один-Војдан
upos_xpos_clash,одливок,одливок,ADV,,,,Q-s,upos ADV vs xpos Q-s,Катица Ќулавкова,СЕКРЕТ,и притаан одливок
upos_xpos_clash,однадвор,однадвор,ADV,,,,I,upos ADV vs xpos I,Пијан Славеј,ЛУТА,студени и цврсти однадвор
upos_xpos_clash,однатре,однатре,ADV,,,,I,upos ADV vs xpos I,Пијан Славеј,ЛУТА,топли и меки однатре
upos_xpos_clash,одоколу,одоколу,ADV,,,,Q-s,upos ADV vs xpos Q-s,Пијан Славеј,КОГА ТЕ НЕМАМ,те потпрашувам одоколу
upos_xpos_clash,одсекаде,одсекаде,NOUN,,,,Q-s,upos NOUN vs xpos Q-s,Катица Ќулавкова,ЈАСТРЕБ И СЕНКА,та си можел да ја чувствуваш одсекаде
upos_xpos_clash,озгора,озгора,ADV,,,,Q-s,upos ADV vs xpos Q-s,Петре М. Андреевски,Летно пладне,некој се исмејува озгора
upos_xpos_clash,озгора,озгора,ADV,,,,Q-s,upos ADV vs xpos Q-s,Пијан Славеј,ЗАБРАНЕТО ОВОШЈЕ,и не фрлам озгора
upos_xpos_clash,океј,океј,ADV,,,,I,upos ADV vs xpos I,Пијан Славеј,ПИГМАЛИОН ВО ОБИД,"да те прашам , кукле , дали е океј"
upos_xpos_clash,оковаа,оковаа,NOUN,,,,Q-s,upos NOUN vs xpos Q-s,Матеја Матевски,Свети Трифун,Сенката ми ја затворија ја врзаа оковаа
upos_xpos_clash,окован,окован,NOUN,,,,Q-s,upos NOUN vs xpos Q-s,Анте Поповски,Книга врзана со синџири,окован
upos_xpos_clash,ококорив,ококорив,VERB,,,,Q-s,upos VERB vs xpos Q-s,Пијан Славеј,АМАНАМАН,Очите ги покрив ама скроз ги ококорив
upos_xpos_clash,Окрвавен,окрвавен,VERB,,,,Q-s,upos VERB vs xpos Q-s,Богомил Ѓузел,II,Окрвавен
upos_xpos_clash,опашести,опашести,VERB,,,,Q-s,upos VERB vs xpos Q-s,Богомил Ѓузел,Пролет во апокалипса,опашести
upos_xpos_clash,опков,опков,NOUN,,,,I,upos NOUN vs xpos I,Блаже Конески,ИКОНА,тие ти коват позлатен опков
upos_xpos_clash,опфатно,опфатно,NOUN,,,,I,upos NOUN vs xpos I,Милош Линдро,Енох на првото небо,Огромно и опфатно
upos_xpos_clash,опчекор,опчекор,PROPN,,,,Q-s,upos PROPN vs xpos Q-s,Ристо Лазаров,СРЕДЕ,среде опчекор
upos_xpos_clash,Опчинет,опчинет,VERB,,,,Q-s,upos VERB vs xpos Q-s,Матеја Матевски,Ѕвона,Опчинет
upos_xpos_clash,ора,орa,NOUN,,,,I,upos NOUN vs xpos I,Пијан Славеј,АЈ ШТО МИ СЕ СВИРАТ,ај шо ми се свират Стриптизетски ора
upos_xpos_clash,ора,орa,NOUN,,,,I,upos NOUN vs xpos I,Пијан Славеј,АЈ ШТО МИ СЕ СВИРАТ,ај шо ми се свират Стриптизетски ора
upos_xpos_clash,орај,орај,PROPN,,,,Q-s,upos PROPN vs xpos Q-s,Пијан Славеј,ДЛАНКОПИС,зариј го во дланките моливот и орај
upos_xpos_clash,осамоти,осамоти,VERB,,,,Q-s,upos VERB vs xpos Q-s,Матеја Матевски,Прогонети од рајот,што го изиевери тој што те насити и осамоти
upos_xpos_clash,осојна,осојна,PROPN,,,,Q-s,upos PROPN vs xpos Q-s,Ристо Лазаров,САМО ДА НЕМА ВОЈНА,ќе истрпиме и зима осојна
upos_xpos_clash,Отаде,отаде,VERB,,,,Q-c,upos VERB vs xpos Q-c,Катица Ќулавкова,Исповед,Оној онаму Отаде
upos_xpos_clash,отсјаи,отсјаи,NOUN,,,,Q-s,upos NOUN vs xpos Q-s,Катица Ќулавкова,МИРИЗЛИВОТО ПИСМО НА ПИСАРОТ,водени отсјаи
upos_xpos_clash,оттука,оттука,ADV,,,,Q-c,upos ADV vs xpos Q-c,Ристо Лазаров,АВЕНИЈА КОРИЕНТАС,и сите се прашуваат каде да се оди оттука
upos_xpos_clash,офнат,офнат,VERB,,,,Q-s,upos VERB vs xpos Q-s,Пијан Славеј,АЈ ШТО МИ СЕ СВИРАТ,"невести да писнат , сватови да офнат"
upos_xpos_clash,очиве,очиве,NOUN,,,,Y,upos NOUN vs xpos Y,Пијан Славеј,НА ЗДРАВЈЕ,вода пијат очиве
upos_xpos_clash,очиве,очиве,NOUN,,,,Y,upos NOUN vs xpos Y,Пијан Славеј,НА ЗДРАВЈЕ,вода пијат очиве
upos_xpos_clash,пасена,пасена,NOUN,,,,I,upos NOUN vs xpos I,Ристо Лазаров,СРЕДЕ,ливадица зелена ни косена ни пасена
upos_xpos_clash,Патем,патем,ADV,,,,Q-s,upos ADV vs xpos Q-s,Влада Урошевиќ,Настан во полето,Патем
upos_xpos_clash,пајадор,пајадор,PROPN,,,,Q-c,upos PROPN vs xpos Q-c,Ристо Лазаров,ПУЕРТО МАДЕРО,ќе да е во право веселникот пајадор
upos_xpos_clash,пеана,пеана,NOUN,,,,I,upos NOUN vs xpos I,Пијан Славеј,МОЛИТВА,смислена и пеана
upos_xpos_clash,пекај,пекај,VERB,,,,Q-s,upos VERB vs xpos Q-s,Кочо Рацин,Проштавање,"Ич не ме чекај , ич не ме пекај"
upos_xpos_clash,пенат,пенат,VERB,,,,Q-c,upos VERB vs xpos Q-c,Катица Ќулавкова,ДИВА МИСЛА,суштества што ' ржат и се пенат
upos_xpos_clash,пепел-бела,пепел-бела,PROPN,,,,Q-c,upos PROPN vs xpos Q-c,Бранко Цветкоски,ЗЕМЈА. ПРИЧЕСНА. ЗОБ,И се сронив пред раката пепел-бела
upos_xpos_clash,песно,песно,NOUN,,,,I,upos NOUN vs xpos I,Пијан Славеј,ПОЈАНИЦА,"ти требаат , песно"
upos_xpos_clash,песу,песу,VERB,,,,I,upos VERB vs xpos I,Катица Ќулавкова,ПАСИЈА ПО ПЕСОТ,песу мој !
upos_xpos_clash,писмоносци,писмоносци,NOUN,,,,I,upos NOUN vs xpos I,Пијан Славеј,СЕ ЖАЛЕА МОИТЕ ГУЛАПЧИЊА ПИСМОНОСЦИ,Се жалеа моите гулапчиња писмоносци
upos_xpos_clash,писмоносци,писмоносци,NOUN,,,,I,upos NOUN vs xpos I,Пијан Славеј,СЕ ЖАЛЕА МОИТЕ ГУЛАПЧИЊА ПИСМОНОСЦИ,Се жалеа моите гулапчиња писмоносци
upos_xpos_clash,писмоносци,писмоносци,NOUN,,,,Q-s,upos NOUN vs xpos Q-s,Пијан Славеј,СЕ ЖАЛЕА МОИТЕ ГУЛАПЧИЊА ПИСМОНОСЦИ,Ги прашав јас моите гулапчиња писмоносци
upos_xpos_clash,питачои,питачои,VERB,,,,Q-s,upos VERB vs xpos Q-s,Блаже Конески,Питачи,писменце поинтимно интонирано — ние станува ме питачои
upos_xpos_clash,Планино,планино,PROPN,,,,Q-c,upos PROPN vs xpos Q-c,Ефтим Клетников,сандански   3.,Планино
upos_xpos_clash,плисок,плисок,PROPN,,,,Q-s,upos PROPN vs xpos Q-s,Влада Урошевиќ,Летен дожд,плисок
upos_xpos_clash,плисок,плисок,NOUN,,,,I,upos NOUN vs xpos I,Ефтим Клетников,светлината е огромна тајна,се одделуваа во шумлив плисок
upos_xpos_clash,пловец,пловец,NOUN,,,,I,upos NOUN vs xpos I,Ива Петреска,"Надмена тврдоглавост (лесна рима, длабока содржина)","Каскадер , вечен пловец"
upos_xpos_clash,плодви,плодви,PROPN,,,,Q-s,upos PROPN vs xpos Q-s,Тодор Чаловски,Рани утра,рани плодви
upos_xpos_clash,побезумни,побезумни,NOUN,,,,Q-s,upos NOUN vs xpos Q-s,Тодор Чаловски,Коренот,пострасни и побезумни
upos_xpos_clash,поберка,поберка,NOUN,,,,Q-s,upos NOUN vs xpos Q-s,Ристо Лазаров,ПОБЕРКА,а мене ми се ита на поберка
upos_xpos_clash,поберка,поберка,NOUN,,,,Q-s,upos NOUN vs xpos Q-s,Ристо Лазаров,ПОБЕРКА,кога да се враќам од поберка
upos_xpos_clash,побргу,бргу,ADV,,,,I,upos ADV vs xpos I,Петре М. Андреевски,Летно пладне,од кого да избегам побргу
upos_xpos_clash,поврага,поврага,NOUN,,,,Q-s,upos NOUN vs xpos Q-s,Блаже Конески,Суша,за тие што отишле поврага
upos_xpos_clash,повте,повте,VERB,,,,Q-s,upos VERB vs xpos Q-s,Гане Тодоровски,Чекајќи ја Медеја,Докај ли сè докај ли сè не се повте
upos_xpos_clash,повтеж,повтеж,NOUN,,,,I,upos NOUN vs xpos I,Бранко Цветкоски,СНАИТЕ ОД ЗЕМЈА,Некои со прикриен повтеж
upos_xpos_clash,подзастанува,подзастанува,VERB,,,,Q-s,upos VERB vs xpos Q-s,Катица Ќулавкова,ПРВО СОНЦЕ: SAGITARIUS,Кога подзастанува
upos_xpos_clash,подлока,подлока,VERB,,,,Q-s,upos VERB vs xpos Q-s,Славко Јаневски,Тогаш ќе умре и љубовта,водата во песок гроб ќе си подлока
upos_xpos_clash,подолу,долу,ADV,,,,Q-s,upos ADV vs xpos Q-s,Ристо Лазаров,ТРПЕЗА,троа подолу
upos_xpos_clash,подолу,долу,ADV,,,,Q-s,upos ADV vs xpos Q-s,Ристо Лазаров,ТРПЕЗА,уште подолу
upos_xpos_clash,подолу,долу,ADV,,,,Q-s,upos ADV vs xpos Q-s,Ристо Лазаров,ТРПЕЗА,уште уште подолу
upos_xpos_clash,поземи,поземи,NOUN,,,,Q-s,upos NOUN vs xpos Q-s,Петре М. Андреевски,Има денови,кога небото се шета поземи
upos_xpos_clash,позор,позор,NOUN,,,,Q-s,upos NOUN vs xpos Q-s,Милош Линдро,ОСКВЕРНУВАЊЕ,Можеби за позор
upos_xpos_clash,поимлив,поимлив,PROPN,,,,Q-s,upos PROPN vs xpos Q-s,Тодор Чаловски,Стреи,со пречек сакан само нам поимлив
upos_xpos_clash,покоя,покоя,PROPN,,,,I,upos PROPN vs xpos I,Гане Тодоровски,Зимска прикаска,„ Я ищу свободы и покоя “
upos_xpos_clash,полуживо,полуживо,ADV,,,,Q-c,upos ADV vs xpos Q-c,Пијан Славеј,ЈАБОЛЧЕ,висиш полуживо
upos_xpos_clash,полја,полја,VERB,,,,I,upos VERB vs xpos I,Адем Гајтани,Земјата,со езера планини полја
upos_xpos_clash,помолчи,помолчи,VERB,,,,Q-s,upos VERB vs xpos Q-s,Славко Јаневски,Јазик,за да помолчи
upos_xpos_clash,понадица,понадица,NOUN,,,,Q-s,upos NOUN vs xpos Q-s,Ристо Лазаров,ЖЕДНИК,водица ем понадица
upos_xpos_clash,понорно,понорно,VERB,,,,Q-c,upos VERB vs xpos Q-c,Тодор Чаловски,Загледан низ прозорецот,по удолницата на окото понорно
upos_xpos_clash,порева,порева,VERB,,,,Q-s,upos VERB vs xpos Q-s,Бранко Цветкоски,ЧЕШМА ПОКРАЈ ПАТОТ 3.(7),Се порева
upos_xpos_clash,посева,посева,VERB,,,,I,upos VERB vs xpos I,Тодор Чаловски,Запис,исконот нека посева
upos_xpos_clash,посестрима,посестрима,NOUN,,,,Q-s,upos NOUN vs xpos Q-s,Тодор Чаловски,Искра,на човека љубна посестрима
upos_xpos_clash,поскоро,скоро,VERB,,,,Q-s,upos VERB vs xpos Q-s,Богомил Ѓузел,VII,и при најголем порив да те поарчи што поскоро
upos_xpos_clash,после,после,NOUN,,,,Q-s,upos NOUN vs xpos Q-s,Пијан Славеј,РАСИПИКУЌА,и жално е после
upos_xpos_clash,посто,посто,NOUN,,,,I,upos NOUN vs xpos I,Пијан Славеј,МИЗАНТРОПИЈА,"од луѓето , сто посто"
upos_xpos_clash,потаму,потаму,ADV,,,,Q-c,upos ADV vs xpos Q-c,Богомил Ѓузел,VIII,да се мумифицираат повлекувајќи се секој во својот свет храм - и воздух потаму
upos_xpos_clash,потајум,потајум,VERB,,,,Q-s,upos VERB vs xpos Q-s,Гане Тодоровски,Обична песна,не потајум
upos_xpos_clash,потем,потем,ADV,,,,Q-c,upos ADV vs xpos Q-c,Богомил Ѓузел,"1, Lady Road, Edinburgh 9.",и потем
upos_xpos_clash,потем,потем,ADV,,,,Q-c,upos ADV vs xpos Q-c,Богомил Ѓузел,"1, Lady Road, Edinburgh 9.",Борејќи се со залците за воздух ; и потем
upos_xpos_clash,потем,потем,ADV,,,,I,upos ADV vs xpos I,Богомил Ѓузел,VII,и толку богата и толку непресушна потем
upos_xpos_clash,потем,потем,ADV,,,,Q-c,upos ADV vs xpos Q-c,Богомил Ѓузел,VIII,и потем
upos_xpos_clash,потем,потем,ADV,,,,Q-c,upos ADV vs xpos Q-c,Богомил Ѓузел,VIII,воздух што некогаш бил воздишка што потем
upos_xpos_clash,потем,потем,ADV,,,,Q-c,upos ADV vs xpos Q-c,Богомил Ѓузел,Х,"реалноста , светот и идејата што побргу и потем"
upos_xpos_clash,потем,потем,ADV,,,,Q-s,upos ADV vs xpos Q-s,Ристо Лазаров,СЕКОГАШ,кога ќе те сонам потем
upos_xpos_clash,поткови,поткови,NOUN,,,,Y,upos NOUN vs xpos Y,Матеја Матевски,Дождови,изгубено тропаат со нозете тапи без поткови
upos_xpos_clash,потурнат,потурнат,ADJ,,,,Q-s,upos ADJ vs xpos Q-s,Тодор Чаловски,Монолог на староседелецот,што самуваа сронети со болме и праг потурнат
upos_xpos_clash,поља,поља,NOUN,,,,Q-s,upos NOUN vs xpos Q-s,Кочо Рацин,Утрото над нас,шумоли скришно за мртви поља
upos_xpos_clash,прашни,прашни,NOUN,,,,Q-s,upos NOUN vs xpos Q-s,Милош Линдро,КОН СОНЧЕВИТЕ ПОРТИ,Над празните и прашни
upos_xpos_clash,прајазик,прајазик,PROPN,,,,Q-s,upos PROPN vs xpos Q-s,Катица Ќулавкова,Ода на македонскиот јазик,"Тебе те одбрав , јазик – прајазик"
upos_xpos_clash,први,прв,NOUN,,,,Q-s,upos NOUN vs xpos Q-s,Гане Тодоровски,Фуснота без повод,дојдовме за да дринчиме секој први
upos_xpos_clash,први,прв,NOUN,,,,Q-s,upos NOUN vs xpos Q-s,Адем Гајтани,Земјата,од почетоците први
upos_xpos_clash,првни,првни,VERB,,,,Q-s,upos VERB vs xpos Q-s,Бранко Цветкоски,ЧЕШМА ПОКРАЈ ПАТОТ 3.(6),По сите облици првни
upos_xpos_clash,првомрак,првомрак,PROPN,,,,Q-s,upos PROPN vs xpos Q-s,Ристо Лазаров,ГРЕВ,среде првомрак
upos_xpos_clash,пребиравте,пребиравте,NOUN,,,,Q-s,upos NOUN vs xpos Q-s,Катица Ќулавкова,"ВРЕМИЊА, ОБИЧАИ",доста пребиравте
upos_xpos_clash,преболувај,преболувај,NOUN,,,,I,upos NOUN vs xpos I,Пијан Славеј,ДЛАНКОПИС,"орај и преорувај , прецртувај , преболувај"
upos_xpos_clash,превртивме,превртивме,VERB,,,,Q-s,upos VERB vs xpos Q-s,Богомил Ѓузел,Х,"издвоивме жена од месо , сигурно ја превртивме"
upos_xpos_clash,преговаравте,преговаравте,VERB,,,,Q-c,upos VERB vs xpos Q-c,Катица Ќулавкова,"ВРЕМИЊА, ОБИЧАИ",заговаравте и преговаравте
upos_xpos_clash,преград,преград,NOUN,,,,Q-s,upos NOUN vs xpos Q-s,Тодор Чаловски,Искра,што го чекаш да те земе в преград
upos_xpos_clash,предеди,предеди,NOUN,,,,Q-s,upos NOUN vs xpos Q-s,Матеја Матевски,Свети Трифун,Ти идеме со векови од дедовци од предеди
upos_xpos_clash,предела,предела,PROPN,,,,Q-s,upos PROPN vs xpos Q-s,Славко Јаневски,Егејска песна - 4,чекала синој и предела
upos_xpos_clash,предиш,предиш,ADV,,,,Q-s,upos ADV vs xpos Q-s,Пијан Славеј,***,Те галам дури предиш
upos_xpos_clash,предупреда,предупреда,NOUN,,,,Q-s,upos NOUN vs xpos Q-s,Милош Линдро,ПРЕДУПРЕДА,Ќе биде тоа предупреда
upos_xpos_clash,прежни,прежни,ADV,,,,Q-s,upos ADV vs xpos Q-s,Тодор Чаловски,Бегство,и јасна цел да ги презреш заблудите прежни
upos_xpos_clash,прекутрупа,прекутрупа,VERB,,,,Q-c,upos VERB vs xpos Q-c,Бранко Цветкоски,ГЛАСНИК,Само гласот прекутрупа
upos_xpos_clash,прелетна,прелетна,VERB,,,,Q-s,upos VERB vs xpos Q-s,Милош Линдро,АЗЗА,На враната прелетна
upos_xpos_clash,премазав,премазав,VERB,,,,Q-s,upos VERB vs xpos Q-s,Катица Ќулавкова,МИРИЗЛИВОТО ПИСМО НА ПИСАРОТ,со матарка се премазав
upos_xpos_clash,пресветли,пресветли,NOUN,,,,Q-s,upos NOUN vs xpos Q-s,Милош Линдро,Енох на шестото небо,Седум чети пресветли
upos_xpos_clash,Пресветло,пресветло,NOUN,,,,I,upos NOUN vs xpos I,Милош Линдро,Енох на седмото небо,И Пресветло
upos_xpos_clash,престан,престан,NOUN,,,,Q-s,upos NOUN vs xpos Q-s,Влада Урошевиќ,Нерамнотежа,Се наведнува се наведнува нешто без престан
upos_xpos_clash,престан,престан,NOUN,,,,Q-s,upos NOUN vs xpos Q-s,Катица Ќулавкова,АЛЕКСАНДРИСКИ СИНДРОМ,Да ја преболува без престан
upos_xpos_clash,претече,претече,VERB,,,,Q-s,upos VERB vs xpos Q-s,Милош Линдро,ОСКВЕРНУВАЊЕ,Ќе претече
upos_xpos_clash,привидев,привидев,VERB,,,,Q-s,upos VERB vs xpos Q-s,Тодор Чаловски,Монолог на староседелецот,"ставава ќе ја дочував , век повтор ли ќе привидев"
upos_xpos_clash,привсон,привсон,NOUN,,,,I,upos NOUN vs xpos I,Катица Ќулавкова,СПАЛЕНА СОБА,во целосен привсон
upos_xpos_clash,прилегна,прилегна,VERB,,,,Q-s,upos VERB vs xpos Q-s,Блаже Конески,7. СКАЗНАТА НА СТАРИОТ МАЈСТОР,прилегна
upos_xpos_clash,припив,припив,VERB,,,,Q-s,upos VERB vs xpos Q-s,Пијан Славеј,"МОЛЧИ, МОЛЧИ, ЉУБОВ МОЈА",в гради го припив
upos_xpos_clash,присој,присој,PROPN,,,,Q-s,upos PROPN vs xpos Q-s,Ристо Лазаров,ГРЕВ,на ливада од присој
upos_xpos_clash,пријателе,пријател,NOUN,,,,Q-c,upos NOUN vs xpos Q-c,Бранко Цветкоски,СЕВЕРЕН ТАНЦ 4.,Силно замавни пријателе
upos_xpos_clash,пријателе,пријател,NOUN,,,,I,upos NOUN vs xpos I,Пијан Славеј,СИОТ ЗНАЕН СВЕТ,"залутавме , пријателе"
upos_xpos_clash,пријателе,пријател,NOUN,,,,I,upos NOUN vs xpos I,Пијан Славеј,СИОТ ЗНАЕН СВЕТ,"те побарав тебе , стар пријателе"
upos_xpos_clash,Пркнеш,пркнеш,PROPN,,,,Q-s,upos PROPN vs xpos Q-s,Богомил Ѓузел,"Лондон, Нова година 1965",Пркнеш
upos_xpos_clash,провре,провре,VERB,,,,Q-s,upos VERB vs xpos Q-s,Блаже Конески,2.,се провре
upos_xpos_clash,провреме,провреме,VERB,,,,Q-s,upos VERB vs xpos Q-s,Тодор Чаловски,Упија,низ срце да ѝ провреме
upos_xpos_clash,проголтавте,проголтавте,VERB,,,,Q-s,upos VERB vs xpos Q-s,Катица Ќулавкова,МРАВКИ,што зборој проголтавте
upos_xpos_clash,проголташ,проголташ,VERB,,,,Q-s,upos VERB vs xpos Q-s,Игор Исаковски,Те боли црната светлина што те очекува,нема што да проголташ
upos_xpos_clash,прокопса,прокопса,PROPN,,,,Q-s,upos PROPN vs xpos Q-s,Кочо Рацин,На Струга дуќан да имам,"пропадна сичко , прокопса"
upos_xpos_clash,пророниш,пророниш,NOUN,,,,Q-s,upos NOUN vs xpos Q-s,Блаже Конески,ПЕСНАТА,крвај ќе солзи пророниш
upos_xpos_clash,протечува,протечува,VERB,,,,I,upos VERB vs xpos I,Гане Тодоровски,Нашинска (III),Сѐ тече и сѐ протечува
upos_xpos_clash,проштава,проштава,VERB,,,,Q-s,upos VERB vs xpos Q-s,Богомил Ѓузел,II,на кое растел и земјата одеднаш му проштава
upos_xpos_clash,проѕирка,проѕирка,NOUN,,,,I,upos NOUN vs xpos I,Веле Смилевски,Книгата ѕид,Ѕид без ѕирка и проѕирка
upos_xpos_clash,проѕирка,проѕирка,NOUN,,,,I,upos NOUN vs xpos I,Пијан Славеј,ОДДИШКА,да ти светнам проѕирка
upos_xpos_clash,прудолу,прудолу,PROPN,,,,Q-s,upos PROPN vs xpos Q-s,Милош Линдро,ОРФЕЈ,Слегол прудолу
upos_xpos_clash,пуздрена,пуздрена,NOUN,,,,I,upos NOUN vs xpos I,Тодор Чаловски,Монолог на староседелецот,и бардак да ми подаде д'оладам душа пуздрена
upos_xpos_clash,пупко,пупко,PROPN,,,,Y,upos PROPN vs xpos Y,Адем Гајтани,Водата,да се исплашиме ο господе ο пупко
upos_xpos_clash,пуста,пуста,NOUN,,,,I,upos NOUN vs xpos I,Блаже Конески,УТРО,не на полјанката пуста
upos_xpos_clash,пусти,пусти,NOUN,,,,Q-s,upos NOUN vs xpos Q-s,Кочо Рацин,Татунчо,а по тежок одзив пусти
upos_xpos_clash,пусти,пусти,NOUN,,,,Q-s,upos NOUN vs xpos Q-s,Адем Гајтани,Коњот,Хиподромите сега се пусти
upos_xpos_clash,пцала,пцала,NOUN,,,,I,upos NOUN vs xpos I,Влада Урошевиќ,Попладне по дождот,Само водата уште тепка и пцала
upos_xpos_clash,ради,ради,NOUN,,,,Q-s,upos NOUN vs xpos Q-s,Ива Петреска,Првиот впечаток (експозиција),"и бели ради сплетени во пролетни венчиња ,"
upos_xpos_clash,разединил,разединил,VERB,,,,Q-s,upos VERB vs xpos Q-s,Богомил Ѓузел,Пролет во апокалипса,се разединил
upos_xpos_clash,разлисти,разлисти,NOUN,,,,I,upos NOUN vs xpos I,Ацо Шопов,Партизанска колона,кога се шума разлисти
upos_xpos_clash,размава,размава,VERB,,,,Q-s,upos VERB vs xpos Q-s,Блаже Конески,2.,размава
upos_xpos_clash,размава,размава,VERB,,,,Q-s,upos VERB vs xpos Q-s,Блаже Конески,7. СКАЗНАТА НА СТАРИОТ МАЈСТОР,размава
upos_xpos_clash,разѕвездува,разѕвездува,VERB,,,,I,upos VERB vs xpos I,Ефтим Клетников,БЛАГОВЕСТИ,но од неговото зрно разѕвездува
upos_xpos_clash,ралици,ралици,NOUN,,,,I,upos NOUN vs xpos I,Петре М. Андреевски,НА ГРОБОТ ОД ДЕНИЦИЈА,Дошто видов глуварици и плужни ралици
upos_xpos_clash,рало,рало,NOUN,,,,I,upos NOUN vs xpos I,Славко Јаневски,Гората за овчарот,заедно прво рало
upos_xpos_clash,рамни,рамен,NOUN,,,,Q-s,upos NOUN vs xpos Q-s,Кочо Рацин,Утрото над нас,"По долги , меки ширини рамни"
upos_xpos_clash,раснеш,раснеш,PROPN,,,,Q-s,upos PROPN vs xpos Q-s,Пијан Славеј,ЛАВА ЛАВА,"Надоаѓаш , раснеш"
upos_xpos_clash,раснеш,раснеш,PROPN,,,,Q-s,upos PROPN vs xpos Q-s,Пијан Славеј,ЛАВА ЛАВА,"Надоаѓаш , раснеш"
upos_xpos_clash,расонета,расонета,NOUN,,,,Q-s,upos NOUN vs xpos Q-s,Петре М. Андреевски,УШТЕ ЕДНИ ПОДАТОЦИ ЗА ДЕНИЦИЈА,"и поведение на копривата , расонета"
upos_xpos_clash,распарча,распарча,VERB,,,,Q-s,upos VERB vs xpos Q-s,Адем Гајтани,ΚАМЕН,небото во кругови се распарча
upos_xpos_clash,распаќа,распаќа,NOUN,,,,Q-s,upos NOUN vs xpos Q-s,Матеја Матевски,Авантура,од соништа и распаќа
upos_xpos_clash,распаќе,распаќе,NOUN,,,,I,upos NOUN vs xpos I,Матеја Матевски,Прогонети од рајот,Ќе измислиш ли ќе измислиме ли распаќе
upos_xpos_clash,распреде,распреде,VERB,,,,Q-s,upos VERB vs xpos Q-s,Блаже Конески,ВОДНО,што ветува сè да распреде
upos_xpos_clash,раѓана,раѓана,PROPN,,,,Q-c,upos PROPN vs xpos Q-c,Ацо Шопов,Младост,Како успокојува таа младост непрестајно раѓана
upos_xpos_clash,Рекам,рекам,VERB,,,,I,upos VERB vs xpos I,Бранко Цветкоски,РЕКАМ,Рекам
upos_xpos_clash,Рекам,рекам,VERB,,,,I,upos VERB vs xpos I,Бранко Цветкоски,РЕКАМ,Рекам
upos_xpos_clash,реквиеми,реквиеми,NOUN,,,,Q-s,upos NOUN vs xpos Q-s,Ристо Лазаров,ГРОБИШТАТА РЕКОЛЕТА,никакви оди и реквиеми
upos_xpos_clash,решен,решен,NOUN,,,,Q-s,upos NOUN vs xpos Q-s,Милош Линдро,ОРФЕЈ,И еве го тој веќе решен
upos_xpos_clash,ридја,ридја,NOUN,,,,I,upos NOUN vs xpos I,Матеја Матевски,Свети Трифун,под овие ридја
upos_xpos_clash,рѓоса,рѓоса,NOUN,,,,I,upos NOUN vs xpos I,Кочо Рацин,На Струга дуќан да имам,"пајдоса , златен , ' рѓоса"
upos_xpos_clash,сал,сал,PROPN,,,,Q-c,upos PROPN vs xpos Q-c,Тодор Чаловски,Убав ден,"на стемнувањето , и сал"
upos_xpos_clash,сал,сал,PROPN,,,,I,upos PROPN vs xpos I,Богомил Ѓузел,II,Така патуваме и ние низ животот свирепо сал
upos_xpos_clash,сал,сал,PROPN,,,,Q-c,upos PROPN vs xpos Q-c,Богомил Ѓузел,IV,"да го сретне куршумот и потем — ништо , сал"
upos_xpos_clash,сал,сал,PROPN,,,,Q-c,upos PROPN vs xpos Q-c,Богомил Ѓузел,VI,"сал простории што треба да се проветрат , сал"
upos_xpos_clash,сал,сал,PROPN,,,,I,upos PROPN vs xpos I,Богомил Ѓузел,Х,и поставени во градба станаа цврст камен сал
upos_xpos_clash,сал,сал,NOUN,,,,I,upos NOUN vs xpos I,Богомил Ѓузел,Х,можеме сал
upos_xpos_clash,самне,самне,VERB,,,,Q-c,upos VERB vs xpos Q-c,Богомил Ѓузел,II,да самне
upos_xpos_clash,саможив,саможив,NOUN,,,,Q-s,upos NOUN vs xpos Q-s,Катица Ќулавкова,Αταραξια,ча биде саможив
upos_xpos_clash,самраци,самраци,NOUN,,,,Q-s,upos NOUN vs xpos Q-s,Петре М. Андреевски,ПРВИТЕ ПОДАТОЦИ ЗА ДЕНИЦИЈА,оти од кај неа започнуваа сите самраци
upos_xpos_clash,самјачки,самјачки,NOUN,,,,I,upos NOUN vs xpos I,Катица Ќулавкова,ЗМИИ И ЈАГОДИ,"Одиш по планините , самјачки"
upos_xpos_clash,сачма,сачма,NOUN,,,,Q-s,upos NOUN vs xpos Q-s,Влада Урошевиќ,Пролетен парк,Среде пупките што се распрснуваат како сачма
upos_xpos_clash,св.,Св.,ADJ,,,,Y,upos ADJ vs xpos Y,Ефтим Клетников,"три мотиви од св. наум   - 1. стојам на камената ограда во св. наум,  ја гледам рамната површина на водата","1. стојам на камената ограда во св. наум ,"
upos_xpos_clash,св.,Св.,ADJ,,,,Y,upos ADJ vs xpos Y,Ефтим Клетников,псалм,успение на св. богородица
upos_xpos_clash,свалило,свалило,VERB,,,,Q-s,upos VERB vs xpos Q-s,Ефтим Клетников,ДОЛОТ,Пилето ја свалило
upos_xpos_clash,свенал,свенал,VERB,,,,Q-s,upos VERB vs xpos Q-s,Братислав Ташковски,Сонце мое,без тебе би свенал
upos_xpos_clash,свет-за-себе,свет-за-себе,PROPN,,,,Q-s,upos PROPN vs xpos Q-s,Катица Ќулавкова,ТРЕТО СОНЦЕ: LEO - rising sun -,тој свет-за-себе
upos_xpos_clash,свишен,свишен,NOUN,,,,Q-c,upos NOUN vs xpos Q-c,Тодор Чаловски,Сам. Планина околу мене,до врв свишен
upos_xpos_clash,сводје,сводје,NOUN,,,,Q-s,upos NOUN vs xpos Q-s,Блаже Конески,КАЛЕМЕГДАН,по скалите под стари влажни сводје
upos_xpos_clash,сека,сека,PROPN,,,,Q-c,upos PROPN vs xpos Q-c,Блаже Конески,КАЛЕМЕГДАН,Сè потихо се гласи стапка сека
upos_xpos_clash,секако,секако,ADV,,,,Q-s,upos ADV vs xpos Q-s,Богомил Ѓузел,"1, Lady Road, Edinburgh 9.","присуство ) , но секако"
upos_xpos_clash,секако,секако,ADV,,,,Q-s,upos ADV vs xpos Q-s,Богомил Ѓузел,Х,Планината секако
upos_xpos_clash,сешто,сешто,ADV,,,,Q-c,upos ADV vs xpos Q-c,Милош Линдро,ИНО,која ни вести сешто
upos_xpos_clash,сиво-бели,сиво-бели,PROPN,,,,Q-s,upos PROPN vs xpos Q-s,Милош Линдро,"ЛАЈ, ЈОКАСТА И ОЈДИП",Во хартиите сиво-бели
upos_xpos_clash,сине,сине,PROPN,,,,I,upos PROPN vs xpos I,Ефтим Клетников,ПРОЛЕТ. БОЛНО ДЕТЕ. -3.- Полноќ. Ѕвездата се гаси.,"и низ твојто лице , леле , сине"
upos_xpos_clash,синко,синко,PROPN,,,,Q-c,upos PROPN vs xpos Q-c,Пијан Славеј,КАЛЕМЕЊЕ,"„ земи ја , синко"
upos_xpos_clash,сиртаки,сиртаки,NOUN,,,,I,upos NOUN vs xpos I,Адем Гајтани,Атина,во таверните прекрасно се игра сиртаки
upos_xpos_clash,сита,сита,NOUN,,,,I,upos NOUN vs xpos I,Веле Смилевски,Митска книга (Втора),суетата е сита
upos_xpos_clash,скапеш,скапеш,VERB,,,,Q-s,upos VERB vs xpos Q-s,Пијан Славеј,ЈАБОЛЧЕ,така и ќе скапеш
upos_xpos_clash,скаска,скаска,NOUN,,,,I,upos NOUN vs xpos I,Катица Ќулавкова,ДРАМА,вршникот ти е скаска
upos_xpos_clash,сквозь,сквозь,VERB,,,,I,upos VERB vs xpos I,Гане Тодоровски,Зимска прикаска,сквозь туман кремнистий путь блестит “
upos_xpos_clash,скокоти,скокоти,VERB,,,,Q-c,upos VERB vs xpos Q-c,Ристо Лазаров,ТРОЦВЕТ,во душата скокоти
upos_xpos_clash,сл.,сл.,ADV,,,,I,upos ADV vs xpos I,Братислав Ташковски,Пијанство,дека вака повеќе не може и сл.
upos_xpos_clash,слабини,слабини,NOUN,,,,Q-s,upos NOUN vs xpos Q-s,Пијан Славеј,APPALOOSA,збодни го по слабини
upos_xpos_clash,слепец,слепец,NOUN,,,,I,upos NOUN vs xpos I,Ива Петреска,"Јас, ти или една ѕвезда","божествен збор , слепец"
upos_xpos_clash,сматна,сматна,VERB,,,,I,upos VERB vs xpos I,Бранко Цветкоски,ГРАМОТА,Во проѕирност сматна
upos_xpos_clash,смеќе,смеќе,PROPN,,,,Q-s,upos PROPN vs xpos Q-s,Пијан Славеј,СКРШЕНО ЦВЕЌЕ,"трендафил , каранфил , буќет од смеќе"
upos_xpos_clash,снега,снега,NOUN,,,,I,upos NOUN vs xpos I,Ристо Лазаров,РАСПЕТИЕ,од два извора под два снега
upos_xpos_clash,сните,сните,NOUN,,,,Q-s,upos NOUN vs xpos Q-s,Ристо Лазаров,САБАТО,сѐ уште сека сабота да ги мамиш сните
upos_xpos_clash,снито,снито,PROPN,,,,Q-s,upos PROPN vs xpos Q-s,Ристо Лазаров,КАМИНИТО,за мераци место снито
upos_xpos_clash,соблазниш,соблазниш,VERB,,,,I,upos VERB vs xpos I,Пијан Славеј,ЈАБОЛЧЕ,а кого ти да соблазниш
upos_xpos_clash,соблазниш,соблазниш,VERB,,,,I,upos VERB vs xpos I,Пијан Славеј,ЈАБОЛЧЕ,а кого ти да соблазниш
upos_xpos_clash,сола,сола,NOUN,,,,I,upos NOUN vs xpos I,Пијан Славеј,АЈ ШТО МИ СЕ СВИРАТ,ај шо ми се свират стриптизетски сола
upos_xpos_clash,солнце,солнце,PROPN,,,,Q-s,upos PROPN vs xpos Q-s,Ацо Шопов,Очи,в студените утра ќе грејат ко солнце
upos_xpos_clash,сосема,сосема,ADV,,,,Q-c,upos ADV vs xpos Q-c,Богомил Ѓузел,Х,"Велам , алхемијата е возможна и металот е сосема"
upos_xpos_clash,сосема,сосема,ADV,,,,Q-s,upos ADV vs xpos Q-s,Катица Ќулавкова,CIRCULUS AMOROSIS,барем да исчезневте сосема
upos_xpos_clash,сосема,сосема,ADV,,,,Q-c,upos ADV vs xpos Q-c,Катица Ќулавкова,ДРАМА,сосема
upos_xpos_clash,соспи,соспи,PROPN,,,,I,upos PROPN vs xpos I,Ефтим Клетников,Јавач во полноќта - 4,"Студот пробива , напластува соспи"
upos_xpos_clash,спарна,спарна,VERB,,,,Q-s,upos VERB vs xpos Q-s,Катица Ќулавкова,СПАЛЕНА СОБА,како земја и спарна
upos_xpos_clash,спротија,спротија,NOUN,,,,Q-s,upos NOUN vs xpos Q-s,Тодор Чаловски,Монолог на староседелецот,да јавнам бинек оседлан и да бодинам спротија
upos_xpos_clash,срамниче-трепетлика,срамниче-трепетлика,NOUN,,,,I,upos NOUN vs xpos I,Катица Ќулавкова,VIA LASCIVA  5.,вешто ко срамниче-трепетлика
upos_xpos_clash,среде,среде,NOUN,,,,Q-s,upos NOUN vs xpos Q-s,Милош Линдро,ЗЕМЈОМЕРОТ ЈА МЕРИ ВИСТИНАТА,"Под тежок превез , над бледо поле и среде"
upos_xpos_clash,срча,срча,NOUN,,,,I,upos NOUN vs xpos I,Пијан Славеј,МАЧКА ВО ВРЕЌА,Сношти од вената извадив срча
upos_xpos_clash,срџба,срџба,NOUN,,,,Q-c,upos NOUN vs xpos Q-c,Бранко Цветкоски,ПРЕКОР,Што се заборава во својата јарост и срџба
upos_xpos_clash,стално,стално,ADV,,,,I,upos ADV vs xpos I,Пијан Славеј,ПОТРЕБНО Е ЧУДО ДА ВОСКРЕСНЕ ЧОВЕК,ко стално
upos_xpos_clash,стемни,стемни,ADV,,,,I,upos ADV vs xpos I,Ристо Лазаров,ГАЛИЧИЦА,ако навистина н # стемни
upos_xpos_clash,стишен,стишен,PROPN,,,,Q-s,upos PROPN vs xpos Q-s,Блаже Конески,7. СКАЗНАТА НА СТАРИОТ МАЈСТОР,стишен
upos_xpos_clash,столетна,столетна,NOUN,,,,I,upos NOUN vs xpos I,Ефтим Клетников,НАСТАН ВО ЗИМСКАТА НОЌ - 3,"и лупа , лупа среде ноќта столетна"
upos_xpos_clash,стрвен,стрвен,NOUN,,,,Q-s,upos NOUN vs xpos Q-s,Бранко Цветкоски,СТАРОСТАВНА,Од далеку ветру стрвен
upos_xpos_clash,стрви,стрви,NOUN,,,,I,upos NOUN vs xpos I,Ристо Лазаров,СЛАТКООДСЛИВИ,"копка , буди стрви"
upos_xpos_clash,стрвно,стрвно,ADV,,,,Q-c,upos ADV vs xpos Q-c,Пијан Славеј,НОЕ ДРЕМЕ ГОРЕ НА ТЕРАСАТА НА ГОРИЦА,знам дека сакаш зајдисонца стрвно
upos_xpos_clash,сушто,сушто,PROPN,,,,Q-s,upos PROPN vs xpos Q-s,Катица Ќулавкова,ПРЕСЕЛБА НА ДУШАТА,"За сласт , сушто"
upos_xpos_clash,таговни,таговни,PROPN,,,,Q-s,upos PROPN vs xpos Q-s,Кочо Рацин,На Струга дуќан да имам,"Прикаски болни , таговни"
upos_xpos_clash,татне,татне,VERB,,,,Q-s,upos VERB vs xpos Q-s,Милош Линдро,ПРЕДУПРЕДА,Ќе почне да татне
upos_xpos_clash,татниш,татниш,NOUN,,,,I,upos NOUN vs xpos I,Братислав Ташковски,Големата љубовна песна 4.зрнце,Врз белото татниш
upos_xpos_clash,тајум,тајум,NOUN,,,,Q-s,upos NOUN vs xpos Q-s,Адем Гајтани,Ножот,се остри тајум
upos_xpos_clash,телеса,телеса,NOUN,,,,I,upos NOUN vs xpos I,Петре М. Андреевски,ИЗЛЕТ,а требаше да се ослободам од нејзините телеса
upos_xpos_clash,темно-мрежен,темно-мрежен,NOUN,,,,I,upos NOUN vs xpos I,Блаже Конески,НЕЖНОСТ,од денот – в предел темно-мрежен
upos_xpos_clash,тивне,тивне,PROPN,,,,Q-c,upos PROPN vs xpos Q-c,Милош Линдро,"БЕЛЕЗИ: ОДЕК, ТАЛОГ",При гласот кој тивне
upos_xpos_clash,тихо,тихо,NOUN,,,,Q-s,upos NOUN vs xpos Q-s,Матеја Матевски,Авантура,Ќе умрам сосема тихо
upos_xpos_clash,тихум,тихум,ADV,,,,I,upos ADV vs xpos I,Ефтим Клетников,псалм,што се вознесува тихум
upos_xpos_clash,то,то,PROPN,,,,I,upos PROPN vs xpos I,Блаже Конески,ДОЈРАН,то
upos_xpos_clash,тогај,тогај,PROPN,,,,Q-s,upos PROPN vs xpos Q-s,Анте Поповски,Тие малечки нешта околу нас,Па зошто тогај
upos_xpos_clash,тополитс,тополитс,NOUN,,,,Q-s,upos NOUN vs xpos Q-s,Матеја Матевски,Авантура,и има толку небо над тополитс
upos_xpos_clash,трат,трат,NOUN,,,,I,upos NOUN vs xpos I,Влада Урошевиќ,Последен град,На стебла расте трат
upos_xpos_clash,требен,требен,NOUN,,,,Y,upos NOUN vs xpos Y,Тодор Чаловски,Искра,како фитил во усама требен
upos_xpos_clash,трепетлика,трепетлика,NOUN,,,,Q-s,upos NOUN vs xpos Q-s,Блаже Конески,ЗА НЕПОЗНАТАТА  - БЕГСТВО,Но таму стои трепетлика
upos_xpos_clash,троцвет,троцвет,NOUN,,,,Q-s,upos NOUN vs xpos Q-s,Ристо Лазаров,ТРОЦВЕТ,оровиден троцвет
upos_xpos_clash,Трпка,трпка,PROPN,,,,Q-s,upos PROPN vs xpos Q-s,Милош Линдро,Господ Еноху (II),На коските - Трпка
upos_xpos_clash,трпне,трпне,PROPN,,,,Q-c,upos PROPN vs xpos Q-c,Блаже Конески,7. СКАЗНАТА НА СТАРИОТ МАЈСТОР,и трпне
upos_xpos_clash,тукутака,тукутака,VERB,,,,I,upos VERB vs xpos I,Пијан Славеј,ТУКУТАКА,а ти тукутака
upos_xpos_clash,убавее,убавее,NOUN,,,,Q-s,upos NOUN vs xpos Q-s,Анте Поповски,Коледе,"и гледам како расте детето , како убавее"
upos_xpos_clash,угичи,угичи,NOUN,,,,I,upos NOUN vs xpos I,Адем Гајтани,Ρека,колат седум овни угичи
upos_xpos_clash,удини,удини,NOUN,,,,Q-c,upos NOUN vs xpos Q-c,Катица Ќулавкова,ЦРНА МЕСЕЧИНА,устата ми запени од подигање удини
upos_xpos_clash,узрева,узрева,VERB,,,,Q-c,upos VERB vs xpos Q-c,Милош Линдро,БОКОБИ,Врзува и узрева
upos_xpos_clash,умир,умир,ADJ,,,,Q-s,upos ADJ vs xpos Q-s,Блаже Конески,НА ГРАНИЦА,Нема веќе тука умир .
upos_xpos_clash,урнав,урнав,VERB,,,,Q-s,upos VERB vs xpos Q-s,Пијан Славеј,НЕ ДОЗВОЛУВАЈ ДА ТИ ПРОСТАМ,"Се скилавив , се урнав"
upos_xpos_clash,устабаша,устабаша,NOUN,,,,Q-s,upos NOUN vs xpos Q-s,Кочо Рацин,На Струга дуќан да имам,Мајстор бев и устабаша
upos_xpos_clash,утринум,утринум,PROPN,,,,Q-s,upos PROPN vs xpos Q-s,Анте Поповски,Кога си далеку,"Кога си далеку , пролети утринум"
upos_xpos_clash,Утринум,утринум,PROPN,,,,Q-s,upos PROPN vs xpos Q-s,Тодор Чаловски,Раните будења на мајка ми,Утринум
upos_xpos_clash,Фиданче,фиданче,PROPN,,,,I,upos PROPN vs xpos I,Кочо Рацин,На Струга дуќан да имам,"кажи ми , кажи , Фиданче"
upos_xpos_clash,Хоризонту,хоризонту,PROPN,,,,Q-c,upos PROPN vs xpos Q-c,Бранко Цветкоски,СЕВЕРЕН ТАНЦ 5.(2),Хоризонту
upos_xpos_clash,цветнат,цветнат,PROPN,,,,Q-s,upos PROPN vs xpos Q-s,Гане Тодоровски,Гоце Делчев,а во дните нови на животот цветнат
upos_xpos_clash,цветни,цветни,NOUN,,,,Q-s,upos NOUN vs xpos Q-s,Славко Јаневски,Егејска песна - 2,скитало в градини цветни
upos_xpos_clash,цеделе,цеделе,VERB,,,,Y,upos VERB vs xpos Y,Веле Смилевски,Бекграунд на книгата,На зајдисонце ја цеделе
upos_xpos_clash,целов,целов,NOUN,,,,I,upos NOUN vs xpos I,Анте Поповски,Тие малечки нешта околу нас,Врз мојот допир и врз мојот целов
upos_xpos_clash,црцорат,црцорат,NOUN,,,,Q-s,upos NOUN vs xpos Q-s,Адем Гајтани,Пејсажот од мојот пат,но во дворот птиците црцорат
upos_xpos_clash,црцорат,црцорат,VERB,,,,I,upos VERB vs xpos I,Пијан Славеј,ЦРНО ПИЛЕ,тие му црцорат
upos_xpos_clash,цутни,цутни,ADV,,,,I,upos ADV vs xpos I,Славко Јаневски,Три неволји,"да седнеме под пупките цутни ,"
upos_xpos_clash,чевре,чевре,NOUN,,,,I,upos NOUN vs xpos I,Блаже Конески,Саат,тој да обрабувал едно онакво чевре
upos_xpos_clash,чедни,чедни,ADV,,,,Q-s,upos ADV vs xpos Q-s,Адем Гајтани,Еден од патиштата мои,и чедни
upos_xpos_clash,чембер,чембер,PROPN,,,,Q-s,upos PROPN vs xpos Q-s,Ристо Лазаров,ГРЕВ,среде чембер
upos_xpos_clash,чемрее,чемрее,VERB,,,,Q-s,upos VERB vs xpos Q-s,Бранко Цветкоски,ЧЕШМА ПОКРАЈ ПАТОТ 3.(6),Како да чемрее
upos_xpos_clash,шамарче,шамарче,NOUN,,,,I,upos NOUN vs xpos I,Пијан Славеј,ШАМАРЧЕ,Да ми удриш шамарче
upos_xpos_clash,шамарче,шамарче,NOUN,,,,I,upos NOUN vs xpos I,Пијан Славеј,ШАМАРЧЕ,Да ми удриш шамарче
upos_xpos_clash,шинат,шинат,NOUN,,,,Q-s,upos NOUN vs xpos Q-s,Влада Урошевиќ,Мистериите на Скопје,Во детска количка го носат самракот шинат
upos_xpos_clash,широчшште,широчшште,NOUN,,,,Q-s,upos NOUN vs xpos Q-s,Адем Гајтани,Архитектура,постојаио се испитуваат висината и широчшште
upos_xpos_clash,штο,штο,VERB,,,,Q-s,upos VERB vs xpos Q-s,Богомил Ѓузел,IX,назад кон родната птица штο можеби
upos_xpos_clash,штат,штат,PROPN,,,,Y,upos PROPN vs xpos Y,Кочо Рацин,Татунчо,в борба искри кај што л ’ штат
upos_xpos_clash,штедра,штедра,ADV,,,,I,upos ADV vs xpos I,Тодор Чаловски,Мраморани,мошно нѐ вика семката штедра
upos_xpos_clash,штипат,штипат,NOUN,,,,Q-s,upos NOUN vs xpos Q-s,Милош Линдро,Енох на третото небо II,Гризат и штипат
upos_xpos_clash,штрака,штрака,VERB,,,,I,upos VERB vs xpos I,Богомил Ѓузел,IX,и идиотот зашан спроти океанот што штрака
upos_xpos_clash,штрбав,штрбав,NOUN,,,,I,upos NOUN vs xpos I,Пијан Славеј,2. (Боксер),А јас таков штрбав
upos_xpos_clash,штурев,штурев,NOUN,,,,Q-s,upos NOUN vs xpos Q-s,Тодор Чаловски,Монолог на староседелецот,"А што без него , си реков , а што без тоа , си штурев"
upos_xpos_clash,шумо,шумо,NOUN,,,,I,upos NOUN vs xpos I,Игор Исаковски,Племе од двајца,"огнена моја , моја шумо"
upos_xpos_clash,шшшшшшштттт,шшшшшшштттт,PROPN,,,,Q-s,upos PROPN vs xpos Q-s,Катица Ќулавкова,"Скршени, набожни",шшшшшшштттт
upos_xpos_clash,ѕев,ѕев,NOUN,,,,I,upos NOUN vs xpos I,Бранко Цветкоски,МАРТОВСКИ СНЕГ,Троа подолг утрински ѕев
upos_xpos_clash,ѕенѕам,ѕенѕам,VERB,,,,I,upos VERB vs xpos I,Пијан Славеј,ЅЕНЅАР,само си ѕенѕам
upos_xpos_clash,ѕидој,ѕидој,NOUN,,,,Q-s,upos NOUN vs xpos Q-s,Славко Јаневски,Сватовска,Се сокриле бели ѕидој
upos_xpos_clash,ѕуни,ѕуни,VERB,,,,Q-s,upos VERB vs xpos Q-s,Блаже Конески,МОЛИТВА,"Ил црна мака , само да ѕуни"
upos_xpos_clash,јабанец,јабанец,PROPN,,,,I,upos PROPN vs xpos I,Кочо Рацин,Балада за непознатиот,"„ Ја стани , море јабанец"
upos_xpos_clash,јаганца,јаганца,NOUN,,,,I,upos NOUN vs xpos I,Кочо Рацин,На Струга дуќан да имам,В поле над млади јаганца
upos_xpos_clash,јад-бог,јад-бог,PROPN,,,,Q-s,upos PROPN vs xpos Q-s,Катица Ќулавкова,МРАВКИ,"зелен јад , јад-бог"
upos_xpos_clash,јадрина,јадрина,PROPN,,,,Q-s,upos PROPN vs xpos Q-s,Тодор Чаловски,Запис,јадрина
upos_xpos_clash,јазико,јазико,PROPN,,,,Q-s,upos PROPN vs xpos Q-s,Катица Ќулавкова,МРТОВ ЈАЗИК,ништо подлабоко во човека не пробива од јазико
upos_xpos_clash,јамазни,јамазни,ADV,,,,Q-s,upos ADV vs xpos Q-s,Ефтим Клетников,три мотиви од св. наум  - 2. на исто место,јамазни
upos_xpos_clash,јаор,јаор,NOUN,,,,I,upos NOUN vs xpos I,Блаже Конески,ДОЈРАН,На брег има сенчест јаор
upos_xpos_clash,јаре,јаре,NOUN,,,,I,upos NOUN vs xpos I,Катица Ќулавкова,Ода на македонскиот јазик,"Дојде ред да станеш , и ти , жртвено јаре"
upos_xpos_clash,јасник,јасник,NOUN,,,,Q-s,upos NOUN vs xpos Q-s,Бранко Цветкоски,ГЛАСНИК,На зборот – јасник
upos_xpos_clash,јачи,јачи,ADV,,,,I,upos ADV vs xpos I,Блаже Конески,ОХРИД,бучи и јачи
upos_xpos_clash,јунакова,јунакова,PROPN,,,,Y,upos PROPN vs xpos Y,Тодор Чаловски,Искра,игралита личба јунакова
upos_xpos_clash,јурна,јурна,VERB,,,,Q-c,upos VERB vs xpos Q-c,Пијан Славеј,ПОТРЕБНО Е ЧУДО ДА ВОСКРЕСНЕ ЧОВЕК,срцето повторно брзоплето јурна
upos_xpos_clash,јурне,јурне,VERB,,,,Q-s,upos VERB vs xpos Q-s,Тодор Чаловски,Загледан низ прозорецот,Голем си камен што сака да јурне
upos_xpos_clash,јуродивци,јуродивци,NOUN,,,,Q-s,upos NOUN vs xpos Q-s,Богомил Ѓузел,Пролет во апокалипса,ме следат јуродивци
upos_xpos_clash,Њутна,Њутна,PROPN,,,,Q-c,upos PROPN vs xpos Q-c,Адем Гајтани,Архитектура,гравитацијата не го познава Њутна
upos_xpos_clash,Њух,Њух,PROPN,,,,Y,upos PROPN vs xpos Y,Милош Линдро,Господ Еноху (II),На душата - Њух
upos_xpos_clash,џбарка,џбарка,NOUN,,,,I,upos NOUN vs xpos I,Бранко Цветкоски,СЕВЕРЕН ТАНЦ 8. (7),Зашилен пердув џбарка
upos_xpos_clash,−,−,NOUN,,,,I,upos NOUN vs xpos I,Ива Петреска,Млеко,од првиот здив − репетитивно .
upos_xpos_clash,−,−,ADV,,,,I,upos ADV vs xpos I,Ива Петреска,Смрдеа,− смрдат на кромид и на лоша ракија .
upos_xpos_clash,−,−,ADV,,,,I,upos ADV vs xpos I,Ива Петреска,Не сакав (перипетија),− но не кажав и потоа си заминавме .
upos_xpos_clash,,,PROPN,,,,Y,upos PROPN vs xpos Y,Ефтим Клетников,***,нас . среќаваме зборови . н 
